timestamp,fold,actual_rv,actual_var,rv_24h_state,target_rv_train_median,regime,pred_persistence,pred_ridge,pred_gbt,pred_mlp
2025-03-19 23:00:00+00:00,1,0.005575332378398898,3.108433112962311e-05,0.023553468634045817,0.0040202316810145034,medium,0.0059938627293892885,0.004288963883637838,0.004479143904803819,0.004984051
2025-03-19 23:05:00+00:00,1,0.007246432807228688,5.2510788429680244e-05,0.02366561143823684,0.0040202316810145034,medium,0.00638341038094786,0.004486923865320596,0.004351568272361373,0.0047792755
2025-03-19 23:10:00+00:00,1,0.007397196176213825,5.471851126939243e-05,0.023663981616622365,0.0040202316810145034,medium,0.006381114208968026,0.0042290171597027856,0.0046358910156109705,0.0044654575
2025-03-19 23:15:00+00:00,1,0.007634841559258513,5.8290805634980954e-05,0.02365328517966025,0.0040202316810145034,medium,0.006291160167984263,0.004304593262058354,0.004597349700153691,0.0047556697
2025-03-19 23:20:00+00:00,1,0.007758154903523693,6.0188967507068724e-05,0.023659167674202668,0.0040202316810145034,medium,0.0063402298181887695,0.0042365931886108685,0.0046358910156109705,0.0055675474
2025-03-19 23:25:00+00:00,1,0.00822325533298424,6.762192827145373e-05,0.023767749655985423,0.0040202316810145034,medium,0.006742820086873722,0.004293633541540298,0.0043992145394300295,0.00467588
2025-03-19 23:30:00+00:00,1,0.007266568825696208,5.280302249857996e-05,0.024064957288791794,0.0040202316810145034,medium,0.007765815201003961,0.006227683988601402,0.006263899505543911,0.0056790872
2025-03-19 23:35:00+00:00,1,0.007251618537666773,5.258597141583238e-05,0.024051145572475827,0.0040202316810145034,medium,0.007690317652119463,0.005540731499903422,0.006099750125941084,0.0063349544
2025-03-19 23:40:00+00:00,1,0.00840563428414062,7.065468771872018e-05,0.024036930864693384,0.0040202316810145034,medium,0.007697759378779284,0.005442367846731481,0.005872282396433664,0.005602576
2025-03-19 23:45:00+00:00,1,0.008437258960604259,7.118733876829686e-05,0.02404394972592112,0.0040202316810145034,medium,0.006235361963473446,0.005221051551975766,0.005203965520604686,0.0036989893
2025-03-19 23:50:00+00:00,1,0.008869585581295856,7.866954838393135e-05,0.024055455294253795,0.0040202316810145034,medium,0.006127727351662357,0.0050743405795194325,0.004548779030676213,0.0027827877
2025-03-19 23:55:00+00:00,1,0.00905301841438682,8.195714241122686e-05,0.024013228345364256,0.0040202316810145034,medium,0.005689479198898263,0.005037539835221236,0.004406100542487246,0.0012915266
2025-03-20 00:00:00+00:00,1,0.009317553543313312,8.681680403251044e-05,0.024004965506544396,0.0040202316810145034,medium,0.005575332378398898,0.005743016837641618,0.004942155162645886,0.0011595811
2025-03-20 00:05:00+00:00,1,0.007675067886454559,5.890666706168605e-05,0.02457120022286485,0.0040202316810145034,medium,0.007246432807228688,0.007326894739847617,0.005889224611043166,0.0021358472
2025-03-20 00:10:00+00:00,1,0.007996787092286715,6.394860379936342e-05,0.0246059239135535,0.0040202316810145034,medium,0.007397196176213825,0.005953036070511803,0.005509887288480414,0.0031932183
2025-03-20 00:15:00+00:00,1,0.0077505689189348295,6.0071318567158616e-05,0.024684926853931807,0.0040202316810145034,medium,0.007634841559258513,0.005199606995145741,0.004973815234747702,0.0028129974
2025-03-20 00:20:00+00:00,1,0.007642177101477769,5.8402870850351156e-05,0.02472244541492547,0.0040202316810145034,medium,0.007758154903523693,0.00554144990182396,0.0055642356944565355,0.003853891
2025-03-20 00:25:00+00:00,1,0.0067883118057888905,4.608117717261283e-05,0.02498907304083244,0.0040202316810145034,medium,0.00822325533298424,0.006479540845372108,0.006049980264658337,0.0029770155
2025-03-20 00:30:00+00:00,1,0.0067928857146634545,4.6143296332478834e-05,0.02496638391455049,0.0040202316810145034,medium,0.007266568825696208,0.0066341545377064885,0.005235071151977698,0.0037188572
2025-03-20 00:35:00+00:00,1,0.007167036183096004,5.1366407649807345e-05,0.024920905648223572,0.0040202316810145034,medium,0.007251618537666773,0.00683829899522235,0.005492761234037161,0.0037772404
2025-03-20 00:40:00+00:00,1,0.005909435524622961,3.492142821967585e-05,0.025288572699936913,0.0040202316810145034,medium,0.00840563428414062,0.007861391401460022,0.006068445327634322,0.0043042554
2025-03-20 00:45:00+00:00,1,0.0061321194916186626,3.7602889459489524e-05,0.02530102043839883,0.0040202316810145034,medium,0.008437258960604259,0.0073183124117207725,0.00598348129622171,0.0044261245
2025-03-20 00:50:00+00:00,1,0.0055711828455011535,3.1038078298006327e-05,0.025389828560796513,0.0040202316810145034,medium,0.008869585581295856,0.007833648080435528,0.006568408338988445,0.003068082
2025-03-20 00:55:00+00:00,1,0.005275783934933622,2.7833896128103688e-05,0.025456112218876333,0.0040202316810145034,medium,0.00905301841438682,0.006684072634675553,0.006088746818547358,0.004761138
2025-03-20 01:00:00+00:00,1,0.004739480278654467,2.2462673311754617e-05,0.025564038301047504,0.0040202316810145034,medium,0.009317553543313312,0.006084124092829391,0.005713978444359155,0.0041432837
2025-03-20 01:05:00+00:00,1,0.005229097443494484,2.734346007356054e-05,0.025544165628925995,0.0040202316810145034,medium,0.007675067886454559,0.007228195220460338,0.005702665211355006,0.0043056943
2025-03-20 01:10:00+00:00,1,0.004591206176081472,2.107917415128865e-05,0.025665706132953606,0.0040202316810145034,medium,0.007996787092286715,0.005623557082919519,0.006017755452280934,0.002975517
2025-03-20 01:15:00+00:00,1,0.004599324013397455,2.1153781380214474e-05,0.025652327846731025,0.0040202316810145034,medium,0.0077505689189348295,0.0051652402295253,0.005711354892916465,0.0033098855
2025-03-20 01:20:00+00:00,1,0.004510415168279459,2.0343844990245423e-05,0.025667709299318588,0.0040202316810145034,medium,0.007642177101477769,0.004612515413364341,0.004945181787901512,0.0049463357
2025-03-20 01:25:00+00:00,1,0.00444682526399305,1.9774254928486863e-05,0.02568912651618663,0.0040202316810145034,medium,0.0067883118057888905,0.004100246942057107,0.0048206996465378765,0.0049798037
2025-03-20 01:30:00+00:00,1,0.004450565110491963,1.980752980272834e-05,0.025691504223909024,0.0040202316810145034,medium,0.0067928857146634545,0.003840664903450778,0.004854662487838427,0.004499959
2025-03-20 01:35:00+00:00,1,0.0038420704876089,1.4761505631755288e-05,0.02578855492626195,0.0040202316810145034,medium,0.007167036183096004,0.005256406116370661,0.005503839199127186,0.004380251
2025-03-20 01:40:00+00:00,1,0.0037531930460116985,1.4086458040630571e-05,0.02582742802078256,0.0040202316810145034,medium,0.005909435524622961,0.004888529526176829,0.005281190321488087,0.0054983348
2025-03-20 01:45:00+00:00,1,0.0033403098655540456,1.1157669997917686e-05,0.02590063749115796,0.0040202316810145034,medium,0.0061321194916186626,0.005671397837647318,0.005582217103023712,0.0066012335
2025-03-20 01:50:00+00:00,1,0.0031453747711099917,9.893382450735234e-06,0.025919852874390983,0.0040202316810145034,medium,0.0055711828455011535,0.004889736391314945,0.00501614291747664,0.006651358
2025-03-20 01:55:00+00:00,1,0.0033908037685733286,1.1497550196971088e-05,0.02591447076438686,0.0040202316810145034,medium,0.005275783934933622,0.004252851728892887,0.004500314091625247,0.006114335
2025-03-20 02:00:00+00:00,1,0.0033846025093021747,1.1455534145974577e-05,0.025682576088095353,0.0040202316810145034,medium,0.004739480278654467,0.004369275813509265,0.004725052467166786,0.0070628533
2025-03-20 02:05:00+00:00,1,0.002652014735182884,7.033182155627142e-06,0.025767847238987406,0.0040202316810145034,medium,0.005229097443494484,0.004625257081438268,0.004948193421101963,0.005715213
2025-03-20 02:10:00+00:00,1,0.002781648323794917,7.737567397271071e-06,0.02578067880060128,0.0040202316810145034,medium,0.004591206176081472,0.004719941068610574,0.00480144176592417,0.0054888884
2025-03-20 02:15:00+00:00,1,0.003218979182670484,1.0361826978465937e-05,0.025779016960032188,0.0040202316810145034,medium,0.004599324013397455,0.0042893049829762185,0.0044589492144670225,0.0057489853
2025-03-20 02:20:00+00:00,1,0.0032237925016860387,1.0392838093927127e-05,0.025779081693563372,0.0040202316810145034,medium,0.004510415168279459,0.004075228903217185,0.0043149715542957195,0.0060847406
2025-03-20 02:25:00+00:00,1,0.0033199195265648136,1.1021865662866337e-05,0.025773673009092887,0.0040202316810145034,medium,0.00444682526399305,0.003827536302776927,0.004189646426033128,0.005810792
2025-03-20 02:30:00+00:00,1,0.003295619235907025,1.0861106148080402e-05,0.025776229207458416,0.0040202316810145034,medium,0.004450565110491963,0.003920668353873549,0.004198635596314633,0.0059613404
2025-03-20 02:35:00+00:00,1,0.0033249099605708273,1.10550262459031e-05,0.025780485948686444,0.0040202316810145034,medium,0.0038420704876089,0.003571078255772115,0.003844939402111065,0.005781904
2025-03-20 02:40:00+00:00,1,0.00318109113912683,1.0119340835431233e-05,0.02578170805312982,0.0040202316810145034,medium,0.0037531930460116985,0.004153626246503874,0.004189409713873644,0.005277261
2025-03-20 02:45:00+00:00,1,0.003186049149358216,1.0150909182126213e-05,0.025797559695487565,0.0040202316810145034,medium,0.0033403098655540456,0.00406936997561718,0.0040281120640218845,0.004909287
2025-03-20 02:50:00+00:00,1,0.003153006910266051,9.941452576185472e-06,0.02579635148170526,0.0040202316810145034,medium,0.0031453747711099917,0.003893836645121386,0.004027443755533724,0.004672457
2025-03-20 02:55:00+00:00,1,0.003105472637757818,9.6439603038625e-06,0.02582929335099397,0.0040202316810145034,medium,0.0033908037685733286,0.0038895298675708473,0.003942277397932786,0.004800114
2025-03-20 03:00:00+00:00,1,0.003110091203996546,9.672667297176686e-06,0.025821895293589595,0.0040202316810145034,medium,0.0033846025093021747,0.003630954954977431,0.00402263210054913,0.0045954525
2025-03-20 03:05:00+00:00,1,0.003068475841360983,9.41554398901599e-06,0.025812586111493795,0.0040202316810145034,medium,0.002652014735182884,0.0032441568955118285,0.0038874244330177076,0.0026001823
2025-03-20 03:10:00+00:00,1,0.0029044667918873153,8.435927345176194e-06,0.025844244994746936,0.0040202316810145034,medium,0.002781648323794917,0.0030345234316536992,0.0036109721906793127,0.0023402814
2025-03-20 03:15:00+00:00,1,0.0024280713143255456,5.895530307450581e-06,0.025896745986223223,0.0040202316810145034,medium,0.003218979182670484,0.0032065996622554008,0.003803623304363123,0.0030132483
2025-03-20 03:20:00+00:00,1,0.002453740365341513,6.020841780506302e-06,0.025891592821767232,0.0040202316810145034,medium,0.0032237925016860387,0.003244521714202665,0.0039745840542311705,0.0033729712
2025-03-20 03:25:00+00:00,1,0.0023108767321438463,5.340151271163821e-06,0.025878379554869657,0.0040202316810145034,medium,0.0033199195265648136,0.0033396522485960433,0.004048300924501497,0.0034514032
2025-03-20 03:30:00+00:00,1,0.002515831108232625,6.329406165150998e-06,0.02587778846564616,0.0040202316810145034,medium,0.003295619235907025,0.003170923646776649,0.0038150688292860322,0.0034949325
2025-03-20 03:35:00+00:00,1,0.0025323335784178023,6.412713352382311e-06,0.025841177521830315,0.0040202316810145034,medium,0.0033249099605708273,0.003284749189847155,0.003756762769541758,0.003169432
2025-03-20 03:40:00+00:00,1,0.002668265141435317,7.119638864998832e-06,0.025847949018538725,0.0040202316810145034,medium,0.00318109113912683,0.0028160128470331516,0.0034430994489436807,0.0032593661
2025-03-20 03:45:00+00:00,1,0.0026417697813957202,6.978947577895591e-06,0.02586431190789965,0.0040202316810145034,medium,0.003186049149358216,0.0028919656859842124,0.0035651913258067302,0.0038014166
2025-03-20 03:50:00+00:00,1,0.0028017520795753812,7.849814715404973e-06,0.02585382860179748,0.0040202316810145034,medium,0.003153006910266051,0.00290742926481048,0.00337415875814226,0.0043344535
2025-03-20 03:55:00+00:00,1,0.0025305861778710205,6.40386640363186e-06,0.025828124110028047,0.0040202316810145034,medium,0.003105472637757818,0.003540821555537008,0.0037726726965709584,0.00461497
2025-03-20 04:00:00+00:00,1,0.002550796394034363,6.506562243818709e-06,0.025825435343535645,0.0040202316810145034,medium,0.003110091203996546,0.002876403436593074,0.0033696501352830526,0.0042957542
2025-03-20 04:05:00+00:00,1,0.002504547195867474,6.272756656327627e-06,0.025814123968496888,0.0040202316810145034,medium,0.003068475841360983,0.002972379405890098,0.0033762000415274492,0.0040037017
2025-03-20 04:10:00+00:00,1,0.0024272504034385757,5.8915445209927285e-06,0.025822508780299812,0.0040202316810145034,medium,0.0029044667918873153,0.002922546750791348,0.0034312545532027136,0.0041292408
2025-03-20 04:15:00+00:00,1,0.002390328598035978,5.713670806588645e-06,0.02582664999609367,0.0040202316810145034,medium,0.0024280713143255456,0.0032218943151960536,0.003520650596676027,0.0044879247
2025-03-20 04:20:00+00:00,1,0.0026626593074507133,7.089754587553913e-06,0.025830356693782766,0.0040202316810145034,medium,0.002453740365341513,0.003288723032126653,0.0035640841836963523,0.0039365604
2025-03-20 04:25:00+00:00,1,0.0025836655523021213,6.675327686152625e-06,0.02583966564715932,0.0040202316810145034,medium,0.0023108767321438463,0.0032316308719204426,0.0033203721987273573,0.0034723645
2025-03-20 04:30:00+00:00,1,0.0024447734472356065,5.976917208308272e-06,0.025839380809130785,0.0040202316810145034,medium,0.002515831108232625,0.003081040669954642,0.0034275051816050326,0.004158461
2025-03-20 04:35:00+00:00,1,0.002487479325063017,6.187553392615963e-06,0.025848899290504494,0.0040202316810145034,medium,0.0025323335784178023,0.003575622868569762,0.0036832580216161794,0.004817185
2025-03-20 04:40:00+00:00,1,0.002325427303963054,5.4076121460168775e-06,0.02582822646637246,0.0040202316810145034,medium,0.002668265141435317,0.004125046960315231,0.0038664191167902943,0.005267348
2025-03-20 04:45:00+00:00,1,0.002153763492425937,4.63869718130677e-06,0.025842325917670862,0.0040202316810145034,medium,0.0026417697813957202,0.0038217888302125155,0.0035264593794923534,0.004973287
2025-03-20 04:50:00+00:00,1,0.002402867531249412,5.773772372732644e-06,0.025858984403729638,0.0040202316810145034,medium,0.0028017520795753812,0.004063220114403309,0.003942336130430967,0.004959022
2025-03-20 04:55:00+00:00,1,0.0024808840980753218,6.154785908083003e-06,0.02586088888100791,0.0040202316810145034,medium,0.0025305861778710205,0.0033292032135638023,0.003752961810896875,0.0044931644
2025-03-20 05:00:00+00:00,1,0.0024606367779142304,6.054733352824126e-06,0.025864920033762947,0.0040202316810145034,medium,0.002550796394034363,0.0030832805159671764,0.0033702460453403937,0.004327267
2025-03-20 05:05:00+00:00,1,0.0025019486596917556,6.259747095733371e-06,0.02586508476281597,0.0040202316810145034,medium,0.002504547195867474,0.0029335245379551855,0.0033193575080989,0.004435288
2025-03-20 05:10:00+00:00,1,0.0024739265050820777,6.120312352547623e-06,0.025869266959433073,0.0040202316810145034,medium,0.0024272504034385757,0.002974744558701942,0.0032951182880029276,0.003931548
2025-03-20 05:15:00+00:00,1,0.002523275513857996,6.366919318835333e-06,0.02585034383629034,0.0040202316810145034,medium,0.002390328598035978,0.0027229858415649733,0.0032300062128687657,0.0040435586
2025-03-20 05:20:00+00:00,1,0.0022859851295826137,5.225728012672838e-06,0.025857418861331614,0.0040202316810145034,medium,0.0026626593074507133,0.0029873460644421123,0.003090690026274763,0.0041061193
2025-03-20 05:25:00+00:00,1,0.002358625238955964,5.563113017840078e-06,0.02585527080581986,0.0040202316810145034,medium,0.0025836655523021213,0.003147951229301447,0.003264589871459844,0.004165957
2025-03-20 05:30:00+00:00,1,0.0025092673313979884,6.2964225404211825e-06,0.02586073466834875,0.0040202316810145034,medium,0.0024447734472356065,0.0029766466828806625,0.0031219027157485366,0.0034125207
2025-03-20 05:35:00+00:00,1,0.0025121801160376774,6.311048935415079e-06,0.025855969367170554,0.0040202316810145034,medium,0.002487479325063017,0.003209197238526892,0.003303308223850303,0.00336151
2025-03-20 05:40:00+00:00,1,0.0025356869617918667,6.429708368201268e-06,0.02584430915211029,0.0040202316810145034,medium,0.002325427303963054,0.002734925574402655,0.0030175467120926755,0.00282877
2025-03-20 05:45:00+00:00,1,0.002544883667419036,6.476432880696161e-06,0.02583964834041705,0.0040202316810145034,medium,0.002153763492425937,0.0031852838619837623,0.003255199648901932,0.0033897331
2025-03-20 05:50:00+00:00,1,0.0021858029726150342,4.777734635092721e-06,0.0258787378172103,0.0040202316810145034,medium,0.002402867531249412,0.003472508235911737,0.00312542090080866,0.003439138
2025-03-20 05:55:00+00:00,1,0.0020769701559974468,4.313805028904059e-06,0.025849853466214972,0.0040202316810145034,medium,0.0024808840980753218,0.003143112358106056,0.0031862355276513466,0.003262672
2025-03-20 06:00:00+00:00,1,0.002064520373817144,4.26224437390608e-06,0.02584831901981951,0.0040202316810145034,medium,0.0024606367779142304,0.002967675486703055,0.003433426892682964,0.0032308158
2025-03-20 06:05:00+00:00,1,0.002011276478298645,4.0452330721573986e-06,0.02584469810429139,0.0040202316810145034,medium,0.0025019486596917556,0.002980536429078481,0.0034337598964715257,0.0029199917
2025-03-20 06:10:00+00:00,1,0.002220386983011547,4.930118354327121e-06,0.025847942821200107,0.0040202316810145034,medium,0.0024739265050820777,0.002921732514447065,0.0034748323024766437,0.002851673
2025-03-20 06:15:00+00:00,1,0.0025540314299382014,6.523076545112173e-06,0.02583234022156847,0.0040202316810145034,medium,0.002523275513857996,0.0030841833789822465,0.0034750899896749607,0.0029142913
2025-03-20 06:20:00+00:00,1,0.0026994359484466194,7.286954439765899e-06,0.025837888048956332,0.0040202316810145034,medium,0.0022859851295826137,0.0028744103351659965,0.0032369405917893434,0.0025341834
2025-03-20 06:25:00+00:00,1,0.0026440026119900163,6.990749812210029e-06,0.025823083407385275,0.0040202316810145034,medium,0.002358625238955964,0.0029202852156995874,0.0034405709960943073,0.0029708794
2025-03-20 06:30:00+00:00,1,0.0024442026458561597,5.974126574010251e-06,0.025838183439193387,0.0040202316810145034,medium,0.0025092673313979884,0.002666258490842206,0.0031201036919651444,0.0027631482
2025-03-20 06:35:00+00:00,1,0.002330843725454977,5.432832472492835e-06,0.025849090909169842,0.0040202316810145034,medium,0.0025121801160376774,0.0027489805700347944,0.0028525254635053425,0.002388609
2025-03-20 06:40:00+00:00,1,0.002394679814650419,5.734491414694166e-06,0.025857722137549114,0.0040202316810145034,medium,0.0025356869617918667,0.0030780631405463786,0.0030251538411056916,0.002237179
2025-03-20 06:45:00+00:00,1,0.002395948701098345,5.740570178294847e-06,0.02584973389958345,0.0040202316810145034,medium,0.002544883667419036,0.0034536294324760686,0.0032780601803702523,0.003500887
2025-03-20 06:50:00+00:00,1,0.0024577502124555027,6.040536106825069e-06,0.025856211125768663,0.0040202316810145034,medium,0.0021858029726150342,0.0029619935180952668,0.003361354991041913,0.0033451652
2025-03-20 06:55:00+00:00,1,0.002485445002979193,6.177436862834241e-06,0.025848325058504568,0.0040202316810145034,medium,0.0020769701559974468,0.002584573132861451,0.0030112624242601134,0.0031064155
2025-03-20 07:00:00+00:00,1,0.002475900541464639,6.130083491224892e-06,0.02584725870718647,0.0040202316810145034,medium,0.002064520373817144,0.002613368884366345,0.0028193633394136878,0.0014590139
2025-03-20 07:05:00+00:00,1,0.0024986569874972477,6.2432867411688205e-06,0.025846348018812134,0.0040202316810145034,medium,0.002011276478298645,0.003030189057579182,0.0031824221421111257,0.0027904492
2025-03-20 07:10:00+00:00,1,0.0026701318648985695,7.129604175946713e-06,0.02586252091291584,0.0040202316810145034,medium,0.002220386983011547,0.00264642954076952,0.002932696973729688,0.00274003
2025-03-20 07:15:00+00:00,1,0.0023922439164175587,5.722830955636819e-06,0.02589887702983899,0.0040202316810145034,medium,0.0025540314299382014,0.0029573821819740137,0.0029076692394824064,0.0027993184
2025-03-20 07:20:00+00:00,1,0.0023764702293861684,5.647610751158748e-06,0.02591775277270735,0.0040202316810145034,medium,0.0026994359484466194,0.002793935703753594,0.0029427329075321813,0.0033901727
2025-03-20 07:25:00+00:00,1,0.0024542134961501355,6.023163884685472e-06,0.025894454436446248,0.0040202316810145034,medium,0.0026440026119900163,0.0026018124233841587,0.0027022717098446696,0.0031573134
2025-03-20 07:30:00+00:00,1,0.002458620595897591,6.044815234571827e-06,0.02589217733785695,0.0040202316810145034,medium,0.0024442026458561597,0.002632544551901369,0.0027358659065161587,0.0025845182
2025-03-20 07:35:00+00:00,1,0.0024520382588761047,6.012491622992159e-06,0.02589433380601316,0.0040202316810145034,medium,0.002330843725454977,0.002502704447393544,0.002663209460859464,0.003000831
2025-03-20 07:40:00+00:00,1,0.002643350238728737,6.9873004845872704e-06,0.025881511487114862,0.0040202316810145034,medium,0.002394679814650419,0.0026095779647097453,0.002730299674418966,0.0029350736
2025-03-20 07:45:00+00:00,1,0.002665034844051155,7.102410720006765e-06,0.025882688703753168,0.0040202316810145034,medium,0.002395948701098345,0.0026182084776577193,0.0027097396988822542,0.0029602866
2025-03-20 07:50:00+00:00,1,0.0035277464067701935,1.2444994710480012e-05,0.0258949989209134,0.0040202316810145034,medium,0.0024577502124555027,0.0024657433549494976,0.0027210212222461656,0.002781104
2025-03-20 07:55:00+00:00,1,0.0035237347411847166,1.2416706526232121e-05,0.025898202682139788,0.0040202316810145034,medium,0.002485445002979193,0.00265117932769699,0.0027143139217683755,0.002494578
2025-03-20 08:00:00+00:00,1,0.0035986636365243335,1.2950379968842541e-05,0.025897528724775156,0.0040202316810145034,medium,0.002475900541464639,0.0032715806550814098,0.0031770647666554174,0.0037673994
2025-03-20 08:05:00+00:00,1,0.003593131396261517,1.291059323080024e-05,0.025895096979585162,0.0040202316810145034,medium,0.0024986569874972477,0.0032833155471317034,0.0027317967271031887,0.0031055121
2025-03-20 08:10:00+00:00,1,0.0033248672858886127,1.105474246877231e-05,0.025904870953829148,0.0040202316810145034,medium,0.0026701318648985695,0.0032752171098530715,0.002629505437899199,0.0026753603
2025-03-20 08:15:00+00:00,1,0.0032963263951736963,1.0865767703518815e-05,0.025911376182325686,0.0040202316810145034,medium,0.0023922439164175587,0.002906716301457886,0.0026313168085853244,0.003258673
2025-03-20 08:20:00+00:00,1,0.0032206554170983483,1.0372621315684934e-05,0.025926898710350657,0.0040202316810145034,medium,0.0023764702293861684,0.0029782273954681486,0.0026529277082861396,0.0032250115
2025-03-20 08:25:00+00:00,1,0.0031463534643258206,9.899540122475093e-06,0.025935773946676524,0.0040202316810145034,medium,0.0024542134961501355,0.0032008017341001583,0.0028650260442513896,0.0038132863
2025-03-20 08:30:00+00:00,1,0.0033159588391424573,1.0995583022886993e-05,0.025917710729150494,0.0040202316810145034,medium,0.002458620595897591,0.0033243022389768525,0.002767370990320397,0.0040110336
2025-03-20 08:35:00+00:00,1,0.0032941756373531753,1.0851593129731199e-05,0.025920567312359446,0.0040202316810145034,medium,0.0024520382588761047,0.0031383165037955634,0.0027307610126724945,0.004154624
2025-03-20 08:40:00+00:00,1,0.0030955033285422376,9.582140857016073e-06,0.025953961340713358,0.0040202316810145034,medium,0.002643350238728737,0.0033394414546051424,0.0027851467715758775,0.0029220907
2025-03-20 08:45:00+00:00,1,0.0030690244840477486,9.41891128368455e-06,0.025957302380524624,0.0040202316810145034,medium,0.002665034844051155,0.0034267653670778317,0.0029402196897097524,0.0040550414
2025-03-20 08:50:00+00:00,1,0.0019339742578330398,3.740256429960857e-06,0.02605814449416533,0.0040202316810145034,medium,0.0035277464067701935,0.004446814718556552,0.003272031011422687,0.004345119
2025-03-20 08:55:00+00:00,1,0.002231412289147714,4.97920080415944e-06,0.026058787698463957,0.0040202316810145034,medium,0.0035237347411847166,0.00421869113256076,0.0034094624879043205,0.004449247
2025-03-20 09:00:00+00:00,1,0.0021072529023951707,4.44051479465287e-06,0.026065622618347634,0.0040202316810145034,medium,0.0035986636365243335,0.003398756535399449,0.003218432675472101,0.00429157
2025-03-20 09:05:00+00:00,1,0.002147576976286997,4.612086869078001e-06,0.026064174387138983,0.0040202316810145034,medium,0.003593131396261517,0.003225022885816414,0.0031685882513032074,0.0032769493
2025-03-20 09:10:00+00:00,1,0.0021712474747912856,4.714315596787534e-06,0.02603386077557188,0.0040202316810145034,medium,0.0033248672858886127,0.003196479193141867,0.00300090231922436,0.0033562647
2025-03-20 09:15:00+00:00,1,0.0035131706153685217,1.2342367772688837e-05,0.026031376617830813,0.0040202316810145034,medium,0.0032963263951736963,0.0032287736699665144,0.0028153358749947186,0.0026386734
2025-03-20 09:20:00+00:00,1,0.006410023860442601,4.1088405891443466e-05,0.026035306672350763,0.0040202316810145034,medium,0.0032206554170983483,0.003113751164987058,0.002900883386711054,0.0027096136
2025-03-20 09:25:00+00:00,1,0.006822846281212852,4.6551231377060044e-05,0.026033407568667625,0.0040202316810145034,medium,0.0031463534643258206,0.0028049841643737992,0.0027763812727544124,0.0026998904
2025-03-20 09:30:00+00:00,1,0.006764155323876821,4.575379724553114e-05,0.026051697230145502,0.0040202316810145034,medium,0.0033159588391424573,0.0029939032875577706,0.002940581238897091,0.0030719351
2025-03-20 09:35:00+00:00,1,0.006805244937523693,4.631135865969184e-05,0.02604608392748626,0.0040202316810145034,medium,0.0032941756373531753,0.0030824746129922815,0.0030346418699647723,0.0035332576
2025-03-20 09:40:00+00:00,1,0.006837180984788851,4.6747043818758245e-05,0.026049978832696108,0.0040202316810145034,medium,0.0030955033285422376,0.0030432482163587336,0.0030646996998396443,0.0037981444
2025-03-20 09:45:00+00:00,1,0.006909625165539007,4.7742919928249955e-05,0.02601083989168934,0.0040202316810145034,medium,0.0030690244840477486,0.0025003524752760125,0.002792952394332261,0.0033002312
2025-03-20 09:50:00+00:00,1,0.006893955188067531,4.752661813508323e-05,0.02601439284968136,0.0040202316810145034,medium,0.0019339742578330398,0.002605293981984414,0.002828793151199862,0.0030706697
2025-03-20 09:55:00+00:00,1,0.0068519767989512195,4.69495860533658e-05,0.026039910127724684,0.0040202316810145034,medium,0.002231412289147714,0.0028558657232329817,0.0030796140027495645,0.0028935391
2025-03-20 10:00:00+00:00,1,0.006858510955490264,4.703917252657997e-05,0.026032971413786837,0.0040202316810145034,medium,0.0021072529023951707,0.0030642893711781355,0.003225082632561391,0.0033852798
2025-03-20 10:05:00+00:00,1,0.006929602947182784,4.8019397005604324e-05,0.02599418493765991,0.0040202316810145034,medium,0.002147576976286997,0.002775451497157998,0.0031088410501069657,0.0031282455
2025-03-20 10:10:00+00:00,1,0.006914802173047078,4.781448909237659e-05,0.02595537378942951,0.0040202316810145034,medium,0.0021712474747912856,0.003031207482346442,0.003086143497783335,0.003021762
2025-03-20 10:15:00+00:00,1,0.0063230659256813615,3.99811627005127e-05,0.026102264088905737,0.0040202316810145034,medium,0.0035131706153685217,0.004012547366039055,0.0034742483078663397,0.0031680858
2025-03-20 10:20:00+00:00,1,0.003335019224772907,1.1122353229604882e-05,0.026650379634848207,0.0040202316810145034,medium,0.006410023860442601,0.005664856097542976,0.005444122671205291,0.004468627
2025-03-20 10:25:00+00:00,1,0.0025335937038331495,6.419097056102977e-06,0.026751709607795028,0.0040202316810145034,medium,0.006822846281212852,0.006568813314880938,0.006264658598547475,0.005135587
2025-03-20 10:30:00+00:00,1,0.0025901863532521575,6.709065344573711e-06,0.02675698820848928,0.0040202316810145034,medium,0.006764155323876821,0.0049948993582291535,0.0056711199242344655,0.0055153584
2025-03-20 10:35:00+00:00,1,0.0027309765071007216,7.458232682336058e-06,0.02663116582681756,0.0040202316810145034,medium,0.006805244937523693,0.004695743245450336,0.0055646433562220885,0.005778172
2025-03-20 10:40:00+00:00,1,0.0026560437343413307,7.054568318733842e-06,0.026560798208961553,0.0040202316810145034,medium,0.006837180984788851,0.004926744162775033,0.005251559211636854,0.005289833
2025-03-20 10:45:00+00:00,1,0.002502965457031754,6.264836079094176e-06,0.02657869406998599,0.0040202316810145034,medium,0.006909625165539007,0.004174568822589723,0.005165652054627644,0.0061880695
2025-03-20 10:50:00+00:00,1,0.0024871018138974627,6.1856754326920485e-06,0.026580130541266057,0.0040202316810145034,medium,0.006893955188067531,0.00367698556335647,0.004598961247313292,0.0047289906
2025-03-20 10:55:00+00:00,1,0.002342607708128166,5.487810874181498e-06,0.02659460555599941,0.0040202316810145034,medium,0.0068519767989512195,0.00402013572904507,0.004592714191708301,0.005687467
2025-03-20 11:00:00+00:00,1,0.002327131787937211,5.415542358427841e-06,0.026574624196875625,0.0040202316810145034,medium,0.006858510955490264,0.003812770491186859,0.004393925217583572,0.0055572535
2025-03-20 11:05:00+00:00,1,0.0026021986190560517,6.771437653017222e-06,0.026581888271352043,0.0040202316810145034,medium,0.006929602947182784,0.003945337687943745,0.004679701574497755,0.0056702066
2025-03-20 11:10:00+00:00,1,0.0026168718095885245,6.84801806781912e-06,0.02655059185179467,0.0040202316810145034,medium,0.006914802173047078,0.003781158002810857,0.004590706006964025,0.0059544714
2025-03-20 11:15:00+00:00,1,0.0026087283621220978,6.805463667340243e-06,0.02646053895112184,0.0040202316810145034,medium,0.0063230659256813615,0.003778574328694681,0.0045153428416855,0.006197327
2025-03-20 11:20:00+00:00,1,0.0027418243512491247,7.517600773102684e-06,0.026424148556392704,0.0040202316810145034,medium,0.003335019224772907,0.003228328949922196,0.0039051052598537152,0.0046944856
2025-03-20 11:25:00+00:00,1,0.002597735326405604,6.74822882605563e-06,0.02643459716164981,0.0040202316810145034,medium,0.0025335937038331495,0.003238756607380478,0.00362285615658407,0.0039491626
2025-03-20 11:30:00+00:00,1,0.0028744747485038827,8.26260507978646e-06,0.026426440550231023,0.0040202316810145034,medium,0.0025901863532521575,0.0030398535849496472,0.003430377833648568,0.0036945718
2025-03-20 11:35:00+00:00,1,0.002645051626757693,6.996298108213517e-06,0.02641683269332465,0.0040202316810145034,medium,0.0027309765071007216,0.0031707828980565823,0.003574698079631307,0.00408637
2025-03-20 11:40:00+00:00,1,0.002595237221923802,6.7352562380587735e-06,0.026366245076584995,0.0040202316810145034,medium,0.0026560437343413307,0.003349438842453552,0.0037087174437688045,0.0030517143
2025-03-20 11:45:00+00:00,1,0.0026092666778207716,6.808272595985847e-06,0.0263686383160435,0.0040202316810145034,medium,0.002502965457031754,0.0029569662584080438,0.003492267814935175,0.0034829841
2025-03-20 11:50:00+00:00,1,0.0026217643283568894,6.873648193444652e-06,0.026331985814744326,0.0040202316810145034,medium,0.0024871018138974627,0.0031357331852842505,0.0033953478667784966,0.0031683457
2025-03-20 11:55:00+00:00,1,0.0025994639199824203,6.7572126712903716e-06,0.02633311114342231,0.0040202316810145034,medium,0.002342607708128166,0.002828272323039597,0.0033149822552899083,0.0030793678
2025-03-20 12:00:00+00:00,1,0.0027437046659776507,7.527915294107532e-06,0.026332667579861108,0.0040202316810145034,medium,0.002327131787937211,0.002666772033884598,0.0029672152423913943,0.0030235825
2025-03-20 12:05:00+00:00,1,0.0023739604963583312,5.635688438269893e-06,0.0263275924910275,0.0040202316810145034,medium,0.0026021986190560517,0.0030242476367034962,0.003440835091266147,0.0029006882
2025-03-20 12:10:00+00:00,1,0.002466827459355938,6.085237714232471e-06,0.02632918663278507,0.0040202316810145034,medium,0.0026168718095885245,0.0030737406792897917,0.003454489657734405,0.0032031385
2025-03-20 12:15:00+00:00,1,0.002651759940941822,7.0318307843837746e-06,0.026328076184958495,0.0040202316810145034,medium,0.0026087283621220978,0.002768108238457406,0.003246813391582784,0.0031495036
2025-03-20 12:20:00+00:00,1,0.002448449385031601,5.994904391061624e-06,0.02634309567599514,0.0040202316810145034,medium,0.0027418243512491247,0.0031490545814719193,0.003361004524234666,0.0025793228
2025-03-20 12:25:00+00:00,1,0.0034849185207781507,1.2144657096462573e-05,0.02632701356412906,0.0040202316810145034,medium,0.002597735326405604,0.003211188987070756,0.0036271695022520906,0.0032217344
2025-03-20 12:30:00+00:00,1,0.003169409551026433,1.0045156902137576e-05,0.02636586263033898,0.0040202316810145034,medium,0.0028744747485038827,0.0031440291363632185,0.0037037426507297824,0.0028390414
2025-03-20 12:35:00+00:00,1,0.003730485879810146,1.3916524899462881e-05,0.026351792060018718,0.0040202316810145034,medium,0.002645051626757693,0.0032602503933541324,0.004139385390499027,0.0035950267
2025-03-20 12:40:00+00:00,1,0.004484523597938041,2.011095190046315e-05,0.026291888205212142,0.0040202316810145034,medium,0.002595237221923802,0.0030702920363332785,0.0036821284916226174,0.0028136265
2025-03-20 12:45:00+00:00,1,0.004545915900230143,2.066535137196523e-05,0.02627379312807181,0.0040202316810145034,medium,0.0026092666778207716,0.003674618823256098,0.003883218410250171,0.0025445775
2025-03-20 12:50:00+00:00,1,0.004728955769320388,2.2363022668188577e-05,0.02626153923493046,0.0040202316810145034,medium,0.0026217643283568894,0.0035737697722021395,0.003975548984129323,0.0033443694
2025-03-20 12:55:00+00:00,1,0.005492163373288654,3.016385851889341e-05,0.02626079386719379,0.0040202316810145034,medium,0.0025994639199824203,0.0030448320781628563,0.003465972552834697,0.004202479
2025-03-20 13:00:00+00:00,1,0.0054231247500526845,2.9410282054633994e-05,0.026230957913638747,0.0040202316810145034,medium,0.0027437046659776507,0.002886130343719536,0.003870472881676755,0.0038169902
2025-03-20 13:05:00+00:00,1,0.006702993650657062,4.4930123880748885e-05,0.026242563743344174,0.0040202316810145034,medium,0.0023739604963583312,0.0029058311615784787,0.003653624518070396,0.0043355594
2025-03-20 13:10:00+00:00,1,0.007038757074626718,4.9544101155607665e-05,0.02620410555468513,0.0040202316810145034,medium,0.002466827459355938,0.0034118939312950515,0.004109286608982339,0.0037715568
2025-03-20 13:15:00+00:00,1,0.006991580080429181,4.888219202105412e-05,0.026211047649814325,0.0040202316810145034,medium,0.002651759940941822,0.0030236844029557525,0.003696484836675553,0.0046479953
2025-03-20 13:20:00+00:00,1,0.007924060359104068,6.279073257472447e-05,0.025839765955809422,0.0040202316810145034,medium,0.002448449385031601,0.0028421912378829815,0.0032715631040931,0.004150169
2025-03-20 13:25:00+00:00,1,0.007546582250247041,5.695090365974368e-05,0.02570727134241339,0.0040202316810145034,medium,0.0034849185207781507,0.003919342818649132,0.0042619530053088234,0.005088968
2025-03-20 13:30:00+00:00,1,0.007553918052371816,5.706167794194881e-05,0.02570122319107966,0.0040202316810145034,medium,0.003169409551026433,0.003921851944168846,0.004200996972445852,0.0045491187
2025-03-20 13:35:00+00:00,1,0.007770007049189996,6.0373009544462225e-05,0.025614139655045658,0.0040202316810145034,medium,0.003730485879810146,0.00421390530271227,0.004321117777584378,0.0057348246
2025-03-20 13:40:00+00:00,1,0.007479584149669515,5.5944179051987435e-05,0.025694867218656155,0.0040202316810145034,medium,0.004484523597938041,0.004008496012459127,0.004598800263601445,0.008182246
2025-03-20 13:45:00+00:00,1,0.0074228174998320256,5.509821963581257e-05,0.02566938360960379,0.0040202316810145034,medium,0.004545915900230143,0.004971451479890859,0.004944500769068199,0.0072526024
2025-03-20 13:50:00+00:00,1,0.007306211845600156,5.338073153278804e-05,0.025538061243858483,0.0040202316810145034,medium,0.004728955769320388,0.00482888732733968,0.004967435045188343,0.005944502
2025-03-20 13:55:00+00:00,1,0.007476126910459503,5.589247358129676e-05,0.02567610397136765,0.0040202316810145034,medium,0.005492163373288654,0.004705027935518718,0.004953891782294763,0.004427406
2025-03-20 14:00:00+00:00,1,0.007800607792853019,6.0849481937919246e-05,0.025593091668232055,0.0040202316810145034,medium,0.0054231247500526845,0.004463984912979857,0.004816859489293521,0.0048153545
2025-03-20 14:05:00+00:00,1,0.009735657325545056,9.478302356043911e-05,0.02570212830476221,0.0040202316810145034,medium,0.006702993650657062,0.005580747746107156,0.005134283972183177,0.0067866207
2025-03-20 14:10:00+00:00,1,0.010318468804668995,0.00010647079847292722,0.025791083478892175,0.0040202316810145034,medium,0.007038757074626718,0.005331486289668386,0.005933593197435666,0.0067737373
2025-03-20 14:15:00+00:00,1,0.010320556528859985,0.00010651388706539448,0.02569050607329766,0.0040202316810145034,medium,0.006991580080429181,0.005123371152523082,0.005993889544806117,0.0061605303
2025-03-20 14:20:00+00:00,1,0.010156750888690476,0.00010315958861491479,0.025860006442419092,0.0040202316810145034,medium,0.007924060359104068,0.006051462975205465,0.007027951742797979,0.006684173
2025-03-20 14:25:00+00:00,1,0.010162721689447199,0.00010328091213716052,0.025797126935632693,0.0040202316810145034,medium,0.007546582250247041,0.004845673421649176,0.005757049749290284,0.003968319
2025-03-20 14:30:00+00:00,1,0.010170654825771092,0.00010344221958498078,0.025704623040464298,0.0040202316810145034,medium,0.007553918052371816,0.005464293028941685,0.006159818920139098,0.0048713125
2025-03-20 14:35:00+00:00,1,0.010547683359133855,0.00011125362424454923,0.02583358402848145,0.0040202316810145034,medium,0.007770007049189996,0.004837768911335169,0.006131756495296342,0.0048290845
2025-03-20 14:40:00+00:00,1,0.011556896077200517,0.0001335618469392127,0.025808064467444533,0.0040202316810145034,medium,0.007479584149669515,0.005120970874213567,0.005972063115999061,0.005563179
2025-03-20 14:45:00+00:00,1,0.011631161566823665,0.00013528391939355593,0.025806110530756744,0.0040202316810145034,medium,0.0074228174998320256,0.004267454452953656,0.004934921901649178,0.006160671
2025-03-20 14:50:00+00:00,1,0.011655358508412723,0.00013584738195962886,0.0258063311147823,0.0040202316810145034,medium,0.007306211845600156,0.004294724253536463,0.005160586009916975,0.0059474
2025-03-20 14:55:00+00:00,1,0.011869234676697244,0.00014087873181051232,0.02600394067002043,0.0040202316810145034,medium,0.007476126910459503,0.004994284378018851,0.005847338651019227,0.006780614
2025-03-20 15:00:00+00:00,1,0.011715706791819207,0.00013725778563187868,0.026063384367650967,0.0040202316810145034,medium,0.007800607792853019,0.00400092866972516,0.005721999874789927,0.004154394
2025-03-20 15:05:00+00:00,1,0.00941199416901413,8.858563423755598e-05,0.027007600051830567,0.0040202316810145034,medium,0.009735657325545056,0.007900906812584603,0.008221898390403513,0.011520026
2025-03-20 15:10:00+00:00,1,0.008712466102730233,7.590706559122332e-05,0.02727888304036709,0.0040202316810145034,medium,0.010318468804668995,0.006510439380042511,0.0071697213209671535,0.011281828
2025-03-20 15:15:00+00:00,1,0.008871796740084214,7.870877739736887e-05,0.027177584956526415,0.0040202316810145034,medium,0.010320556528859985,0.0055056376723399076,0.006744295240259459,0.009024589
2025-03-20 15:20:00+00:00,1,0.008260823034144825,6.82411972014577e-05,0.027359671831611136,0.0040202316810145034,medium,0.010156750888690476,0.005620415461480427,0.006948517894705527,0.0072187553
2025-03-20 15:25:00+00:00,1,0.008494998406591224,7.216499792798743e-05,0.02734436275219164,0.0040202316810145034,medium,0.010162721689447199,0.00486489900802315,0.006242397780215073,0.012245381
2025-03-20 15:30:00+00:00,1,0.008995443135352287,8.091799720135659e-05,0.02733038177685358,0.0040202316810145034,medium,0.010170654825771092,0.004570704663431635,0.00626270336097074,0.0077720736
2025-03-20 15:35:00+00:00,1,0.008268997526864313,6.837632009928811e-05,0.027603900635713396,0.0040202316810145034,medium,0.010547683359133855,0.005329034961105108,0.007327534814278419,0.0060480153
2025-03-20 15:40:00+00:00,1,0.006928423561363169,4.80030530456523e-05,0.02802644697180391,0.0040202316810145034,medium,0.011556896077200517,0.008534761702171574,0.009841092067405403,0.008861461
2025-03-20 15:45:00+00:00,1,0.0072102297197059574,5.1987412610931054e-05,0.02783768125777349,0.0040202316810145034,medium,0.011631161566823665,0.006584795252413438,0.00789696790712873,0.007106805
2025-03-20 15:50:00+00:00,1,0.007374760737199517,5.438709593093956e-05,0.027848164668432644,0.0040202316810145034,medium,0.011655358508412723,0.006512490545998962,0.008592777959768854,0.006601844
2025-03-20 15:55:00+00:00,1,0.006288548940739363,3.9545847780074165e-05,0.02809617693591883,0.0040202316810145034,medium,0.011869234676697244,0.006225627332560168,0.009727735611144633,0.0055298707
2025-03-20 16:00:00+00:00,1,0.006179354662064706,3.818442403958082e-05,0.028104189431835794,0.0040202316810145034,medium,0.011715706791819207,0.007038032215636233,0.009538834867814016,0.009328072
2025-03-20 16:05:00+00:00,1,0.0067486616433799695,4.5544433976828035e-05,0.028076353399729095,0.0040202316810145034,medium,0.00941199416901413,0.005432060338512642,0.008280940054268838,0.006920673
2025-03-20 16:10:00+00:00,1,0.006480335473816826,4.1994747853208754e-05,0.028090026338845938,0.0040202316810145034,medium,0.008712466102730233,0.005397461667000952,0.008882081091401116,0.0038882073
2025-03-20 16:15:00+00:00,1,0.006247973050729361,3.903716724264036e-05,0.02800890741035716,0.0040202316810145034,medium,0.008871796740084214,0.005860669944765192,0.008677179793461375,0.006599496
2025-03-20 16:20:00+00:00,1,0.006315757885871481,3.9888797672947804e-05,0.027985958260242454,0.0040202316810145034,medium,0.008260823034144825,0.0049623939748147045,0.008591456523939056,0.004778118
2025-03-20 16:25:00+00:00,1,0.006264778171887662,3.924744554296011e-05,0.02804833008465349,0.0040202316810145034,medium,0.008494998406591224,0.005893172219024645,0.008527588014462354,0.008842331
2025-03-20 16:30:00+00:00,1,0.005654944332993683,3.197839540925738e-05,0.02820677044358077,0.0040202316810145034,medium,0.008995443135352287,0.007254976214394306,0.00889716549633774,0.008500696
2025-03-20 16:35:00+00:00,1,0.00575288837049648,3.3095724603393645e-05,0.028206317800756747,0.0040202316810145034,medium,0.008268997526864313,0.007409089543617671,0.009170498762959637,0.008834067
2025-03-20 16:40:00+00:00,1,0.006187655007769642,3.828707449517673e-05,0.028271269723284108,0.0040202316810145034,medium,0.006928423561363169,0.006703564764893008,0.008514712597148215,0.007401581
2025-03-20 16:45:00+00:00,1,0.0059422515016735785,3.53103529091419e-05,0.02837041582970203,0.0040202316810145034,medium,0.0072102297197059574,0.006681316242337044,0.0080656818369838,0.007262607
2025-03-20 16:50:00+00:00,1,0.005843693115812727,3.414874923179706e-05,0.028405885709122416,0.0040202316810145034,medium,0.007374760737199517,0.005619998614753378,0.007526434210962514,0.005927194
2025-03-20 16:55:00+00:00,1,0.006499378191599897,4.224191687744435e-05,0.02840297803257561,0.0040202316810145034,medium,0.006288548940739363,0.005893896704138905,0.007735171523608765,0.0061109974
2025-03-20 17:00:00+00:00,1,0.006620523634432815,4.383133319408349e-05,0.028399098745501363,0.0040202316810145034,medium,0.006179354662064706,0.005366178205377635,0.007515229557982931,0.0056443987
2025-03-20 17:05:00+00:00,1,0.0059199881518719934,3.504625971830478e-05,0.028553478632179403,0.0040202316810145034,medium,0.0067486616433799695,0.006080849235458566,0.007499124116704419,0.0049869465
2025-03-20 17:10:00+00:00,1,0.005904304519290688,3.4860811856516443e-05,0.02854532202955535,0.0040202316810145034,medium,0.006480335473816826,0.005496942100601342,0.007442406561784533,0.004755277
2025-03-20 17:15:00+00:00,1,0.00600124337716485,3.601492207196498e-05,0.028501923015433153,0.0040202316810145034,medium,0.006247973050729361,0.00486934270004497,0.007120370617655871,0.004627122
2025-03-20 17:20:00+00:00,1,0.005963327399455488,3.556127367309655e-05,0.028508347692947945,0.0040202316810145034,medium,0.006315757885871481,0.004933150101911868,0.0071636351220463095,0.004393507
2025-03-20 17:25:00+00:00,1,0.005871569370383682,3.447532687122783e-05,0.02857331194095392,0.0040202316810145034,medium,0.006264778171887662,0.004669365369296844,0.00688748549567922,0.004272646
2025-03-20 17:30:00+00:00,1,0.0061648754338507646,3.800568911489665e-05,0.028556837327524426,0.0040202316810145034,medium,0.005654944332993683,0.004996210266627369,0.008046759986578802,0.004966112
2025-03-20 17:35:00+00:00,1,0.005920033787822168,3.504680004895608e-05,0.028537396447903977,0.0040202316810145034,medium,0.00575288837049648,0.004482108503165207,0.007239358363556765,0.0034689652
2025-03-20 17:40:00+00:00,1,0.00529112672733763,2.799602204474662e-05,0.028645942361950134,0.0040202316810145034,medium,0.006187655007769642,0.0042389315039828195,0.007091462313519488,0.0044861403
2025-03-20 17:45:00+00:00,1,0.005358272962899094,2.871108914493543e-05,0.028633803068725042,0.0040202316810145034,medium,0.0059422515016735785,0.004987755547353488,0.006349601555891043,0.0044159363
2025-03-20 17:50:00+00:00,1,0.005338343331115174,2.8497909520861852e-05,0.028659810574100764,0.0040202316810145034,medium,0.005843693115812727,0.004492457859042559,0.006512576321821847,0.0038535364
2025-03-20 17:55:00+00:00,1,0.004552194714475057,2.0722476718494645e-05,0.028784161074593115,0.0040202316810145034,medium,0.006499378191599897,0.0044248073486756676,0.006694149230101507,0.0030258815
2025-03-20 18:00:00+00:00,1,0.004627431564088684,2.1413122880324246e-05,0.028788580376439277,0.0040202316810145034,medium,0.006620523634432815,0.005121608583165489,0.007141734202512266,0.004614279
2025-03-20 18:05:00+00:00,1,0.004622838430840672,2.1370635157657444e-05,0.028780152074915803,0.0040202316810145034,medium,0.0059199881518719934,0.004689484535378875,0.0055850078477052995,0.0033220828
2025-03-20 18:10:00+00:00,1,0.004832020465117608,2.3348421775315385e-05,0.028761205728026238,0.0040202316810145034,medium,0.005904304519290688,0.004161887771208798,0.00544950696020523,0.0041906005
2025-03-20 18:15:00+00:00,1,0.004763126611333434,2.2687375115592723e-05,0.028309501470268963,0.0040202316810145034,medium,0.00600124337716485,0.0039379992650838925,0.005259822759907034,0.00446727
2025-03-20 18:20:00+00:00,1,0.005154278334824751,2.6566585152843812e-05,0.028321104437603332,0.0040202316810145034,medium,0.005963327399455488,0.0041453530027382,0.005065141045133945,0.0052438164
2025-03-20 18:25:00+00:00,1,0.00493302433209698,2.4334729061060855e-05,0.028337347174612695,0.0040202316810145034,medium,0.005871569370383682,0.004048326886586709,0.005025892935505006,0.0036472217
2025-03-20 18:30:00+00:00,1,0.004863935298741425,2.3657866590342828e-05,0.028396317147950826,0.0040202316810145034,medium,0.0061648754338507646,0.004023124532704401,0.005215923860473811,0.004357313
2025-03-20 18:35:00+00:00,1,0.005058446700133571,2.5587883018092213e-05,0.028214693469408796,0.0040202316810145034,medium,0.005920033787822168,0.003916510086759927,0.005006195447984045,0.0040903334
2025-03-20 18:40:00+00:00,1,0.004851947452619657,2.354139408298238e-05,0.02819110655174649,0.0040202316810145034,medium,0.00529112672733763,0.003990586179449578,0.005336731043006658,0.004620239
2025-03-20 18:45:00+00:00,1,0.004852141340152013,2.3543275584812174e-05,0.028158964898820513,0.0040202316810145034,medium,0.005358272962899094,0.0035098139358491092,0.005113739443318873,0.0042937435
2025-03-20 18:50:00+00:00,1,0.00471659701797036,2.2246287429926892e-05,0.028170736713221352,0.0040202316810145034,medium,0.005338343331115174,0.003698570986161292,0.005209585072999335,0.004251027
2025-03-20 18:55:00+00:00,1,0.004942653615973031,2.4429824767491285e-05,0.027099089191080294,0.0040202316810145034,medium,0.004552194714475057,0.0034390346301493477,0.004331142535709738,0.0031157362
2025-03-20 19:00:00+00:00,1,0.004819776518121778,2.323024568463809e-05,0.02691960355168409,0.0040202316810145034,medium,0.004627431564088684,0.0037830623458164118,0.004319588540900683,0.0034782474
2025-03-20 19:05:00+00:00,1,0.004928319231112701,2.4288330443755284e-05,0.02688546066241764,0.0040202316810145034,medium,0.004622838430840672,0.003359692452031094,0.004488789942264033,0.0034383705
2025-03-20 19:10:00+00:00,1,0.00474298809209439,2.2495936041749184e-05,0.02668012532434111,0.0040202316810145034,medium,0.004832020465117608,0.003588134029514415,0.004516928044605162,0.0034005102
2025-03-20 19:15:00+00:00,1,0.004739008166757232,2.245819840459174e-05,0.026656509217329878,0.0040202316810145034,medium,0.004763126611333434,0.00332858699082123,0.004436875813316765,0.002748976
2025-03-20 19:20:00+00:00,1,0.00449538686822546,2.0208503095013908e-05,0.026713200984332514,0.0040202316810145034,medium,0.005154278334824751,0.0034620310426045943,0.004585494299289908,0.0038147557
2025-03-20 19:25:00+00:00,1,0.004514430484833413,2.0380082602393243e-05,0.026369035351556363,0.0040202316810145034,medium,0.00493302433209698,0.00387178603998797,0.004422481723775657,0.003426135
2025-03-20 19:30:00+00:00,1,0.003993619565386309,1.5948997233036336e-05,0.02633984801317691,0.0040202316810145034,medium,0.004863935298741425,0.0034742298393287117,0.004211947909433455,0.0030152346
2025-03-20 19:35:00+00:00,1,0.0036745504084193656,1.3502320704014925e-05,0.026301615194923245,0.0040202316810145034,medium,0.005058446700133571,0.003414866695979411,0.004132612004877476,0.0027229518
2025-03-20 19:40:00+00:00,1,0.0037531417961954527,1.4086073342349228e-05,0.026269649105010066,0.0040202316810145034,medium,0.004851947452619657,0.003323663787965391,0.004367133462262088,0.0035878632
2025-03-20 19:45:00+00:00,1,0.003266357417663936,1.0669090779928217e-05,0.026271659972994667,0.0040202316810145034,medium,0.004852141340152013,0.003688899341275548,0.003950621737570842,0.0033860095
2025-03-20 19:50:00+00:00,1,0.0032135586977272935,1.0326959503738738e-05,0.026241243229843853,0.0040202316810145034,medium,0.00471659701797036,0.003702769339186408,0.003834592743026378,0.003396216
2025-03-20 19:55:00+00:00,1,0.002709527701892378,7.341540367322193e-06,0.02629778799692526,0.0040202316810145034,medium,0.004942653615973031,0.0034817782603108562,0.004142890608202865,0.0028691834
2025-03-20 20:00:00+00:00,1,0.00251037833748267,6.301999397302255e-06,0.026292789413275477,0.0040202316810145034,medium,0.004819776518121778,0.003865109769192034,0.004470338382013405,0.0029856362
2025-03-20 20:05:00+00:00,1,0.0023281983705594157,5.420507652675518e-06,0.026150672753709886,0.0040202316810145034,medium,0.004928319231112701,0.0031206028380940617,0.004159121943368933,0.0031474063
2025-03-20 20:10:00+00:00,1,0.0022566842016435895,5.092623585947764e-06,0.026141551081128454,0.0040202316810145034,medium,0.00474298809209439,0.0033602457774464306,0.0038336410407964583,0.002645498
2025-03-20 20:15:00+00:00,1,0.0030342516030184485,9.206682790420023e-06,0.026154039876295092,0.0040202316810145034,medium,0.004739008166757232,0.0031239625605358314,0.003864362032505268,0.0024953706
2025-03-20 20:20:00+00:00,1,0.002682460304337847,7.195593284348295e-06,0.026098573756121516,0.0040202316810145034,medium,0.00449538686822546,0.0032628238731934006,0.0038261121641268332,0.0023827665
2025-03-20 20:25:00+00:00,1,0.002629181282833684,6.912594218002977e-06,0.026093345525881224,0.0040202316810145034,medium,0.004514430484833413,0.0039867769517599435,0.003967788095270776,0.003672952
2025-03-20 20:30:00+00:00,1,0.002810984001001731,7.9016310538877e-06,0.026093969447083254,0.0040202316810145034,medium,0.003993619565386309,0.003632731608094661,0.00393728018133019,0.003855231
2025-03-20 20:35:00+00:00,1,0.0029092558798857093,8.463769774649573e-06,0.026069566305822352,0.0040202316810145034,medium,0.0036745504084193656,0.0027962820139220486,0.0035337666215115053,0.0025712375
2025-03-20 20:40:00+00:00,1,0.0029024124187578574,8.423997848559835e-06,0.0260205098230914,0.0040202316810145034,medium,0.0037531417961954527,0.0033659268080442873,0.0038065618854972345,0.0035209768
2025-03-20 20:45:00+00:00,1,0.0029571143467656508,8.74452525984724e-06,0.026016955588056997,0.0040202316810145034,medium,0.003266357417663936,0.003325102570502155,0.003613719661269328,0.0037256817
2025-03-20 20:50:00+00:00,1,0.0032387237554761658,1.0489331564285638e-05,0.02598083778668891,0.0040202316810145034,medium,0.0032135586977272935,0.00304149384343957,0.003443714514746165,0.00291353
2025-03-20 20:55:00+00:00,1,0.0032460309221689597,1.0536716747677066e-05,0.02598063548296762,0.0040202316810145034,medium,0.002709527701892378,0.0035321135788131154,0.003549243921939574,0.0032302595
2025-03-20 21:00:00+00:00,1,0.0032399143012170105,1.049704467923051e-05,0.025947997888040836,0.0040202316810145034,medium,0.00251037833748267,0.0032229946908647325,0.0033141836986875094,0.00321712
2025-03-20 21:05:00+00:00,1,0.003221194407358616,1.0376093409998425e-05,0.02593716633672617,0.0040202316810145034,medium,0.0023281983705594157,0.003259034247683942,0.003389203575072349,0.0032766447
2025-03-20 21:10:00+00:00,1,0.003437799261364215,1.1818463761436342e-05,0.025932868496139128,0.0040202316810145034,medium,0.0022566842016435895,0.0026521494122886714,0.0029891165679194354,0.0021375201
2025-03-20 21:15:00+00:00,1,0.0026730102817235316,7.144983966199715e-06,0.026016531958180017,0.0040202316810145034,medium,0.0030342516030184485,0.003557489010003824,0.003584788133261045,0.0027390893
2025-03-20 21:20:00+00:00,1,0.0026754938354749992,7.158267263664722e-06,0.025969555362145808,0.0040202316810145034,medium,0.002682460304337847,0.0034867410486909304,0.003466693188276575,0.0029948915
2025-03-20 21:25:00+00:00,1,0.002963032188486033,8.779559750004331e-06,0.025972205566198805,0.0040202316810145034,medium,0.002629181282833684,0.0027989539038635156,0.003007821909635691,0.0018000823
2025-03-20 21:30:00+00:00,1,0.0031068239220155016,9.652354882407783e-06,0.025976034627070852,0.0040202316810145034,medium,0.002810984001001731,0.003210372329893827,0.002992587517516805,0.0017870553
2025-03-20 21:35:00+00:00,1,0.003084667906569721,9.515176093821224e-06,0.025920410037466562,0.0040202316810145034,medium,0.0029092558798857093,0.0035661744185016423,0.0035505112739676386,0.0035211514
2025-03-20 21:40:00+00:00,1,0.0029933386031657434,8.960075993202244e-06,0.025916852417765944,0.0040202316810145034,medium,0.0029024124187578574,0.0029628057118742447,0.0033012660238437392,0.002372832
2025-03-20 21:45:00+00:00,1,0.0029584385987686196,8.752358942684034e-06,0.02586937993685383,0.0040202316810145034,medium,0.0029571143467656508,0.003009636689547605,0.003166604372671986,0.0027163962
2025-03-20 21:50:00+00:00,1,0.002792733535596307,7.799360600844248e-06,0.025895805179370245,0.0040202316810145034,medium,0.0032387237554761658,0.002569098165345295,0.003240700895428156,0.001702914
2025-03-20 21:55:00+00:00,1,0.0027811446009669643,7.734765291487695e-06,0.02587697280553585,0.0040202316810145034,medium,0.0032460309221689597,0.002558687971181606,0.0031663920048992282,0.0015813607
2025-03-20 22:00:00+00:00,1,0.002842740405991168,8.08117301585483e-06,0.025859645555184496,0.0040202316810145034,medium,0.0032399143012170105,0.0027141348710940324,0.0031006540408569897,0.0015707127
2025-03-20 22:05:00+00:00,1,0.003180576317234043,1.0116065709750066e-05,0.025827753262745855,0.0040202316810145034,medium,0.003221194407358616,0.0030163668221865033,0.003288476462456885,0.0021393392
2025-03-20 22:10:00+00:00,1,0.003058010342607403,9.351427255493845e-06,0.025860389690569547,0.0040202316810145034,medium,0.003437799261364215,0.0027225157708946237,0.0032396190883031317,0.0017148164
2025-03-20 22:15:00+00:00,1,0.003139450366880847,9.856148606108286e-06,0.025833297030331662,0.0040202316810145034,medium,0.0026730102817235316,0.0024561466046864743,0.0031773657974680392,0.0015686528
2025-03-20 22:20:00+00:00,1,0.0031276796009272767,9.78237968605661e-06,0.02583920179290772,0.0040202316810145034,medium,0.0026754938354749992,0.0028779244985975257,0.003316997814638488,0.0019140744
2025-03-20 22:25:00+00:00,1,0.0028188444251288115,7.94588389307978e-06,0.025862069922574116,0.0040202316810145034,medium,0.002963032188486033,0.0033275817960355778,0.0034647972878285144,0.0020982507
2025-03-20 22:30:00+00:00,1,0.002561605605173998,6.561823276458844e-06,0.02590130430784328,0.0040202316810145034,medium,0.0031068239220155016,0.004418486516464121,0.003629932269731787,0.002775008
2025-03-20 22:35:00+00:00,1,0.002545705701568215,6.480617518996918e-06,0.025884651280640335,0.0040202316810145034,medium,0.003084667906569721,0.0037715638957946606,0.0037721915156276567,0.0026375097
2025-03-20 22:40:00+00:00,1,0.002716842524434346,7.381233302574789e-06,0.025879525566042283,0.0040202316810145034,medium,0.0029933386031657434,0.002694540620822319,0.0030942586297566543,0.0017584253
2025-03-20 22:45:00+00:00,1,0.0026955202976601984,7.2658296750981255e-06,0.02547383246161021,0.0040202316810145034,medium,0.0029584385987686196,0.0030777765227386297,0.0032668576940798506,0.0024081136
2025-03-20 22:50:00+00:00,1,0.0026917512421198073,7.245524749453526e-06,0.025451746204924346,0.0040202316810145034,medium,0.002792733535596307,0.004279310003513523,0.0036183299816405045,0.0019919404
2025-03-20 22:55:00+00:00,1,0.0027010804830698695,7.29583577602096e-06,0.02534622824382816,0.0040202316810145034,medium,0.0027811446009669643,0.0027583969664184437,0.003045142314240469,0.0024072444
2025-03-20 23:00:00+00:00,1,0.002757023021955048,7.601175943590144e-06,0.025315529835199302,0.0040202316810145034,medium,0.002842740405991168,0.002978751122549216,0.003153463545069622,0.0029658533
2025-03-20 23:05:00+00:00,1,0.0026996468406008107,7.288093063965939e-06,0.02522778183311875,0.0040202316810145034,medium,0.003180576317234043,0.0032705976429152988,0.0035224472347509164,0.003062373
2025-03-20 23:10:00+00:00,1,0.002650764107646104,7.026550354384847e-06,0.025246634699613253,0.0040202316810145034,medium,0.003058010342607403,0.0032796781486597046,0.003318382920989204,0.0033499012
2025-03-20 23:15:00+00:00,1,0.002563216885695012,6.570080803112036e-06,0.02525146902269686,0.0040202316810145034,medium,0.003139450366880847,0.0028760717890411363,0.003081603133772079,0.0030771631
2025-03-20 23:20:00+00:00,1,0.002516983273858566,6.335204800883784e-06,0.02524377576420002,0.0040202316810145034,medium,0.0031276796009272767,0.00364606581719138,0.003438936230118968,0.0035025536
2025-03-20 23:25:00+00:00,1,0.0029963608671547412,8.978178446216313e-06,0.02512621980818533,0.0040202316810145034,medium,0.0028188444251288115,0.003497275858790925,0.003398478447951112,0.0029895823
2025-03-20 23:30:00+00:00,1,0.00289447367537079,8.377977857414488e-06,0.02484213159911636,0.0040202316810145034,medium,0.002561605605173998,0.0031449019806573117,0.003093387512380083,0.002542227
2025-03-20 23:35:00+00:00,1,0.003164988349654627,1.001715125344952e-05,0.024846625602863097,0.0040202316810145034,medium,0.002545705701568215,0.0035091185210880276,0.0030775679929398226,0.002075038
2025-03-20 23:40:00+00:00,1,0.0030880444305742397,9.53601840520058e-06,0.024857103157295432,0.0040202316810145034,medium,0.002716842524434346,0.0030750841264335746,0.0032612366006734054,0.0020753625
2025-03-20 23:45:00+00:00,1,0.0030939659803018286,9.572625487265056e-06,0.02484556763573239,0.0040202316810145034,medium,0.0026955202976601984,0.002679133849781829,0.0029546303972119254,0.0020630036
2025-03-20 23:50:00+00:00,1,0.003057774440263465,9.349984527528548e-06,0.024849303151859684,0.0040202316810145034,medium,0.0026917512421198073,0.0028830534982126335,0.0029156713954701027,0.0021337054
2025-03-20 23:55:00+00:00,1,0.0030918522301161748,9.559550212874364e-06,0.02484666875880059,0.0040202316810145034,medium,0.0027010804830698695,0.00306288662891923,0.0031498080594019335,0.0024368018
2025-03-21 00:00:00+00:00,1,0.0030007259989086985,9.004356520526608e-06,0.02484739212977557,0.0040202316810145034,medium,0.002757023021955048,0.002977912504040598,0.0029452545643065486,0.0019372142
2025-03-21 00:05:00+00:00,1,0.0026895960113158517,7.233926704086139e-06,0.024314980585098605,0.0040202316810145034,medium,0.0026996468406008107,0.002955235582367292,0.0028767425612316036,0.0014004229
2025-03-21 00:10:00+00:00,1,0.0026322190403810573,6.928577076544574e-06,0.02428375182587543,0.0040202316810145034,medium,0.002650764107646104,0.0031190374466614043,0.00309134099220566,0.0020553467
2025-03-21 00:15:00+00:00,1,0.0026050239383999542,6.7861497196368084e-06,0.02420570104277813,0.0040202316810145034,medium,0.002563216885695012,0.0028495792596076983,0.0031152881889094067,0.0021295806
2025-03-21 00:20:00+00:00,1,0.002654714454134422,7.047508832990223e-06,0.02415355982307841,0.0040202316810145034,medium,0.002516983273858566,0.0027391214307952464,0.0027631350809139608,0.0020869873
2025-03-21 00:25:00+00:00,1,0.002287401123183143,5.2322038983395035e-06,0.023930799652832485,0.0040202316810145034,medium,0.0029963608671547412,0.002979183117512094,0.003186239951165595,0.0023151746
2025-03-21 00:30:00+00:00,1,0.002359414026136435,5.566834546729341e-06,0.02393128616992096,0.0040202316810145034,medium,0.00289447367537079,0.002676330132232216,0.003052757892462584,0.002099758
2025-03-21 00:35:00+00:00,1,0.0026534662983161462,7.0408833962995914e-06,0.023974694652622152,0.0040202316810145034,medium,0.003164988349654627,0.002738439289554665,0.0029212111142989786,0.0018245399
2025-03-21 00:40:00+00:00,1,0.002573049698500879,6.620584750955465e-06,0.02359569681231955,0.0040202316810145034,medium,0.0030880444305742397,0.0029811000408065465,0.00312125091542317,0.0021577845
2025-03-21 00:45:00+00:00,1,0.0025608073580634743,6.55773432511203e-06,0.023573025216563126,0.0040202316810145034,medium,0.0030939659803018286,0.00259393666498828,0.0029901496815505236,0.0019495175
2025-03-21 00:50:00+00:00,1,0.0029025595489015526,8.424851934919584e-06,0.023412994325301938,0.0040202316810145034,medium,0.003057774440263465,0.002831067509745649,0.0031133406490629805,0.0019630613
2025-03-21 00:55:00+00:00,1,0.0029011152180859826,8.416469508610078e-06,0.02334436454931264,0.0040202316810145034,medium,0.0030918522301161748,0.0031540148698452736,0.0032357254413578783,0.0026167424
2025-03-21 01:00:00+00:00,1,0.002917471907038672,8.511642328359867e-06,0.02322887100439557,0.0040202316810145034,medium,0.0030007259989086985,0.002863124407696768,0.0030173224477560733,0.0019008977
2025-03-21 01:05:00+00:00,1,0.002929052271001957,8.579347206261723e-06,0.023228119607409507,0.0040202316810145034,medium,0.0026895960113158517,0.0029692201890022195,0.002998563552712177,0.002157018
2025-03-21 01:10:00+00:00,1,0.002904972545816451,8.438865491947314e-06,0.02307987383019867,0.0040202316810145034,medium,0.0026322190403810573,0.002971726297466427,0.0028985530167807815,0.002347414
2025-03-21 01:15:00+00:00,1,0.0029929824255449924,8.957943799621186e-06,0.023078795335216878,0.0040202316810145034,medium,0.0026050239383999542,0.002915114258836694,0.002956021271274776,0.0022639302
2025-03-21 01:20:00+00:00,1,0.003072736055647074,9.441706867673539e-06,0.023065972559371227,0.0040202316810145034,medium,0.002654714454134422,0.0028088021811575577,0.002743456038188149,0.0017920643
2025-03-21 01:25:00+00:00,1,0.002938559489570819,8.635131873746713e-06,0.02306153071133254,0.0040202316810145034,medium,0.002287401123183143,0.0029932866172308944,0.0027807285754269623,0.0015531529
2025-03-21 01:30:00+00:00,1,0.00307972912305567,9.484731471397246e-06,0.023067943037056872,0.0040202316810145034,medium,0.002359414026136435,0.002538716316019795,0.002683208552704694,0.00100006
2025-03-21 01:35:00+00:00,1,0.0025110450273115436,6.30534712918603e-06,0.02303172723511985,0.0040202316810145034,medium,0.0026534662983161462,0.0026718396109535417,0.002729239923075427,0.0016239141
2025-03-21 01:40:00+00:00,1,0.0025168936693291196,6.334753742709e-06,0.02298817227598111,0.0040202316810145034,medium,0.002573049698500879,0.0027601015440226412,0.002886271143214148,0.0020399569
2025-03-21 01:45:00+00:00,1,0.0025183880064673994,6.3422781511188416e-06,0.022905072860096812,0.0040202316810145034,medium,0.0025608073580634743,0.0027783718141824046,0.0026433492851567785,0.0022204902
2025-03-21 01:50:00+00:00,1,0.0024980844386431316,6.240425862590969e-06,0.022924988046093588,0.0040202316810145034,medium,0.0029025595489015526,0.0032665808743951225,0.00305024271357474,0.0027432863
2025-03-21 01:55:00+00:00,1,0.0024507306217644628,6.006080580454031e-06,0.022924701297764194,0.0040202316810145034,medium,0.0029011152180859826,0.00345068795042552,0.003150632646510756,0.0027710386
2025-03-21 02:00:00+00:00,1,0.0024050573363579427,5.784300791169162e-06,0.022926609368928815,0.0040202316810145034,medium,0.002917471907038672,0.0031161867508389413,0.0029394356245485294,0.0026359204
2025-03-21 02:05:00+00:00,1,0.002507559325776796,6.287853772290181e-06,0.022820636004038608,0.0040202316810145034,medium,0.002929052271001957,0.003207689596864706,0.0030582856767422495,0.0025120738
2025-03-21 02:10:00+00:00,1,0.0029370617258156714,8.626331581251329e-06,0.022804391405133972,0.0040202316810145034,medium,0.002904972545816451,0.0029414255324436847,0.0029186633106143126,0.0017159592
2025-03-21 02:15:00+00:00,1,0.0029095773798176335,8.465640529146446e-06,0.022813043561617005,0.0040202316810145034,medium,0.0029929824255449924,0.0028565338685410157,0.003056088781082463,0.0019959214
2025-03-21 02:20:00+00:00,1,0.003025196410312532,9.15181332096783e-06,0.02282842421165102,0.0040202316810145034,medium,0.003072736055647074,0.0028367770267679767,0.0027405686202648465,0.0018026127
2025-03-21 02:25:00+00:00,1,0.0031404477683224215,9.862412185561278e-06,0.022818743955244206,0.0040202316810145034,medium,0.002938559489570819,0.0030052328003475778,0.002783116502235442,0.0015010717
2025-03-21 02:30:00+00:00,1,0.002967174633119095,8.804125303425434e-06,0.022843099562659386,0.0040202316810145034,medium,0.00307972912305567,0.002912814094801628,0.002812471263684488,0.0023886343
2025-03-21 02:35:00+00:00,1,0.0029001225624481768,8.41071087722098e-06,0.02284741344070248,0.0040202316810145034,medium,0.0025110450273115436,0.0026472018918135597,0.0027277394116458588,0.0021337552
2025-03-21 02:40:00+00:00,1,0.0029930052789901647,8.958080600062994e-06,0.02281894739667597,0.0040202316810145034,medium,0.0025168936693291196,0.002448594561185946,0.002479114776674968,0.0021992752
2025-03-21 02:45:00+00:00,1,0.0031619409192755877,9.997870376989348e-06,0.02279971427188386,0.0040202316810145034,medium,0.0025183880064673994,0.002416611932730393,0.0025980244400663536,0.001842834
2025-03-21 02:50:00+00:00,1,0.0027924101477586143,7.797554433305287e-06,0.02284517717868237,0.0040202316810145034,medium,0.0024980844386431316,0.002754709591859932,0.0025725263885082823,0.0024826427
2025-03-21 02:55:00+00:00,1,0.0028063879620294583,7.875813393423857e-06,0.02280461488329049,0.0040202316810145034,medium,0.0024507306217644628,0.0029007244688906367,0.00279136639445263,0.0026500341
2025-03-21 03:00:00+00:00,1,0.0028065211135216528,7.876560760642818e-06,0.022802591602724655,0.0040202316810145034,medium,0.0024050573363579427,0.002303976813051464,0.0026032426051688317,0.0017354381
2025-03-21 03:05:00+00:00,1,0.0030463280088480647,9.280114337492214e-06,0.02280430001656456,0.0040202316810145034,medium,0.002507559325776796,0.0027862037058019877,0.002807102949722235,0.0017968097
2025-03-21 03:10:00+00:00,1,0.0026158093939999917,6.842458785738604e-06,0.022823869775796746,0.0040202316810145034,medium,0.0029370617258156714,0.002872245389672572,0.0026917145585066498,0.0014548026
2025-03-21 03:15:00+00:00,1,0.002549725296463575,6.501099087426267e-06,0.022771446376875486,0.0040202316810145034,medium,0.0029095773798176335,0.0028132914484239793,0.002811149595887864,0.0014896545
2025-03-21 03:20:00+00:00,1,0.002251865909672429,5.070900075144837e-06,0.022801226441008283,0.0040202316810145034,medium,0.003025196410312532,0.003457339791038927,0.0030006070418632344,0.0020361862
2025-03-21 03:25:00+00:00,1,0.002068385878116866,4.278220140793279e-06,0.02279332407126457,0.0040202316810145034,medium,0.0031404477683224215,0.0029001446854751097,0.0026410807814185003,0.0015879263
2025-03-21 03:30:00+00:00,1,0.0020954055320710563,4.390724343833987e-06,0.02279803098482223,0.0040202316810145034,medium,0.002967174633119095,0.0025705642955176984,0.0026221778099770267,0.0013930508
2025-03-21 03:35:00+00:00,1,0.0023635636234236486,5.586433001971527e-06,0.022789470936415136,0.0040202316810145034,medium,0.0029001225624481768,0.0029175590513439574,0.0028215353126265718,0.0016551946
2025-03-21 03:40:00+00:00,1,0.002274492056581508,5.173314115452378e-06,0.022793488106406547,0.0040202316810145034,medium,0.0029930052789901647,0.002991846746987852,0.00278439054479744,0.0018199519
2025-03-21 03:45:00+00:00,1,0.0020309608608159984,4.124802018166462e-06,0.02279635786862471,0.0040202316810145034,medium,0.0031619409192755877,0.002631732542253086,0.002737217351405728,0.0016032036
2025-03-21 03:50:00+00:00,1,0.0020955067473420216,4.391148528155939e-06,0.022798206556273445,0.0040202316810145034,medium,0.0027924101477586143,0.0025837410553934017,0.002655382917207041,0.0015577329
2025-03-21 03:55:00+00:00,1,0.0022690483319249347,5.148580332611328e-06,0.0227658145706398,0.0040202316810145034,medium,0.0028063879620294583,0.002572255430058787,0.0027955495369097185,0.0016260946
2025-03-21 04:00:00+00:00,1,0.0023311684037313437,5.434346126555341e-06,0.022763173708077598,0.0040202316810145034,medium,0.0028065211135216528,0.002620765963991113,0.0027211709054036646,0.0016473255
2025-03-21 04:05:00+00:00,1,0.002020560362981429,4.082664180451645e-06,0.02280133043473478,0.0040202316810145034,medium,0.0030463280088480647,0.0031346486557394097,0.0030127505433413995,0.0019165303
2025-03-21 04:10:00+00:00,1,0.0022144327915854093,4.903712588448748e-06,0.022788935099804262,0.0040202316810145034,medium,0.0026158093939999917,0.0027812978751690577,0.002601146825258801,0.0019216164
2025-03-21 04:15:00+00:00,1,0.0022258364586462995,4.9543479406391e-06,0.022784739166268532,0.0040202316810145034,medium,0.002549725296463575,0.002726850905889076,0.00257465499175566,0.0019905693
2025-03-21 04:20:00+00:00,1,0.0023354881854452574,5.4545050643543806e-06,0.022780385982436157,0.0040202316810145034,medium,0.002251865909672429,0.002579161436278579,0.0024654510639953845,0.0016479595
2025-03-21 04:25:00+00:00,1,0.002441026858862397,5.95861212568762e-06,0.0227700173712564,0.0040202316810145034,medium,0.002068385878116866,0.0025572352045504262,0.002569504069805239,0.0016274257
2025-03-21 04:30:00+00:00,1,0.0026774521830239305,7.16875019237961e-06,0.022755472637666693,0.0040202316810145034,medium,0.0020954055320710563,0.002459095859033071,0.0024795758575569308,0.0017375777
2025-03-21 04:35:00+00:00,1,0.0025432995309441347,6.4683725041006554e-06,0.022771335165319123,0.0040202316810145034,medium,0.0023635636234236486,0.002941925986852101,0.002586716602359584,0.002183279
2025-03-21 04:40:00+00:00,1,0.002612881897235452,6.827151808900735e-06,0.02275075329098688,0.0040202316810145034,medium,0.002274492056581508,0.0027836685317062745,0.0025818557764309743,0.0020318236
2025-03-21 04:45:00+00:00,1,0.0026278909674100417,6.9058109365952845e-06,0.022733670766391392,0.0040202316810145034,medium,0.0020309608608159984,0.002627636149352817,0.00252538831525829,0.002093965
2025-03-21 04:50:00+00:00,1,0.002619587833270975,6.8622404162213214e-06,0.022722226035211877,0.0040202316810145034,medium,0.0020955067473420216,0.0027382974056480583,0.0024922986907683587,0.0022845105
2025-03-21 04:55:00+00:00,1,0.0024830554038883053,6.1655641387789154e-06,0.02273822831694974,0.0040202316810145034,medium,0.0022690483319249347,0.0025924804810265136,0.0025186291682756947,0.0015809996
2025-03-21 05:00:00+00:00,1,0.002634503525508954,6.940608825919107e-06,0.02273960996030609,0.0040202316810145034,medium,0.0023311684037313437,0.0025526653632865015,0.0026379530861250474,0.001746724
2025-03-21 05:05:00+00:00,1,0.002527796501281867,6.389755151892848e-06,0.02275325420941116,0.0040202316810145034,medium,0.002020560362981429,0.00251959106504055,0.002542216206666415,0.001806074
2025-03-21 05:10:00+00:00,1,0.003510691630105699,1.2324955721694212e-05,0.022767251284477596,0.0040202316810145034,medium,0.0022144327915854093,0.002862128331067767,0.002905687023841823,0.0019668336
2025-03-21 05:15:00+00:00,1,0.0035009069838464637,1.2256349709544943e-05,0.022768070098472155,0.0040202316810145034,medium,0.0022258364586462995,0.0026311526074299977,0.0027493601824769105,0.0019923204
2025-03-21 05:20:00+00:00,1,0.003702503719291958,1.3708533791370781e-05,0.022744466051889945,0.0040202316810145034,medium,0.0023354881854452574,0.00276862239715477,0.002916811554891773,0.0017691148
2025-03-21 05:25:00+00:00,1,0.003813667646406979,1.4544060917251346e-05,0.02275427378596938,0.0040202316810145034,medium,0.002441026858862397,0.0022661687572943937,0.0026611240210945237,0.001513396
2025-03-21 05:30:00+00:00,1,0.0036068110964645856,1.3009086285580066e-05,0.022781645417916347,0.0040202316810145034,medium,0.0026774521830239305,0.002381313227212615,0.0028404033010727006,0.0015085845
2025-03-21 05:35:00+00:00,1,0.0036980572586488795,1.3675627488245666e-05,0.022777500396724482,0.0040202316810145034,medium,0.0025432995309441347,0.0027597028250258256,0.0030633379779895576,0.0015941078
2025-03-21 05:40:00+00:00,1,0.003884910930198547,1.5092532935576141e-05,0.022781929570829466,0.0040202316810145034,medium,0.002612881897235452,0.0026233546407734816,0.0029142112615693347,0.0014771417
2025-03-21 05:45:00+00:00,1,0.0038907675100933138,1.5138071817597723e-05,0.022783478669201662,0.0040202316810145034,medium,0.0026278909674100417,0.002489580849581012,0.0025982592271238465,0.0012259992
2025-03-21 05:50:00+00:00,1,0.003947983088426654,1.5586570466502862e-05,0.022746165040260065,0.0040202316810145034,medium,0.002619587833270975,0.0028488450936209105,0.0027352987674999947,0.0014991111
2025-03-21 05:55:00+00:00,1,0.003978143371378023,1.5825624683238902e-05,0.022738465322541687,0.0040202316810145034,medium,0.0024830554038883053,0.0027227710037818664,0.0029370093744041266,0.0014526856
2025-03-21 06:00:00+00:00,1,0.0038429571683147676,1.4768319797501856e-05,0.022759080311382244,0.0040202316810145034,medium,0.002634503525508954,0.0028171895202472102,0.0026904386050135305,0.0011025326
2025-03-21 06:05:00+00:00,1,0.003932703901628543,1.546615997788436e-05,0.022756110941332792,0.0040202316810145034,medium,0.002527796501281867,0.002499337120482854,0.0024677687937548977,0.0012917495
2025-03-21 06:10:00+00:00,1,0.0029303933415631795,8.587205136277818e-06,0.0229031084008196,0.0040202316810145034,medium,0.003510691630105699,0.004107369488770667,0.0029913565977013217,0.0014383707
2025-03-21 06:15:00+00:00,1,0.0029695348549470383,8.818137254745329e-06,0.02289704012311747,0.0040202316810145034,medium,0.0035009069838464637,0.0035067483479785055,0.002998235474344993,0.0019650187
2025-03-21 06:20:00+00:00,1,0.0033402849616033865,1.1157503624713737e-05,0.022930188437173215,0.0040202316810145034,medium,0.003702503719291958,0.004640439390154502,0.003211981960883421,0.0016117854
2025-03-21 06:25:00+00:00,1,0.0031641133958619527,1.0011613581873057e-05,0.02295077173923057,0.0040202316810145034,medium,0.003813667646406979,0.0033593976155088245,0.0028826101929674886,0.0022807324
2025-03-21 06:30:00+00:00,1,0.0032473285391598247,1.0545142641241881e-05,0.022928498243296,0.0040202316810145034,medium,0.0036068110964645856,0.003129083546848792,0.002731349493660801,0.0014833305
2025-03-21 06:35:00+00:00,1,0.003333141302418894,1.1109830941890722e-05,0.022938594178275498,0.0040202316810145034,medium,0.0036980572586488795,0.0030798061873488704,0.002704567374870365,0.002010954
2025-03-21 06:40:00+00:00,1,0.003297027031692999,1.0870387247714348e-05,0.022971267695484486,0.0040202316810145034,medium,0.003884910930198547,0.0029226117554731843,0.002503925267609415,0.0021249512
2025-03-21 06:45:00+00:00,1,0.0033675491744090064,1.134038744206278e-05,0.022972778221339897,0.0040202316810145034,medium,0.0038907675100933138,0.003324557221301637,0.0029635161287270765,0.0018183949
2025-03-21 06:50:00+00:00,1,0.003273120302636212,1.0713316515529368e-05,0.022982533800043878,0.0040202316810145034,medium,0.003947983088426654,0.0029876752581493083,0.0028369125928303473,0.0019654422
2025-03-21 06:55:00+00:00,1,0.0033358162424725196,1.112767000354348e-05,0.022990207151714962,0.0040202316810145034,medium,0.003978143371378023,0.002985199551938005,0.0027937855729844815,0.0021580479
2025-03-21 07:00:00+00:00,1,0.003348508212646255,1.1212507250159415e-05,0.02298873228439408,0.0040202316810145034,medium,0.0038429571683147676,0.0027312446214067996,0.002668232758625721,0.0018177248
2025-03-21 07:05:00+00:00,1,0.0036492598668076944,1.331709757549331e-05,0.023005684342787394,0.0040202316810145034,medium,0.003932703901628543,0.0031174575107699542,0.0029395533899876434,0.0018879449
2025-03-21 07:10:00+00:00,1,0.003656484762174232,1.336988081601235e-05,0.022982807948587224,0.0040202316810145034,medium,0.0029303933415631795,0.0030413129850574705,0.00290583210344595,0.001750395
2025-03-21 07:15:00+00:00,1,0.0036297257362365356,1.3174908920297862e-05,0.022947102368475296,0.0040202316810145034,medium,0.0029695348549470383,0.0027417102612576636,0.0026437158840526753,0.0017692371
2025-03-21 07:20:00+00:00,1,0.003856291043560772,1.487098061264703e-05,0.023014432231737113,0.0040202316810145034,medium,0.0033402849616033865,0.0036434106815528182,0.003352966926637038,0.0016155249
2025-03-21 07:25:00+00:00,1,0.00392660716554035,1.5418243832472822e-05,0.02301648946290306,0.0040202316810145034,medium,0.0031641133958619527,0.0033881953506376943,0.0032211476810749904,0.0020220233
2025-03-21 07:30:00+00:00,1,0.0038606005010586386,1.4904236228774213e-05,0.023027962301516377,0.0040202316810145034,medium,0.0032473285391598247,0.0028485320564819246,0.002885651785449446,0.0019662352
2025-03-21 07:35:00+00:00,1,0.003863496881210233,1.4926608151121195e-05,0.023062005579415953,0.0040202316810145034,medium,0.003333141302418894,0.0028974430526880726,0.003099326358328698,0.001822613
2025-03-21 07:40:00+00:00,1,0.00408485795965199,1.668606455053222e-05,0.023082786559915792,0.0040202316810145034,medium,0.003297027031692999,0.0037494148608685383,0.003573863115370784,0.0017598765
2025-03-21 07:45:00+00:00,1,0.004025514101599261,1.620476378217451e-05,0.023094336025758277,0.0040202316810145034,medium,0.0033675491744090064,0.004344650170309615,0.003521966953434089,0.001806359
2025-03-21 07:50:00+00:00,1,0.0040175314149584265,1.6140558670177856e-05,0.023083969335425475,0.0040202316810145034,medium,0.003273120302636212,0.00412825731933777,0.0033531458063868207,0.0018551378
2025-03-21 07:55:00+00:00,1,0.004221566607584737,1.7821624622274508e-05,0.023097615851413646,0.0040202316810145034,medium,0.0033358162424725196,0.003333249967167872,0.0032573693051898595,0.002056533
2025-03-21 08:00:00+00:00,1,0.004247130859787809,1.803812054016193e-05,0.023099009411714548,0.0040202316810145034,medium,0.003348508212646255,0.0032266705986710156,0.003495332141511427,0.0024665643
2025-03-21 08:05:00+00:00,1,0.004053301892560595,1.6429256232235307e-05,0.023158914545252277,0.0040202316810145034,medium,0.0036492598668076944,0.003901682578800337,0.003949191865313238,0.0023592168
2025-03-21 08:10:00+00:00,1,0.0040781292460414734,1.6631138147418798e-05,0.023118168998467626,0.0040202316810145034,medium,0.003656484762174232,0.003464487545101715,0.0035515250893133677,0.0022587308
2025-03-21 08:15:00+00:00,1,0.004175027785716827,1.7430857011507554e-05,0.023108907050614608,0.0040202316810145034,medium,0.0036297257362365356,0.003151702209765348,0.003439166027963076,0.0025982365
2025-03-21 08:20:00+00:00,1,0.0033831894642700542,1.1445970951147896e-05,0.023213949702941727,0.0040202316810145034,medium,0.003856291043560772,0.0034064705863896517,0.0035015595883278166,0.002215772
2025-03-21 08:25:00+00:00,1,0.0036568905760254685,1.3372848685023884e-05,0.023219687059556054,0.0040202316810145034,medium,0.00392660716554035,0.0035153499240297317,0.00394047987877884,0.0025535016
2025-03-21 08:30:00+00:00,1,0.0036895207788867064,1.3612563577836769e-05,0.02321952774615069,0.0040202316810145034,medium,0.0038606005010586386,0.0038964568621616806,0.0038253360927659958,0.0027891854
2025-03-21 08:35:00+00:00,1,0.0035612217426701795,1.268230030046683e-05,0.02325446662198773,0.0040202316810145034,medium,0.003863496881210233,0.00392784066967062,0.0038963493157072554,0.0030610606
2025-03-21 08:40:00+00:00,1,0.0030572703741177203,9.346902140457906e-06,0.023291925627491047,0.0040202316810145034,medium,0.00408485795965199,0.004144982609084617,0.0037867775231179325,0.0029231973
2025-03-21 08:45:00+00:00,1,0.0030477075918119755,9.288521565188352e-06,0.023290571258189532,0.0040202316810145034,medium,0.004025514101599261,0.003936340160606781,0.0037851815780201655,0.0025665117
2025-03-21 08:50:00+00:00,1,0.00310479716518583,9.639765436945967e-06,0.023163877141760214,0.0040202316810145034,medium,0.0040175314149584265,0.002768306098496309,0.003208787812030689,0.0021250371
2025-03-21 08:55:00+00:00,1,0.0028345506415643987,8.034677339593144e-06,0.02321432265037077,0.0040202316810145034,medium,0.004221566607584737,0.0029960711703022687,0.003484245642526117,0.0026080252
2025-03-21 09:00:00+00:00,1,0.002842324484343403,8.078808474297991e-06,0.02320887710281987,0.0040202316810145034,medium,0.004247130859787809,0.003020942683090389,0.003379190857245513,0.0018381968
2025-03-21 09:05:00+00:00,1,0.0026863856431350837,7.216667823642296e-06,0.02323475814196766,0.0040202316810145034,medium,0.004053301892560595,0.00283725931454811,0.0033369152531333474,0.0021556248
2025-03-21 09:10:00+00:00,1,0.002667203218242322,7.1139730074022e-06,0.023238462374269863,0.0040202316810145034,medium,0.0040781292460414734,0.0027942461464590287,0.0033056630124585077,0.0023060495
2025-03-21 09:15:00+00:00,1,0.0025051292602969186,6.275672610795787e-06,0.023250519873369162,0.0040202316810145034,medium,0.004175027785716827,0.003271014751552406,0.003756745844455051,0.0026091246
2025-03-21 09:20:00+00:00,1,0.0026274637451898595,6.903565732287124e-06,0.023237056837004364,0.0040202316810145034,medium,0.0033831894642700542,0.002565832795888521,0.00298382186267954,0.0020068006
2025-03-21 09:25:00+00:00,1,0.002522706197882697,6.364046560835773e-06,0.023294359310920394,0.0040202316810145034,medium,0.0036568905760254685,0.003185908851606232,0.003178363939725609,0.0014730706
2025-03-21 09:30:00+00:00,1,0.002470463064470627,6.103187752913603e-06,0.023275812538109418,0.0040202316810145034,medium,0.0036895207788867064,0.0035075613523858746,0.003516457923206947,0.0016455543
2025-03-21 09:35:00+00:00,1,0.00247468586399956,6.124070125479249e-06,0.023293795848763618,0.0040202316810145034,medium,0.0035612217426701795,0.0030040950011848773,0.003566323637028494,0.002006616
2025-03-21 09:40:00+00:00,1,0.0024588132312815688,6.045762506325309e-06,0.023286875288883565,0.0040202316810145034,medium,0.0030572703741177203,0.003515971262198829,0.0032071582102578215,0.002042466
2025-03-21 09:45:00+00:00,1,0.002663396494298648,7.09368088584233e-06,0.023287771894586827,0.0040202316810145034,medium,0.0030477075918119755,0.003054817893879623,0.0035000533307199405,0.0016441974
2025-03-21 09:50:00+00:00,1,0.0027651017744816406,7.645787823241516e-06,0.0232908718867617,0.0040202316810145034,medium,0.00310479716518583,0.0028201118038086053,0.003201749541517155,0.0013160455
2025-03-21 09:55:00+00:00,1,0.0026409370253853534,6.97454837205124e-06,0.023280039790579205,0.0040202316810145034,medium,0.0028345506415643987,0.002794907464216383,0.003170506882362765,0.0011978069
2025-03-21 10:00:00+00:00,1,0.002629116572548472,6.912253952049024e-06,0.02328712670239593,0.0040202316810145034,medium,0.002842324484343403,0.002512715220275294,0.003107588734206,0.001803746
2025-03-21 10:05:00+00:00,1,0.002610820914772925,6.816385849015734e-06,0.02329073993823075,0.0040202316810145034,medium,0.0026863856431350837,0.002683442846389386,0.003022797869196987,0.0017239571
2025-03-21 10:10:00+00:00,1,0.0025767292888883198,6.639533828214906e-06,0.023290036301624153,0.0040202316810145034,medium,0.002667203218242322,0.002875008903178854,0.0030266976910063707,0.002075498
2025-03-21 10:15:00+00:00,1,0.002638127037777836,6.95971426745446e-06,0.023119688129817868,0.0040202316810145034,medium,0.0025051292602969186,0.002523385008631923,0.0029473657631836968,0.0020172948
2025-03-21 10:20:00+00:00,1,0.0025850071367179437,6.6822618968827026e-06,0.02248946353933359,0.0040202316810145034,medium,0.0026274637451898595,0.0028256200289931872,0.0033176870986868527,0.0018991093
2025-03-21 10:25:00+00:00,1,0.0021322512159826484,4.546495248059482e-06,0.02241517322908836,0.0040202316810145034,medium,0.002522706197882697,0.0030952718740149036,0.0033057231850796465,0.001366484
2025-03-21 10:30:00+00:00,1,0.002192471774911768,4.806932483784758e-06,0.02240787450466005,0.0040202316810145034,medium,0.002470463064470627,0.0025900015717593146,0.0031321099230683454,0.0017038888
2025-03-21 10:35:00+00:00,1,0.002040944377726058,4.165453952971606e-06,0.0224145853521689,0.0040202316810145034,medium,0.00247468586399956,0.0029705254184135936,0.003492405646385992,0.0016579956
2025-03-21 10:40:00+00:00,1,0.002057670706439279,4.234008736138323e-06,0.022395921043966534,0.0040202316810145034,medium,0.0024588132312815688,0.002718052360103094,0.0032873600787024053,0.0017127122
2025-03-21 10:45:00+00:00,1,0.0019789994758751257,3.916438925514023e-06,0.022398015107859458,0.0040202316810145034,medium,0.002663396494298648,0.002745684651893277,0.0032123047203096535,0.001410466
2025-03-21 10:50:00+00:00,1,0.001853357474875417,3.4349339296765816e-06,0.022418382701116173,0.0040202316810145034,medium,0.0027651017744816406,0.002528359620432261,0.0030780871779168407,0.0016266281
2025-03-21 10:55:00+00:00,1,0.0019021651235780195,3.6182321573565822e-06,0.022405026555878848,0.0040202316810145034,medium,0.0026409370253853534,0.002272029290216733,0.002962370559529852,0.0014879259
2025-03-21 11:00:00+00:00,1,0.001826034483661349,3.3344019355203693e-06,0.022409001572558086,0.0040202316810145034,medium,0.002629116572548472,0.0022342284250857864,0.0029625405783244873,0.0014610273
2025-03-21 11:05:00+00:00,1,0.0018598868825772472,3.459179215982911e-06,0.022388737251433102,0.0040202316810145034,medium,0.002610820914772925,0.002595818947051718,0.0031284989272622257,0.0014736986
2025-03-21 11:10:00+00:00,1,0.0020115209924473445,4.046216703056349e-06,0.022388631839994358,0.0040202316810145034,medium,0.0025767292888883198,0.002363910247071504,0.002983634799196809,0.0016184133
2025-03-21 11:15:00+00:00,1,0.0019567223828829768,3.828762483675235e-06,0.022394162873101173,0.0040202316810145034,medium,0.002638127037777836,0.0024696091255457975,0.0029092021783004574,0.0014458703
2025-03-21 11:20:00+00:00,1,0.0019985526874681143,3.9942128445860225e-06,0.022390531010994197,0.0040202316810145034,medium,0.0025850071367179437,0.0022519402593497995,0.002989466201641903,0.0015257647
2025-03-21 11:25:00+00:00,1,0.0022491732323456897,5.058780229100358e-06,0.022373363383318027,0.0040202316810145034,medium,0.0021322512159826484,0.0023036012212911735,0.0029764305501274214,0.0014781944
2025-03-21 11:30:00+00:00,1,0.0023737690790810216,5.634779640801162e-06,0.022365390829489323,0.0040202316810145034,medium,0.002192471774911768,0.0023094776837223776,0.002990935695551577,0.0015221299
2025-03-21 11:35:00+00:00,1,0.002714572245778638,7.368902477551679e-06,0.022341012908556765,0.0040202316810145034,medium,0.002040944377726058,0.00250374088505858,0.0029908341777998265,0.0015774242
2025-03-21 11:40:00+00:00,1,0.004083645870367496,1.6676163594569506e-05,0.022332861881652954,0.0040202316810145034,medium,0.002057670706439279,0.002308236038226384,0.0030207122989748007,0.0014256468
2025-03-21 11:45:00+00:00,1,0.00413634733819397,1.710936930218434e-05,0.022345529387739295,0.0040202316810145034,medium,0.0019789994758751257,0.002377711947408316,0.0030051510444065346,0.0013939717
2025-03-21 11:50:00+00:00,1,0.004136093827710144,1.710727215162195e-05,0.022356948392629288,0.0040202316810145034,medium,0.001853357474875417,0.0022509061880859773,0.002933599895590398,0.0012234717
2025-03-21 11:55:00+00:00,1,0.0043825997193378975,1.920718029994062e-05,0.02236326533073405,0.0040202316810145034,medium,0.0019021651235780195,0.0022566875649027494,0.0029943553395228775,0.0013462862
2025-03-21 12:00:00+00:00,1,0.005351002841201905,2.8633231406550858e-05,0.02236251799453727,0.0040202316810145034,medium,0.001826034483661349,0.002110067302426618,0.0029148019415862043,0.0012175622
2025-03-21 12:05:00+00:00,1,0.00534427440363048,2.856126890129993e-05,0.0223146431133611,0.0040202316810145034,medium,0.0018598868825772472,0.0023300310837719345,0.002931915117420488,0.0013479268
2025-03-21 12:10:00+00:00,1,0.005316156442357863,2.8261519319623006e-05,0.022325972191643666,0.0040202316810145034,medium,0.0020115209924473445,0.002652981768597859,0.0027662665201834322,0.001260115
2025-03-21 12:15:00+00:00,1,0.005337709544652866,2.84911431830783e-05,0.022327602415022487,0.0040202316810145034,medium,0.0019567223828829768,0.0032270728973810216,0.0028862748583208166,0.0014063733
2025-03-21 12:20:00+00:00,1,0.005679115238961748,3.225234989740756e-05,0.022311711969855118,0.0040202316810145034,medium,0.0019985526874681143,0.002984647591553953,0.00281671214693888,0.0017415477
2025-03-21 12:25:00+00:00,1,0.006161268171199466,3.7961225477435616e-05,0.022335575669434643,0.0040202316810145034,medium,0.0022491732323456897,0.003101844689885584,0.002781147346265727,0.0012974233
2025-03-21 12:30:00+00:00,1,0.006303632757703037,3.973578594398679e-05,0.022306565883542444,0.0040202316810145034,medium,0.0023737690790810216,0.002765645375874794,0.0028757434581966764,0.0013868088
2025-03-21 12:35:00+00:00,1,0.007061875944595961,4.9870091856863094e-05,0.022349350374219788,0.0040202316810145034,medium,0.002714572245778638,0.00287146020071094,0.0030322904616813975,0.0018002093
2025-03-21 12:40:00+00:00,1,0.006400713766529845,4.096913672104468e-05,0.022554326130068664,0.0040202316810145034,medium,0.004083645870367496,0.003879699971136801,0.003923338304277405,0.0019369749
2025-03-21 12:45:00+00:00,1,0.008171384961475488,6.677153218862775e-05,0.02257484840091997,0.0040202316810145034,medium,0.00413634733819397,0.005037413631050917,0.004486069596521991,0.0024205642
2025-03-21 12:50:00+00:00,1,0.008159155017419548,6.657181059828259e-05,0.022584657743452006,0.0040202316810145034,medium,0.004136093827710144,0.004104082817620227,0.004274656336648624,0.0032559643
2025-03-21 12:55:00+00:00,1,0.00831782711265581,6.918624787603208e-05,0.022639911746326704,0.0040202316810145034,medium,0.0043825997193378975,0.0040095671212544625,0.003950433373954411,0.001723732
2025-03-21 13:00:00+00:00,1,0.0078040059898896634,6.090250949023374e-05,0.022829531908658277,0.0040202316810145034,medium,0.005351002841201905,0.007073008708404105,0.005327791660020849,0.0033569562
2025-03-21 13:05:00+00:00,1,0.007820054154075107,6.115324697266734e-05,0.022822551955022558,0.0040202316810145034,medium,0.00534427440363048,0.0056154167176193795,0.005783162784134215,0.0041435366
2025-03-21 13:10:00+00:00,1,0.008385178382244948,7.0311216502068e-05,0.022817215340778043,0.0040202316810145034,medium,0.005316156442357863,0.005071095071930539,0.005268008702531613,0.0039135753
2025-03-21 13:15:00+00:00,1,0.008544258563390854,7.300435439807795e-05,0.022803095009274785,0.0040202316810145034,medium,0.005337709544652866,0.00491864504255355,0.0054100439997432715,0.0030893025
2025-03-21 13:20:00+00:00,1,0.008666481768722298,7.510790624759598e-05,0.022892573829347413,0.0040202316810145034,medium,0.005679115238961748,0.004344660094720373,0.005014644612751708,0.004686092
2025-03-21 13:25:00+00:00,1,0.008561361564130994,7.32969118317795e-05,0.022906211141653563,0.0040202316810145034,medium,0.006161268171199466,0.004485458544506895,0.004658696727831409,0.00308332
2025-03-21 13:30:00+00:00,1,0.008447056961222525,7.135277130613791e-05,0.02296243694729871,0.0040202316810145034,medium,0.006303632757703037,0.004749148888940287,0.004976170981543878,0.0041272016
2025-03-21 13:35:00+00:00,1,0.007730918798609267,5.976710547069015e-05,0.02313972837150511,0.0040202316810145034,medium,0.007061875944595961,0.006432908321554512,0.005989255942342682,0.0063106506
2025-03-21 13:40:00+00:00,1,0.007975763159023338,6.361279796883393e-05,0.02301207969745629,0.0040202316810145034,medium,0.006400713766529845,0.006196584447657835,0.0061973267021881145,0.0059105083
2025-03-21 13:45:00+00:00,1,0.006201122956325446,3.845392591946644e-05,0.02357392545040349,0.0040202316810145034,medium,0.008171384961475488,0.005532174682224017,0.006634735456019777,0.0066028014
2025-03-21 13:50:00+00:00,1,0.006175814425698639,3.8140683820667406e-05,0.02354305743353995,0.0040202316810145034,medium,0.008159155017419548,0.0063118163642308526,0.007239636680905498,0.008136166
2025-03-21 13:55:00+00:00,1,0.005746948492192383,3.302741697191231e-05,0.02348591052607074,0.0040202316810145034,medium,0.00831782711265581,0.005966317013938158,0.006212320587865129,0.008460936
2025-03-21 14:00:00+00:00,1,0.005958408615760004,3.550263323236305e-05,0.023509141936788044,0.0040202316810145034,medium,0.0078040059898896634,0.00513149214084837,0.006166930383186246,0.009311109
2025-03-21 14:05:00+00:00,1,0.006239580222211984,3.893236134941895e-05,0.023175245431960857,0.0040202316810145034,medium,0.007820054154075107,0.004638755424229373,0.005940578168105775,0.0037961581
2025-03-21 14:10:00+00:00,1,0.00543761940425881,2.956770478557193e-05,0.02326784113865954,0.0040202316810145034,medium,0.008385178382244948,0.005646295164309477,0.006658649165724352,0.0070742527
2025-03-21 14:15:00+00:00,1,0.00578067807729297,3.341623903329555e-05,0.023326022043611214,0.0040202316810145034,medium,0.008544258563390854,0.0060533009502337035,0.006626437836893396,0.0075070197
2025-03-21 14:20:00+00:00,1,0.0052607417532873025,2.7675403794780363e-05,0.0231600326037118,0.0040202316810145034,medium,0.008666481768722298,0.005115338746978767,0.0064196794258146814,0.005032242
2025-03-21 14:25:00+00:00,1,0.004834920348044458,2.337645477193435e-05,0.023260277664680824,0.0040202316810145034,medium,0.008561361564130994,0.005764451182773257,0.006335091051538425,0.010897564
2025-03-21 14:30:00+00:00,1,0.004857617760141452,2.359645030364166e-05,0.02327154064351688,0.0040202316810145034,medium,0.008447056961222525,0.006400073458241256,0.006266813408539171,0.011218196
2025-03-21 14:35:00+00:00,1,0.0048755680177556705,2.3771163495761956e-05,0.023126632375537654,0.0040202316810145034,medium,0.007730918798609267,0.0054533030060251895,0.0057443355423858105,0.0082056895
2025-03-21 14:40:00+00:00,1,0.004426494715343033,1.95938554649598e-05,0.023178102401165766,0.0040202316810145034,medium,0.007975763159023338,0.00497836024516408,0.005720338276037492,0.0052407393
2025-03-21 14:45:00+00:00,1,0.004485938399011795,2.012364331972851e-05,0.02321821843778793,0.0040202316810145034,medium,0.006201122956325446,0.004531622877025846,0.004915725586286618,0.0044243815
2025-03-21 14:50:00+00:00,1,0.004597835053922089,2.114008718307474e-05,0.023217138187271058,0.0040202316810145034,medium,0.006175814425698639,0.004631199422144711,0.004770016606255794,0.0057693454
2025-03-21 14:55:00+00:00,1,0.004731444805270516,2.2386569945321345e-05,0.02299397609438646,0.0040202316810145034,medium,0.005746948492192383,0.004114105590525079,0.004943102757051634,0.0037069207
2025-03-21 15:00:00+00:00,1,0.00442136764223808,1.9548491827829924e-05,0.022963730226130293,0.0040202316810145034,medium,0.005958408615760004,0.004547653697831805,0.004510967783062925,0.0054340363
2025-03-21 15:05:00+00:00,1,0.004027488465235678,1.6220663337606436e-05,0.021937213556434243,0.0040202316810145034,medium,0.006239580222211984,0.00475866876304497,0.004993284669438475,0.0060115694
2025-03-21 15:10:00+00:00,1,0.0043822356351172626,1.9203989161691598e-05,0.021552014698550618,0.0040202316810145034,medium,0.00543761940425881,0.004124486065261084,0.004790441532298197,0.0031396805
2025-03-21 15:15:00+00:00,1,0.004098686539440224,1.679923134858848e-05,0.0217026647291741,0.0040202316810145034,medium,0.00578067807729297,0.004129882486641686,0.005088867421329776,0.0032776636
2025-03-21 15:20:00+00:00,1,0.004366894809587606,1.906977027800317e-05,0.021468649826779027,0.0040202316810145034,medium,0.0052607417532873025,0.004156236773983738,0.00554406720102009,0.0034761399
2025-03-21 15:25:00+00:00,1,0.0060228464424077624,3.627467926882384e-05,0.02147407878519643,0.0040202316810145034,medium,0.004834920348044458,0.0038069801103078273,0.005233485736852977,0.004550633
2025-03-21 15:30:00+00:00,1,0.00605429044115741,3.6654432745889976e-05,0.021487643766628275,0.0040202316810145034,medium,0.004857617760141452,0.0038098798506379815,0.005209617590192015,0.0044623986
2025-03-21 15:35:00+00:00,1,0.006168129156185567,3.804581728738647e-05,0.02115085493034452,0.0040202316810145034,medium,0.0048755680177556705,0.004043211363234825,0.005292352009518353,0.0035933745
2025-03-21 15:40:00+00:00,1,0.006484180303191487,4.2044594204296436e-05,0.020573197112862002,0.0040202316810145034,medium,0.004426494715343033,0.0035550320993978125,0.004838760094074511,0.003292928
2025-03-21 15:45:00+00:00,1,0.00632082557335915,3.995283592883102e-05,0.020589448544121036,0.0040202316810145034,medium,0.004485938399011795,0.0050016036849458686,0.005293129582539603,0.004861525
2025-03-21 15:50:00+00:00,1,0.006543571177459845,4.281832375448322e-05,0.02059922840376032,0.0040202316810145034,medium,0.004597835053922089,0.004120042357979368,0.005182836522461284,0.0041114953
2025-03-21 15:55:00+00:00,1,0.006452729608698535,4.1637719402974754e-05,0.02025415450627414,0.0040202316810145034,low,0.004731444805270516,0.004254406376847622,0.005119184549913619,0.0037863525
2025-03-21 16:00:00+00:00,1,0.006562598438191804,4.3067698260957504e-05,0.020239160360411235,0.0040202316810145034,low,0.00442136764223808,0.004319164897004421,0.0050870947428025915,0.0046632243
2025-03-21 16:05:00+00:00,1,0.0069472883424603425,4.8264815313285375e-05,0.020220691573748232,0.0040202316810145034,low,0.004027488465235678,0.005693676095974501,0.005273175702612455,0.004872516
2025-03-21 16:10:00+00:00,1,0.006742869385627118,4.5466287551627435e-05,0.020193718358366055,0.0040202316810145034,low,0.0043822356351172626,0.005339088643000251,0.005443710124971983,0.0053096353
2025-03-21 16:15:00+00:00,1,0.006421566542821582,4.123651686388553e-05,0.02022612445077299,0.0040202316810145034,low,0.004098686539440224,0.003727085216033551,0.004922838668260345,0.004045981
2025-03-21 16:20:00+00:00,1,0.006211306466776829,3.858032802422365e-05,0.0202911679915525,0.0040202316810145034,low,0.004366894809587606,0.003863197693373538,0.0053492022585437445,0.0041155675
2025-03-21 16:25:00+00:00,1,0.0045989193848803974,2.115005950862869e-05,0.020621487361818975,0.0040202316810145034,medium,0.0060228464424077624,0.004765846405046706,0.005255870234796127,0.005500936
2025-03-21 16:30:00+00:00,1,0.004689078443275995,2.1987456647195627e-05,0.02043172215419083,0.0040202316810145034,low,0.00605429044115741,0.0038487567946759427,0.004986391789442838,0.005063277
2025-03-21 16:35:00+00:00,1,0.004462880505088948,1.9917302402702982e-05,0.020421267381643515,0.0040202316810145034,low,0.006168129156185567,0.003993002040540952,0.004802792034113634,0.0061983196
2025-03-21 16:40:00+00:00,1,0.004322509762881924,1.8684090650209547e-05,0.020427872640177622,0.0040202316810145034,low,0.006484180303191487,0.0037881151734671615,0.004802837923445373,0.002851798
2025-03-21 16:45:00+00:00,1,0.0045704939231095655,2.0889414701181465e-05,0.020295093364380165,0.0040202316810145034,low,0.00632082557335915,0.0035992550132509646,0.004782989393093624,0.0021096154
2025-03-21 16:50:00+00:00,1,0.004149318217499729,1.7216841670075127e-05,0.02031648194579538,0.0040202316810145034,low,0.006543571177459845,0.0035698251759681693,0.004542571462557059,0.002955532
2025-03-21 16:55:00+00:00,1,0.0041767209477936995,1.74449978757387e-05,0.020305729398052304,0.0040202316810145034,low,0.006452729608698535,0.003457467778462865,0.004741572017491064,0.0024066097
2025-03-21 17:00:00+00:00,1,0.003946019368339133,1.557106885530757e-05,0.020359442190684352,0.0040202316810145034,low,0.006562598438191804,0.0038595346317408193,0.004642703692437339,0.0028050665
2025-03-21 17:05:00+00:00,1,0.003118826481110735,9.72707861927757e-06,0.02028784732437402,0.0040202316810145034,low,0.0069472883424603425,0.003901086494657291,0.004903071853156773,0.0018930463
2025-03-21 17:10:00+00:00,1,0.003126684798411719,9.77615782861893e-06,0.020279492124691607,0.0040202316810145034,low,0.006742869385627118,0.003175081248268928,0.0046433348034138275,0.003249777
2025-03-21 17:15:00+00:00,1,0.003123115351018669,9.753849495768466e-06,0.020280420605091064,0.0040202316810145034,low,0.006421566542821582,0.003506141586264665,0.004973834589284445,0.0033178069
2025-03-21 17:20:00+00:00,1,0.0032185315905371775,1.0358945599285773e-05,0.02025889999019395,0.0040202316810145034,low,0.006211306466776829,0.002884806064803488,0.004528208147531216,0.0027322683
2025-03-21 17:25:00+00:00,1,0.00317882754310413,1.010494454879744e-05,0.02017791750848755,0.0040202316810145034,low,0.0045989193848803974,0.0029532461254671216,0.004328591208027292,0.0029268055
2025-03-21 17:30:00+00:00,1,0.002905594484954647,8.442479310998858e-06,0.020185745748522412,0.0040202316810145034,low,0.004689078443275995,0.003252447561686242,0.004483509895360869,0.00277842
2025-03-21 17:35:00+00:00,1,0.0031822705855412397,1.0126846079600984e-05,0.02009601301930029,0.0040202316810145034,low,0.004462880505088948,0.0033314369247925413,0.004743085777938831,0.002991961
2025-03-21 17:40:00+00:00,1,0.003277537020960054,1.0742248923763705e-05,0.019942291662653776,0.0040202316810145034,low,0.004322509762881924,0.0028950028257409533,0.0038975546178612853,0.002547756
2025-03-21 17:45:00+00:00,1,0.003047509405606291,9.28731357725881e-06,0.019936646570096674,0.0040202316810145034,low,0.0045704939231095655,0.0033627772619644115,0.0041909922344076644,0.0031227074
2025-03-21 17:50:00+00:00,1,0.003346612010777088,1.1199811950677465e-05,0.01989541482583632,0.0040202316810145034,low,0.004149318217499729,0.003770222617223801,0.004505397156577954,0.0033038747
2025-03-21 17:55:00+00:00,1,0.003409415972739972,1.162411727517445e-05,0.01968567315042135,0.0040202316810145034,low,0.0041767209477936995,0.0032297000344129697,0.004360283053140461,0.0028153942
2025-03-21 18:00:00+00:00,1,0.0033591461331708527,1.1283862743996692e-05,0.019653158066250884,0.0040202316810145034,low,0.003946019368339133,0.0029441969925889885,0.0039078652671512585,0.0022362138
2025-03-21 18:05:00+00:00,1,0.003465619779420409,1.2010520455509963e-05,0.01965394535349284,0.0040202316810145034,low,0.003118826481110735,0.003039241208033962,0.003708259286168208,0.0026417891
2025-03-21 18:10:00+00:00,1,0.003458993064602004,1.1964633020964764e-05,0.01965128868058101,0.0040202316810145034,low,0.003126684798411719,0.0031285562370063965,0.003924077378166227,0.0024236215
2025-03-21 18:15:00+00:00,1,0.0035498032570292766,1.260110316361566e-05,0.01962229312142711,0.0040202316810145034,low,0.003123115351018669,0.0029446560645024597,0.003971693274250307,0.0022486034
2025-03-21 18:20:00+00:00,1,0.0034868680763837576,1.2158248982104166e-05,0.019627040040181037,0.0040202316810145034,low,0.0032185315905371775,0.002752169653486606,0.0035930554349791815,0.0021653231
2025-03-21 18:25:00+00:00,1,0.0035632945282649507,1.2697067895162937e-05,0.019564712434812274,0.0040202316810145034,low,0.00317882754310413,0.0025831684754039357,0.0035970431493596265,0.0017541007
2025-03-21 18:30:00+00:00,1,0.004097403072584822,1.6788711939227544e-05,0.01943967905136535,0.0040202316810145034,low,0.002905594484954647,0.002809657144488086,0.0036365086905826467,0.0019961079
2025-03-21 18:35:00+00:00,1,0.00390807577385938,1.5273056254226593e-05,0.019466118907027454,0.0040202316810145034,low,0.0031822705855412397,0.0036633385950112225,0.0038042116902686544,0.0027519453
2025-03-21 18:40:00+00:00,1,0.003672610472451746,1.3488067682362236e-05,0.019504902553905964,0.0040202316810145034,low,0.003277537020960054,0.004335719798599712,0.0041227349223275506,0.0039835656
2025-03-21 18:45:00+00:00,1,0.003527431428656438,1.24427724838732e-05,0.01944340764612188,0.0040202316810145034,low,0.003047509405606291,0.0036727225006423225,0.00422505098218447,0.003668284
2025-03-21 18:50:00+00:00,1,0.003214292835311643,1.033167843113576e-05,0.0194558328920127,0.0040202316810145034,low,0.003346612010777088,0.0035687984348707277,0.004058619501742328,0.0022120327
2025-03-21 18:55:00+00:00,1,0.0033827608944104106,1.1443071268752322e-05,0.01945320970796079,0.0040202316810145034,low,0.003409415972739972,0.0031644719027313075,0.004026770412271223,0.0014037263
2025-03-21 19:00:00+00:00,1,0.0034044396414252714,1.159020927210783e-05,0.019393745430955688,0.0040202316810145034,low,0.0033591461331708527,0.0030166066566497257,0.0038137419256870113,0.0016482322
2025-03-21 19:05:00+00:00,1,0.0033278982114470605,1.1074906505752544e-05,0.01941436203576969,0.0040202316810145034,low,0.003465619779420409,0.0034301966433788697,0.004170785794115631,0.0014092606
2025-03-21 19:10:00+00:00,1,0.003407872821029881,1.1613597164314158e-05,0.019359477215389387,0.0040202316810145034,low,0.003458993064602004,0.0033172219451585282,0.0041179412845244396,0.00167717
2025-03-21 19:15:00+00:00,1,0.0033715183612321765,1.13671360601257e-05,0.019363577029857595,0.0040202316810145034,low,0.0035498032570292766,0.0032137049662113487,0.003995600281104092,0.0017226958
2025-03-21 19:20:00+00:00,1,0.003440260388694032,1.1835391542017212e-05,0.019256488895126496,0.0040202316810145034,low,0.0034868680763837576,0.0031968813468555035,0.003938655819703819,0.0010865834
2025-03-21 19:25:00+00:00,1,0.003333560719645781,1.1112627071565297e-05,0.01926500224477018,0.0040202316810145034,low,0.0035632945282649507,0.002848143220846598,0.003450640030612045,0.0013300001
2025-03-21 19:30:00+00:00,1,0.0028182505549109445,7.942536190255847e-06,0.019262190087551766,0.0040202316810145034,low,0.004097403072584822,0.0032539974283100803,0.004268733503145943,0.0011466149
2025-03-21 19:35:00+00:00,1,0.0027974768079054055,7.825876490768616e-06,0.01919934786753618,0.0040202316810145034,low,0.00390807577385938,0.0028892316705830695,0.0037171329294240834,0.0013450208
2025-03-21 19:40:00+00:00,1,0.0025215793110729403,6.358362222031084e-06,0.019245464328946374,0.0040202316810145034,low,0.003672610472451746,0.0035211655458030145,0.004402674704171274,0.001866133
2025-03-21 19:45:00+00:00,1,0.002529469847063621,6.398217707204058e-06,0.019155824121982638,0.0040202316810145034,low,0.003527431428656438,0.0034239498781890583,0.0044263694726162485,0.0028037762
2025-03-21 19:50:00+00:00,1,0.002527137390263291,6.386423389266756e-06,0.0191471884234509,0.0040202316810145034,low,0.003214292835311643,0.0029363828278077325,0.003768982007343452,0.0026404958
2025-03-21 19:55:00+00:00,1,0.0022513209064457186,5.0684458237995715e-06,0.01911650110357962,0.0040202316810145034,low,0.0033827608944104106,0.002698225796680292,0.0035782391608309857,0.0024138468
2025-03-21 20:00:00+00:00,1,0.0022251713752342223,4.9513876491617606e-06,0.01909128925526467,0.0040202316810145034,low,0.0034044396414252714,0.0028721263508761706,0.0038522222397088866,0.0024477404
2025-03-21 20:05:00+00:00,1,0.002214634337697579,4.904605249709195e-06,0.019071025911521714,0.0040202316810145034,low,0.0033278982114470605,0.002895630051302894,0.003981019496562308,0.0026233438
2025-03-21 20:10:00+00:00,1,0.0021956692436305835,4.820963427425299e-06,0.019076347113002157,0.0040202316810145034,low,0.003407872821029881,0.0030103593507465514,0.004246883582435623,0.0024707527
2025-03-21 20:15:00+00:00,1,0.002359296906954062,5.566281895163005e-06,0.01907503743238169,0.0040202316810145034,low,0.0033715183612321765,0.0028896909935962733,0.003963070031564908,0.0028170473
2025-03-21 20:20:00+00:00,1,0.0021662320427562384,4.692561263063865e-06,0.019037837403842205,0.0040202316810145034,low,0.003440260388694032,0.0025524557620603054,0.0034490629694503786,0.002479186
2025-03-21 20:25:00+00:00,1,0.0021964281301402326,4.824296530871319e-06,0.019022956025817127,0.0040202316810145034,low,0.003333560719645781,0.0024098687944112047,0.003478259324801518,0.0026541606
2025-03-21 20:30:00+00:00,1,0.0018630896437205236,3.4711030205386673e-06,0.019053228228470814,0.0040202316810145034,low,0.0028182505549109445,0.0025757701457761904,0.0032239471926038916,0.0018571273
2025-03-21 20:35:00+00:00,1,0.002610413840831019,6.8142604204021544e-06,0.019050945234434426,0.0040202316810145034,low,0.0027974768079054055,0.002418349107271387,0.0031605551229849853,0.002195859
2025-03-21 20:40:00+00:00,1,0.0025852482148441764,6.683508332355e-06,0.01904363899354399,0.0040202316810145034,low,0.0025215793110729403,0.002297454536309688,0.002868968629172856,0.0019455996
2025-03-21 20:45:00+00:00,1,0.0027831788446276372,7.74608448118283e-06,0.019044020707812928,0.0040202316810145034,low,0.002529469847063621,0.0021463022043997017,0.002833193276151834,0.0017525373
2025-03-21 20:50:00+00:00,1,0.0028256539366102043,7.984320169480744e-06,0.019044009252483052,0.0040202316810145034,low,0.002527137390263291,0.002286387964584816,0.003009293298550573,0.0018789971
2025-03-21 20:55:00+00:00,1,0.0027470094876819702,7.54606112541476e-06,0.019056954633404524,0.0040202316810145034,low,0.0022513209064457186,0.0022785044585681546,0.003103607670126016,0.0019783275
2025-03-21 21:00:00+00:00,1,0.0029014580541554392,8.418458840023468e-06,0.019055883964803202,0.0040202316810145034,low,0.0022251713752342223,0.002701912939730129,0.0030209768828297176,0.002088337
2025-03-21 21:05:00+00:00,1,0.003022799554435082,9.13731714629293e-06,0.01905749529489556,0.0040202316810145034,low,0.002214634337697579,0.0025749485246023595,0.002943400444640722,0.001336725
2025-03-21 21:10:00+00:00,1,0.0029094221844529356,8.464737447386892e-06,0.019069225443557568,0.0040202316810145034,low,0.0021956692436305835,0.0026568775667444064,0.00300651127883852,0.0014833036
2025-03-21 21:15:00+00:00,1,0.002678692248109878,7.175392160083952e-06,0.018979374387779635,0.0040202316810145034,low,0.002359296906954062,0.003253117726024353,0.003209698103346126,0.002718476
2025-03-21 21:20:00+00:00,1,0.002923810619263508,8.548668537318058e-06,0.018971985162176595,0.0040202316810145034,low,0.0021662320427562384,0.0034885217539100937,0.0032281543319338728,0.0026646454
2025-03-21 21:25:00+00:00,1,0.0030370821792434946,9.223868163478415e-06,0.018967987723346947,0.0040202316810145034,low,0.0021964281301402326,0.003860428139692079,0.003355412100316828,0.0026036762
2025-03-21 21:30:00+00:00,1,0.0030452583682706786,9.273598529522596e-06,0.018936604180603448,0.0040202316810145034,low,0.0018630896437205236,0.003015855539830848,0.0030757673350303733,0.0021281403
2025-03-21 21:35:00+00:00,1,0.0025373336900997414,6.43806225491517e-06,0.019007603872428853,0.0040202316810145034,low,0.002610413840831019,0.0034671406249574227,0.003235638828555153,0.002148368
2025-03-21 21:40:00+00:00,1,0.0025498523018060346,6.501746761025533e-06,0.018997886635102976,0.0040202316810145034,low,0.0025852482148441764,0.004173904751207031,0.0032907371643238204,0.0026232938
2025-03-21 21:45:00+00:00,1,0.0023863812425733515,5.694815434905933e-06,0.019017788618578745,0.0040202316810145034,low,0.0027831788446276372,0.0032437389814276183,0.0033632255436816566,0.0026425628
2025-03-21 21:50:00+00:00,1,0.0023952648449292566,5.737293677353976e-06,0.018978126277740256,0.0040202316810145034,low,0.0028256539366102043,0.002968068170010362,0.0033855338577455526,0.0022583774
2025-03-21 21:55:00+00:00,1,0.0023811787597894595,5.670012286072469e-06,0.0189783261716458,0.0040202316810145034,low,0.0027470094876819702,0.0031864573512259166,0.003464858510720862,0.0019780248
2025-03-21 22:00:00+00:00,1,0.00218357041749661,4.767979768166319e-06,0.01900126647991751,0.0040202316810145034,low,0.0029014580541554392,0.0031680025225724316,0.0034356226377306003,0.0023547527
2025-03-21 22:05:00+00:00,1,0.002075762734921799,4.308790931690026e-06,0.01902496650854505,0.0040202316810145034,low,0.003022799554435082,0.003162948174677841,0.0034051446089054653,0.0023656648
2025-03-21 22:10:00+00:00,1,0.0022954529641107655,5.269104310444899e-06,0.01898108618343992,0.0040202316810145034,low,0.0029094221844529356,0.002797829260522925,0.0032650204543424443,0.0019101265
2025-03-21 22:15:00+00:00,1,0.00230543345518575,5.315023416289707e-06,0.018980175456127634,0.0040202316810145034,low,0.002678692248109878,0.0026949115427207025,0.0034631647999058286,0.0015716829
2025-03-21 22:20:00+00:00,1,0.002066390326752259,4.269968982495308e-06,0.019008593379508706,0.0040202316810145034,low,0.002923810619263508,0.002619347116077999,0.002857077913585229,0.0021063285
2025-03-21 22:25:00+00:00,1,0.0018904170341686388,3.5736765630749527e-06,0.018979696169499512,0.0040202316810145034,low,0.0030370821792434946,0.002683089197963231,0.0031652429872148402,0.0017179912
2025-03-21 22:30:00+00:00,1,0.001881445283498792,3.5398363547998493e-06,0.018926600897677396,0.0040202316810145034,low,0.0030452583682706786,0.002219206342343258,0.0030838204598878038,0.0012428133
2025-03-21 22:35:00+00:00,1,0.0017312233104257138,2.9971341505613678e-06,0.018926486497294375,0.0040202316810145034,low,0.0025373336900997414,0.003108642226845922,0.0032227350281286817,0.0011728124
2025-03-21 22:40:00+00:00,1,0.001740507431936086,3.0293661206247487e-06,0.01893307601442638,0.0040202316810145034,low,0.0025498523018060346,0.002924454263543245,0.0033524852767345546,0.0016253628
2025-03-21 22:45:00+00:00,1,0.001651984917741644,2.7290541684458663e-06,0.01893723159369302,0.0040202316810145034,low,0.0023863812425733515,0.002619460076234313,0.003151255597948852,0.0016075961
2025-03-21 22:50:00+00:00,1,0.001568983800879814,2.4617101674232677e-06,0.018923720831019595,0.0040202316810145034,low,0.0023952648449292566,0.002949500829661149,0.0032617707808754695,0.0016780883
2025-03-21 22:55:00+00:00,1,0.0015940250928568038,2.540915996657142e-06,0.01892385032893572,0.0040202316810145034,low,0.0023811787597894595,0.002445379776272187,0.002867608934605638,0.001189877
2025-03-21 23:00:00+00:00,1,0.0017005073904015802,2.8917253848103924e-06,0.018913882060358427,0.0040202316810145034,low,0.00218357041749661,0.0026795767947910367,0.0028074542717306463,0.0010936063
2025-03-21 23:05:00+00:00,1,0.0015612704885477435,2.43756553841011e-06,0.018871726891654637,0.0040202316810145034,low,0.002075762734921799,0.0026287545157035698,0.0027951337468858787,0.0015396978
2025-03-21 23:10:00+00:00,1,0.0012997009269338313,1.6892224994726605e-06,0.018873243223095623,0.0040202316810145034,low,0.0022954529641107655,0.0029770903027750138,0.00292668675679595,0.001397955
2025-03-21 23:15:00+00:00,1,0.0013463828698755552,1.8127468322943364e-06,0.01886016795141473,0.0040202316810145034,low,0.00230543345518575,0.002322037280598619,0.002680268494239648,0.0012550215
2025-03-21 23:20:00+00:00,1,0.0015272621379424374,2.3325296379925044e-06,0.018863038237885776,0.0040202316810145034,low,0.002066390326752259,0.00222118878847556,0.0026741840264464484,0.0013530501
2025-03-21 23:25:00+00:00,1,0.0015559394821855431,2.4209476722238163e-06,0.018864163362219636,0.0040202316810145034,low,0.0018904170341686388,0.002202952571807688,0.0027425176391848703,0.0015682265
2025-03-21 23:30:00+00:00,1,0.00160290663765225,2.5693096890296415e-06,0.018846597428138157,0.0040202316810145034,low,0.001881445283498792,0.0022880434303072378,0.0027165210674055403,0.0014982171
2025-03-21 23:35:00+00:00,1,0.0015980405027901654,2.553733448557845e-06,0.018834234992795185,0.0040202316810145034,low,0.0017312233104257138,0.002435212165013157,0.0027724491148515503,0.0017128184
2025-03-21 23:40:00+00:00,1,0.001504974107573672,2.2649470644671706e-06,0.01881779743184886,0.0040202316810145034,low,0.001740507431936086,0.0027405517030518137,0.002738396935782864,0.0012081164
2025-03-21 23:45:00+00:00,1,0.0016845464045446216,2.837696589064212e-06,0.018817065789503762,0.0040202316810145034,low,0.001651984917741644,0.002368953933410606,0.002624165004222082,0.0013364502
2025-03-21 23:50:00+00:00,1,0.0016966624962903684,2.878663626318264e-06,0.018796898560888568,0.0040202316810145034,low,0.001568983800879814,0.002711437467194516,0.00273366612537989,0.0014727643
2025-03-21 23:55:00+00:00,1,0.0017458884031083207,3.048126316108122e-06,0.01879779751706558,0.0040202316810145034,low,0.0015940250928568038,0.002582315951547671,0.002662789374822557,0.0014810321
2025-03-22 00:00:00+00:00,1,0.0016427086077350664,2.69849156992688e-06,0.018788972404960535,0.0040202316810145034,low,0.0017005073904015802,0.0022694442223734432,0.0026544624988668565,0.0014389908
2025-03-22 00:05:00+00:00,1,0.0017118198377005956,2.9303271567452932e-06,0.01874277322990504,0.0040202316810145034,low,0.0015612704885477435,0.002367758511620109,0.0027294795589172813,0.0017069448
2025-03-22 00:10:00+00:00,1,0.0018806364968270792,3.536793633198029e-06,0.01873131020252488,0.0040202316810145034,low,0.0012997009269338313,0.0026997983033869902,0.0028915042495593563,0.0020253977
2025-03-22 00:15:00+00:00,1,0.0018262317842719993,3.3351225298852904e-06,0.0187336222120751,0.0040202316810145034,low,0.0013463828698755552,0.002471485602211442,0.0029001636497124166,0.0016175113
2025-03-22 00:20:00+00:00,1,0.00171128798494674,2.928506567423074e-06,0.01875663979504457,0.0040202316810145034,low,0.0015272621379424374,0.0024165584903700485,0.002837957265204782,0.0014036687
2025-03-22 00:25:00+00:00,1,0.0016534364300289654,2.73385202814693e-06,0.018689553996350933,0.0040202316810145034,low,0.0015559394821855431,0.0021412725811551293,0.0025191970355679942,0.0011102763
2025-03-22 00:30:00+00:00,1,0.0017371152623304792,3.0175694346214892e-06,0.01869185829311572,0.0040202316810145034,low,0.00160290663765225,0.002375078912785286,0.002418206825678147,0.0016106644
2025-03-22 00:35:00+00:00,1,0.002036214289759535,4.146168633820928e-06,0.018635047355961804,0.0040202316810145034,low,0.0015980405027901654,0.002375662574717984,0.002485534775050328,0.0015332103
2025-03-22 00:40:00+00:00,1,0.0022291225024851755,4.968987131085772e-06,0.018623598708234778,0.0040202316810145034,low,0.001504974107573672,0.0022131973973448875,0.0024065669665057805,0.0011546897
2025-03-22 00:45:00+00:00,1,0.0021064356444483187,4.4370711242024046e-06,0.01863724861744115,0.0040202316810145034,low,0.0016845464045446216,0.0021617556439559264,0.0024905127089590346,0.001039181
2025-03-22 00:50:00+00:00,1,0.0021159732664152663,4.477342864184091e-06,0.01862396506136984,0.0040202316810145034,low,0.0016966624962903684,0.002327751788868359,0.002652082585770547,0.0013032914
2025-03-22 00:55:00+00:00,1,0.0021259140507000436,4.519510550963867e-06,0.018623795735451747,0.0040202316810145034,low,0.0017458884031083207,0.00214066807424953,0.002767285093151702,0.0009881611
2025-03-22 01:00:00+00:00,1,0.002131416693709317,4.542937122222756e-06,0.018620408671234066,0.0040202316810145034,low,0.0016427086077350664,0.0019775233483518887,0.002684240914934365,0.00086943246
2025-03-22 01:05:00+00:00,1,0.0020909014184293693,4.371868741589948e-06,0.018627612536240498,0.0040202316810145034,low,0.0017118198377005956,0.0021521709483414905,0.0027208884343841093,0.0010617508
2025-03-22 01:10:00+00:00,1,0.002200331297717842,4.841457819716682e-06,0.01864055252560573,0.0040202316810145034,low,0.0018806364968270792,0.0026678908831859645,0.002947609731743478,0.0013951607
2025-03-22 01:15:00+00:00,1,0.0022240631251436295,4.946456784623648e-06,0.018641286811671612,0.0040202316810145034,low,0.0018262317842719993,0.0026350161780111475,0.0028568295594619403,0.00082239864
2025-03-22 01:20:00+00:00,1,0.002154578994253639,4.642210642479023e-06,0.018646515334922033,0.0040202316810145034,low,0.00171128798494674,0.0023793836892679328,0.0027971631749081137,0.0011904195
2025-03-22 01:25:00+00:00,1,0.0021739119588724556,4.725893204928676e-06,0.01862259586395851,0.0040202316810145034,low,0.0016534364300289654,0.002333752334320565,0.0024869078279499955,0.0007226432
2025-03-22 01:30:00+00:00,1,0.0022153162881787896,4.90762625667025e-06,0.01862354158955302,0.0040202316810145034,low,0.0017371152623304792,0.0022232743262494644,0.0027801969955751496,0.0010526999
2025-03-22 01:35:00+00:00,1,0.0019885787865883955,3.954445590469375e-06,0.018557216256660382,0.0040202316810145034,low,0.002036214289759535,0.0027327007273215314,0.00288049480405222,0.00067649636
2025-03-22 01:40:00+00:00,1,0.0017677848487846555,3.125063271592587e-06,0.018579204267823057,0.0040202316810145034,low,0.0022291225024851755,0.003089923814425637,0.0031186784454561257,0.0013208814
2025-03-22 01:45:00+00:00,1,0.00176856258399533,3.1278136135082385e-06,0.018580268373395537,0.0040202316810145034,low,0.0021064356444483187,0.00257902959832668,0.003001335156278905,0.0013365318
2025-03-22 01:50:00+00:00,1,0.0017571213836874494,3.0874755570116965e-06,0.01851768250987118,0.0040202316810145034,low,0.0021159732664152663,0.002489447246095695,0.0029382456982286944,0.00134299
2025-03-22 01:55:00+00:00,1,0.0018805915575532725,3.5366246063406435e-06,0.018518877089018775,0.0040202316810145034,low,0.0021259140507000436,0.0026742035448347736,0.002694782106594416,0.00138323
2025-03-22 02:00:00+00:00,1,0.0019133286483082252,3.66082651643698e-06,0.018513533262930437,0.0040202316810145034,low,0.002131416693709317,0.0021459209674997305,0.0027610838512384184,0.00096801657
2025-03-22 02:05:00+00:00,1,0.0019093337635652362,3.645555420690189e-06,0.018514331484977584,0.0040202316810145034,low,0.0020909014184293693,0.0025372721759356074,0.002858650846587616,0.0011402401
2025-03-22 02:10:00+00:00,1,0.0015362807872257864,2.360158657199082e-06,0.018543807343359548,0.0040202316810145034,low,0.002200331297717842,0.002286156328021514,0.0026720093593881893,0.001039649
2025-03-22 02:15:00+00:00,1,0.0015575618118574708,2.4259987977567273e-06,0.01853337764629007,0.0040202316810145034,low,0.0022240631251436295,0.0023199449722576884,0.0028548149265852606,0.001139288
2025-03-22 02:20:00+00:00,1,0.001950476679481784,3.804359277202286e-06,0.01851737124729879,0.0040202316810145034,low,0.002154578994253639,0.0023643223602079063,0.0028975833681181167,0.0011012616
2025-03-22 02:25:00+00:00,1,0.0019323156407828406,3.7338437356140003e-06,0.018517338848860185,0.0040202316810145034,low,0.0021739119588724556,0.002037625704414928,0.002630693923802977,0.0012960783
2025-03-22 02:30:00+00:00,1,0.0017642213004746242,3.1124767970483743e-06,0.018500248542197593,0.0040202316810145034,low,0.0022153162881787896,0.0026444409118609323,0.0023922828207387837,0.0012812566
2025-03-22 02:35:00+00:00,1,0.0017212723940986637,2.962778654686145e-06,0.018493765805204298,0.0040202316810145034,low,0.0019885787865883955,0.0021629645092409704,0.0024132049656929526,0.0014876485
2025-03-22 02:40:00+00:00,1,0.0017241735720229512,2.972774506462383e-06,0.018492623955360634,0.0040202316810145034,low,0.0017677848487846555,0.0022752668017512008,0.002368454452668225,0.0013694147
2025-03-22 02:45:00+00:00,1,0.0017350266617864934,3.010317517109983e-06,0.018493563969386534,0.0040202316810145034,low,0.00176856258399533,0.0018218606579024185,0.0023428106981525213,0.00070759427
2025-03-22 02:50:00+00:00,1,0.0017199978345500662,2.958392550856917e-06,0.018432352406321056,0.0040202316810145034,low,0.0017571213836874494,0.002233280619980521,0.002580733118072614,0.0010628926
2025-03-22 02:55:00+00:00,1,0.0015948148647455327,2.543434452813312e-06,0.01845208261048251,0.0040202316810145034,low,0.0018805915575532725,0.002108134885766283,0.002281001633486066,0.0005853538
2025-03-22 03:00:00+00:00,1,0.0016147579377057341,2.6074431973836755e-06,0.018456094917476434,0.0040202316810145034,low,0.0019133286483082252,0.0020271658803317047,0.002360014948141993,0.0008927189
2025-03-22 03:05:00+00:00,1,0.001590761947314877,2.5305235730250193e-06,0.018442835247977258,0.0040202316810145034,low,0.0019093337635652362,0.0020428722626844565,0.0025832829777824424,0.0008799546
2025-03-22 03:10:00+00:00,1,0.0016347690540822505,2.672469860184976e-06,0.018374074612441935,0.0040202316810145034,low,0.0015362807872257864,0.002432408915417555,0.0025936223359570893,0.0010714977
2025-03-22 03:15:00+00:00,1,0.0016163231380020057,2.6125004864406505e-06,0.018369715437333664,0.0040202316810145034,low,0.0015575618118574708,0.0019768168561971984,0.0028507264893117648,0.0010024114
2025-03-22 03:20:00+00:00,1,0.0010407177149490343,1.0830933622087395e-06,0.018372413664690942,0.0040202316810145034,low,0.001950476679481784,0.0024283365988521386,0.002661285579739076,0.0013432896
2025-03-22 03:25:00+00:00,1,0.0012264079956404647,1.5040765717708622e-06,0.01835111085448397,0.0040202316810145034,low,0.0019323156407828406,0.002289455152025144,0.002693700520706242,0.0013022783
2025-03-22 03:30:00+00:00,1,0.001233735907735268,1.5221042900353656e-06,0.018345777378369853,0.0040202316810145034,low,0.0017642213004746242,0.001953198103271918,0.002751803780340731,0.0010818441
2025-03-22 03:35:00+00:00,1,0.001297181734766753,1.6826804530124827e-06,0.01834588350108026,0.0040202316810145034,low,0.0017212723940986637,0.0019061651159171416,0.0027439867960625274,0.001079606
2025-03-22 03:40:00+00:00,1,0.0012932625111545242,1.672527922757706e-06,0.018330080050582905,0.0040202316810145034,low,0.0017241735720229512,0.002085127628422153,0.0026769434325703404,0.0011818858
2025-03-22 03:45:00+00:00,1,0.0012806289034236781,1.6400103882841323e-06,0.018303670545273494,0.0040202316810145034,low,0.0017350266617864934,0.0021547167332503425,0.002568763294858032,0.0011100535
2025-03-22 03:50:00+00:00,1,0.0013391479482373382,1.7933172272682727e-06,0.01830061346918079,0.0040202316810145034,low,0.0017199978345500662,0.002412320544432094,0.0026396885610254625,0.0012423688
2025-03-22 03:55:00+00:00,1,0.001209059842692151,1.4618257032107688e-06,0.018307019793605418,0.0040202316810145034,low,0.0015948148647455327,0.002264688805271612,0.0023353034442647894,0.0010186258
2025-03-22 04:00:00+00:00,1,0.0011979134546794873,1.434996644902144e-06,0.01831279121378389,0.0040202316810145034,low,0.0016147579377057341,0.00264989974586153,0.002494011584624468,0.0006713019
2025-03-22 04:05:00+00:00,1,0.0012125550671358055,1.470289790836718e-06,0.01825893154649431,0.0040202316810145034,low,0.001590761947314877,0.0024390196130417807,0.0025734878169001614,0.0011395155
2025-03-22 04:10:00+00:00,1,0.0011237986335648096,1.2629233688021333e-06,0.018260247231021536,0.0040202316810145034,low,0.0016347690540822505,0.0022338189229902175,0.002500142550682095,0.0010908844
2025-03-22 04:15:00+00:00,1,0.0011535419233877713,1.330658969013159e-06,0.018263566098865498,0.0040202316810145034,low,0.0016163231380020057,0.002355961811908684,0.0025316848605219937,0.0011190654
2025-03-22 04:20:00+00:00,1,0.0011543308141733048,1.3324796285500045e-06,0.018263564196333265,0.0040202316810145034,low,0.0010407177149490343,0.0023831110129988965,0.0024544930495140832,0.0009750284
2025-03-22 04:25:00+00:00,1,0.0010419367284359663,1.0856321460638444e-06,0.01827536938134321,0.0040202316810145034,low,0.0012264079956404647,0.002084691158684597,0.0025381552064811445,0.0007461425
2025-03-22 04:30:00+00:00,1,0.0013196601222900846,1.741502838362681e-06,0.01826742805002687,0.0040202316810145034,low,0.001233735907735268,0.0018160859300116398,0.0023945865278569727,0.00071662816
2025-03-22 04:35:00+00:00,1,0.0013101159858475134,1.7164038963732018e-06,0.018239180049723996,0.0040202316810145034,low,0.001297181734766753,0.0018019167836877744,0.00230258896961474,0.0006688793
2025-03-22 04:40:00+00:00,1,0.0013255399790435896,1.7570562360428801e-06,0.01823433707235014,0.0040202316810145034,low,0.0012932625111545242,0.0016746536331623356,0.002501720168520334,0.00060989626
2025-03-22 04:45:00+00:00,1,0.001323788755032817,1.7524166679513357e-06,0.018235667352746652,0.0040202316810145034,low,0.0012806289034236781,0.00165665294142224,0.0025485022443866258,0.00055430335
2025-03-22 04:50:00+00:00,1,0.0013259079469217887,1.7580318837103526e-06,0.01822949867789769,0.0040202316810145034,low,0.0013391479482373382,0.0018888168941901319,0.002587350274031515,0.0006199877
2025-03-22 04:55:00+00:00,1,0.00143293282914623,2.053296492845019e-06,0.018206048969890747,0.0040202316810145034,low,0.001209059842692151,0.001955099261548341,0.0023923637885197697,0.00055893563
2025-03-22 05:00:00+00:00,1,0.001403124437819178,1.9687581880053842e-06,0.018203268183433083,0.0040202316810145034,low,0.0011979134546794873,0.0022385897338911185,0.002720577028408924,0.00075762445
2025-03-22 05:05:00+00:00,1,0.001628416111188498,2.6517390311782706e-06,0.018187253966169555,0.0040202316810145034,low,0.0012125550671358055,0.0021981113178866103,0.0023492569975986197,0.00062301796
2025-03-22 05:10:00+00:00,1,0.0016589767472253792,2.7522038478344996e-06,0.018160281928383794,0.0040202316810145034,low,0.0011237986335648096,0.001957964426458317,0.002340750615858291,0.0005715908
2025-03-22 05:15:00+00:00,1,0.0015920626630470606,2.5346635230684983e-06,0.018164089783856585,0.0040202316810145034,low,0.0011535419233877713,0.0019218273339746156,0.002523458369240107,0.000690652
2025-03-22 05:20:00+00:00,1,0.001592603328812395,2.5363853629443215e-06,0.018150365057424657,0.0040202316810145034,low,0.0011543308141733048,0.0019082102258648386,0.002567249552851043,0.00072102
2025-03-22 05:25:00+00:00,1,0.0015307436571085709,2.343176143778122e-06,0.01814155853406518,0.0040202316810145034,low,0.0010419367284359663,0.0022959468052769173,0.0025474126638959623,0.00083572726
2025-03-22 05:30:00+00:00,1,0.0015923019733760427,2.53542557441724e-06,0.01811826923877917,0.0040202316810145034,low,0.0013196601222900846,0.0020063056382286634,0.0026208950628647527,0.0007339108
2025-03-22 05:35:00+00:00,1,0.0021427684437426518,4.591456603499305e-06,0.018108443342223605,0.0040202316810145034,low,0.0013101159858475134,0.002269792308260867,0.0026977157990054623,0.00071286317
2025-03-22 05:40:00+00:00,1,0.0023629676095077434,5.58361592358274e-06,0.01809477695069008,0.0040202316810145034,low,0.0013255399790435896,0.002094199586567748,0.002267386204820715,0.00074192736
2025-03-22 05:45:00+00:00,1,0.0023833312941503562,5.680268057676412e-06,0.01809381578140405,0.0040202316810145034,low,0.001323788755032817,0.0026077567989179007,0.0022915269424986745,0.0004998972
2025-03-22 05:50:00+00:00,1,0.002383753204348992,5.6822793392440864e-06,0.0180889583313955,0.0040202316810145034,low,0.0013259079469217887,0.0018923994303323827,0.0023367933017118285,0.00082172087
2025-03-22 05:55:00+00:00,1,0.002349751763383218,5.521333349522543e-06,0.01809275964158387,0.0040202316810145034,low,0.00143293282914623,0.0018980071131669766,0.002302247363821854,0.0008375352
2025-03-22 06:00:00+00:00,1,0.002347084500269136,5.5088056514036205e-06,0.01806618725464987,0.0040202316810145034,low,0.001403124437819178,0.002066221897584827,0.0023962102216135567,0.0008234966
2025-03-22 06:05:00+00:00,1,0.0022899671179292037,5.243949401196983e-06,0.018084197264718046,0.0040202316810145034,low,0.001628416111188498,0.0021376245386332134,0.0021431542577315197,0.0008368079
2025-03-22 06:10:00+00:00,1,0.0023076517153197765,5.325256439218306e-06,0.017894778228425275,0.0040202316810145034,low,0.0016589767472253792,0.0019373580142312238,0.0023362888949920333,0.00084334693
2025-03-22 06:15:00+00:00,1,0.002320250977553003,5.383564598835666e-06,0.01789448159320428,0.0040202316810145034,low,0.0015920626630470606,0.0017070608055830836,0.002230092380824552,0.0007168626
2025-03-22 06:20:00+00:00,1,0.002372923748889995,5.630767118046149e-06,0.017839944038291027,0.0040202316810145034,low,0.001592603328812395,0.0017248120689877485,0.0022950398313663174,0.00066424103
2025-03-22 06:25:00+00:00,1,0.0023798064816169993,5.6634788899462815e-06,0.01780211395513016,0.0040202316810145034,low,0.0015307436571085709,0.0019122292853396066,0.002295293596652726,0.00075649633
2025-03-22 06:30:00+00:00,1,0.002224821313508704,4.949829877042594e-06,0.01782689034850803,0.0040202316810145034,low,0.0015923019733760427,0.0020835867098580535,0.002091267594496033,0.0006518832
2025-03-22 06:35:00+00:00,1,0.0018132553689392784,3.2878950329871187e-06,0.01785585476514009,0.0040202316810145034,low,0.0021427684437426518,0.0025642395905015546,0.002150836410352935,0.00088887947
2025-03-22 06:40:00+00:00,1,0.0016098922844214967,2.5917531674398654e-06,0.017830087938179986,0.0040202316810145034,low,0.0023629676095077434,0.002253805494533244,0.0018565414480021156,0.0009968996
2025-03-22 06:45:00+00:00,1,0.0015664340727093615,2.4537157041448377e-06,0.01783054586296967,0.0040202316810145034,low,0.0023833312941503562,0.002271991708918739,0.0020598790443189375,0.00091254007
2025-03-22 06:50:00+00:00,1,0.001562819782346518,2.4424056720936183e-06,0.01781308851344157,0.0040202316810145034,low,0.002383753204348992,0.002135268937952593,0.002118547261053027,0.0009127964
2025-03-22 06:55:00+00:00,1,0.0016536613019949012,2.734595701715472e-06,0.017805719870715976,0.0040202316810145034,low,0.002349751763383218,0.0019238510539299858,0.0020819794391857436,0.0008011077
2025-03-22 07:00:00+00:00,1,0.0017435181303978608,3.0398554710260516e-06,0.017808077037512367,0.0040202316810145034,low,0.002347084500269136,0.0018000595122549129,0.002080701096278342,0.0006540184
2025-03-22 07:05:00+00:00,1,0.0016043948381383889,2.574082796645107e-06,0.017799325271833994,0.0040202316810145034,low,0.0022899671179292037,0.002195803791995403,0.0019877810840123627,0.00085329294
2025-03-22 07:10:00+00:00,1,0.0016312900564813741,2.6611072483750046e-06,0.01780340245985199,0.0040202316810145034,low,0.0023076517153197765,0.0019885003973337174,0.0019270902074076863,0.00081403845
2025-03-22 07:15:00+00:00,1,0.0016416915648233097,2.6951511940120074e-06,0.017798255499728535,0.0040202316810145034,low,0.002320250977553003,0.001812293614960704,0.0019111802379195295,0.00072266936
2025-03-22 07:20:00+00:00,1,0.0015921988838385644,2.53509728569677e-06,0.017684367864944678,0.0040202316810145034,low,0.002372923748889995,0.0020545526000272144,0.0018101883619030198,0.0006434243
2025-03-22 07:25:00+00:00,1,0.0016254843094879454,2.642199240391503e-06,0.017679568054098864,0.0040202316810145034,low,0.0023798064816169993,0.001884646097795887,0.002021876661308392,0.00077469577
2025-03-22 07:30:00+00:00,1,0.0015725701913299665,2.4729770066595673e-06,0.017669258805437463,0.0040202316810145034,low,0.002224821313508704,0.0018644449578480709,0.001972986914920529,0.0006412713
2025-03-22 07:35:00+00:00,1,0.0014723111137783806,2.167700015755336e-06,0.01763546465179958,0.0040202316810145034,low,0.0018132553689392784,0.0018829993658762624,0.00199555402480552,0.0006954133
2025-03-22 07:40:00+00:00,1,0.0014589579589713408,2.1285583260458207e-06,0.0175964030927618,0.0040202316810145034,low,0.0016098922844214967,0.001828317729854236,0.0018528105983750753,0.0005035278
2025-03-22 07:45:00+00:00,1,0.0015164709553531419,2.2996841584296707e-06,0.017579581736592794,0.0040202316810145034,low,0.0015664340727093615,0.0016399458974221855,0.0019227468383156033,0.00065527455
2025-03-22 07:50:00+00:00,1,0.001571519205288782,2.469672612591485e-06,0.017579397360099353,0.0040202316810145034,low,0.001562819782346518,0.002045632857735341,0.0019527174823442464,0.00069988496
2025-03-22 07:55:00+00:00,1,0.0014332757414387471,2.0542793509967903e-06,0.01756845428068678,0.0040202316810145034,low,0.0016536613019949012,0.0022542610025095143,0.001932660056128826,0.0007753961
2025-03-22 08:00:00+00:00,1,0.0013002171047807704,1.6905645195644887e-06,0.017577114552589167,0.0040202316810145034,low,0.0017435181303978608,0.002078967626140384,0.0019457028340159456,0.0007089628
2025-03-22 08:05:00+00:00,1,0.0013128716551795807,1.723631982973972e-06,0.017494941136045588,0.0040202316810145034,low,0.0016043948381383889,0.00214006360431082,0.0017630877466864828,0.0007945483
2025-03-22 08:10:00+00:00,1,0.0014666223589846449,2.1509811438736845e-06,0.017500067587864526,0.0040202316810145034,low,0.0016312900564813741,0.0020166785395331157,0.001676513318657543,0.0007722034
2025-03-22 08:15:00+00:00,1,0.0014468654007081948,2.093419487766485e-06,0.01750137540615969,0.0040202316810145034,low,0.0016416915648233097,0.0019339473305669775,0.001670261129617236,0.00083362655
2025-03-22 08:20:00+00:00,1,0.001451148611676287,2.1058322931700156e-06,0.01733207960562545,0.0040202316810145034,low,0.0015921988838385644,0.0019208769993864575,0.0017031606058235797,0.0007587929
2025-03-22 08:25:00+00:00,1,0.0014079027914578577,1.982190270194828e-06,0.01731447608180599,0.0040202316810145034,low,0.0016254843094879454,0.0020191516678689965,0.0016913440315625406,0.0007293327
2025-03-22 08:30:00+00:00,1,0.001426566068324457,2.0350907472946995e-06,0.01731390907656081,0.0040202316810145034,low,0.0015725701913299665,0.00208732000636994,0.0017277957102760047,0.0008893589
2025-03-22 08:35:00+00:00,1,0.0013722543886366934,1.883082107132665e-06,0.017269936460494188,0.0040202316810145034,low,0.0014723111137783806,0.002470541590067902,0.0017827124720843314,0.00084428163
2025-03-22 08:40:00+00:00,1,0.0016092135431187966,2.5895682273569513e-06,0.01717777330093952,0.0040202316810145034,low,0.0014589579589713408,0.0019943781997230946,0.001669452577518801,0.00066573266
2025-03-22 08:45:00+00:00,1,0.0015992502797102395,2.5576014571532795e-06,0.01717954057621455,0.0040202316810145034,low,0.0015164709553531419,0.0019403468645727538,0.001639703014386064,0.00076299696
2025-03-22 08:50:00+00:00,1,0.0015633949542991118,2.4442037831279216e-06,0.017186166689715357,0.0040202316810145034,low,0.001571519205288782,0.0017838843401292018,0.0015904223773530563,0.00081633026
2025-03-22 08:55:00+00:00,1,0.0015777154797412657,2.4891861350152123e-06,0.017113831848575116,0.0040202316810145034,low,0.0014332757414387471,0.0020676260166043233,0.00165043404788432,0.00078369497
2025-03-22 09:00:00+00:00,1,0.001742868911587141,3.037592042976945e-06,0.017105770955272503,0.0040202316810145034,low,0.0013002171047807704,0.0017296057091588499,0.0016255390374586216,0.0006059628
2025-03-22 09:05:00+00:00,1,0.0018104765721222065,3.277825418203375e-06,0.017069485671936304,0.0040202316810145034,low,0.0013128716551795807,0.001971090742542742,0.0016035576431317055,0.00079882547
2025-03-22 09:10:00+00:00,1,0.0016103001440899078,2.5930665540559777e-06,0.01708134094783783,0.0040202316810145034,low,0.0014666223589846449,0.00213614430510931,0.0017494130683290354,0.00082504365
2025-03-22 09:15:00+00:00,1,0.0016403790023322958,2.6908432712926983e-06,0.01705757027198159,0.0040202316810145034,low,0.0014468654007081948,0.001964587245055011,0.0017655054931086265,0.0008488366
2025-03-22 09:20:00+00:00,1,0.00174452716759926,3.043375038491897e-06,0.01706050540862608,0.0040202316810145034,low,0.001451148611676287,0.002161930866070475,0.0017699098271682326,0.00069749885
2025-03-22 09:25:00+00:00,1,0.001783251575696696,3.1799861822247493e-06,0.016982356243248543,0.0040202316810145034,low,0.0014079027914578577,0.0024403621903316664,0.001899123801716657,0.00076643046
2025-03-22 09:30:00+00:00,1,0.0017682919896377589,3.1268565606170636e-06,0.01697627682034175,0.0040202316810145034,low,0.001426566068324457,0.0019617671384769488,0.0018065906113872553,0.00081827224
2025-03-22 09:35:00+00:00,1,0.0017399660577536217,3.0274818821346795e-06,0.01695439433174103,0.0040202316810145034,low,0.0013722543886366934,0.001914469634130211,0.002071277859643891,0.00075905496
2025-03-22 09:40:00+00:00,1,0.0014519119624270768,2.108048346638845e-06,0.016979945867562993,0.0040202316810145034,low,0.0016092135431187966,0.002642333823123215,0.0022363863935657186,0.0007323765
2025-03-22 09:45:00+00:00,1,0.0014033057223736595,1.9692669504466584e-06,0.016982511425044502,0.0040202316810145034,low,0.0015992502797102395,0.002925226554844483,0.0022991112604999267,0.0007710701
2025-03-22 09:50:00+00:00,1,0.0013268770939046835,1.7606028223289383e-06,0.016975534272383408,0.0040202316810145034,low,0.0015633949542991118,0.0024753356614437548,0.002398982656683458,0.0006755615
2025-03-22 09:55:00+00:00,1,0.0013327366626462844,1.776187011961556e-06,0.016951039771551657,0.0040202316810145034,low,0.0015777154797412657,0.0022973309330426707,0.0023005271740807187,0.0007652002
2025-03-22 10:00:00+00:00,1,0.0010969758975216968,1.2033561197435322e-06,0.016957776491713865,0.0040202316810145034,low,0.001742868911587141,0.0023724958619084835,0.00227615996874949,0.0009896781
2025-03-22 10:05:00+00:00,1,0.0010028478820385428,1.005703874509191e-06,0.016953716368365956,0.0040202316810145034,low,0.0018104765721222065,0.002251848898775744,0.002219091119799681,0.0010263806
2025-03-22 10:10:00+00:00,1,0.0011778587121813715,1.3873511458615589e-06,0.016948489670850764,0.0040202316810145034,low,0.0016103001440899078,0.00222627158856862,0.002297035415951126,0.001025768
2025-03-22 10:15:00+00:00,1,0.0011757385282551765,1.3823610868236487e-06,0.016952164293802932,0.0040202316810145034,low,0.0016403790023322958,0.002166667809798203,0.0020643757322388405,0.0010284018
2025-03-22 10:20:00+00:00,1,0.0009901325250790496,9.803624172194149e-07,0.016946995429985946,0.0040202316810145034,low,0.00174452716759926,0.0021364211147035005,0.0018553008421636318,0.00091442093
2025-03-22 10:25:00+00:00,1,0.0009097816203242248,8.277025966797719e-07,0.01688834992514046,0.0040202316810145034,low,0.001783251575696696,0.0021102473486538896,0.00196119676079186,0.0009574795
2025-03-22 10:30:00+00:00,1,0.0010667950853505373,1.1380517541280604e-06,0.01688838782976564,0.0040202316810145034,low,0.0017682919896377589,0.0020900908101130562,0.002042299088550035,0.0010227531
2025-03-22 10:35:00+00:00,1,0.0012353218235029604,1.5260200076226793e-06,0.01686282594682243,0.0040202316810145034,low,0.0017399660577536217,0.0022018707506823018,0.0019818641403326546,0.0010674938
2025-03-22 10:40:00+00:00,1,0.0012051685563690977,1.4524312492607748e-06,0.016863595331532453,0.0040202316810145034,low,0.0014519119624270768,0.001945017973673402,0.0018516699866942797,0.0009505422
2025-03-22 10:45:00+00:00,1,0.0012195257520805488,1.487243059987628e-06,0.016830961956060958,0.0040202316810145034,low,0.0014033057223736595,0.0021320020943609123,0.0018572015913376739,0.0010268186
2025-03-22 10:50:00+00:00,1,0.0012217997437759657,1.4927946138910153e-06,0.016801296938985133,0.0040202316810145034,low,0.0013268770939046835,0.00200439173917783,0.001781399317116009,0.000995166
2025-03-22 10:55:00+00:00,1,0.0012219208037748113,1.4930904506976807e-06,0.016797005327636123,0.0040202316810145034,low,0.0013327366626462844,0.0022292115535434737,0.0018478029567414488,0.00087875454
2025-03-22 11:00:00+00:00,1,0.0012202805976023127,1.4890847368846575e-06,0.016788605829866216,0.0040202316810145034,low,0.0010969758975216968,0.0017652962710140402,0.0017495349623598067,0.00082781
2025-03-22 11:05:00+00:00,1,0.0012129703794984722,1.4712971415406678e-06,0.016781472424209184,0.0040202316810145034,low,0.0010028478820385428,0.0018593574792170745,0.0017724435977282931,0.0008717331
2025-03-22 11:10:00+00:00,1,0.001109269556946674,1.2304789499686706e-06,0.01679282940545106,0.0040202316810145034,low,0.0011778587121813715,0.0023017769971044877,0.0017820035838809847,0.0007598078
2025-03-22 11:15:00+00:00,1,0.0012313214286566836,1.5161524606691365e-06,0.01678685560381861,0.0040202316810145034,low,0.0011757385282551765,0.0026846598761317195,0.002019304551673772,0.0010046848
2025-03-22 11:20:00+00:00,1,0.001274891390850235,1.6253480584640466e-06,0.01677792462208307,0.0040202316810145034,low,0.0009901325250790496,0.0021045593000970563,0.0019347981994187152,0.0009818213
2025-03-22 11:25:00+00:00,1,0.0013301876331632421,1.7693991394204279e-06,0.016777889335152143,0.0040202316810145034,low,0.0009097816203242248,0.0020491264850949964,0.0018234168595618171,0.0009653067
2025-03-22 11:30:00+00:00,1,0.001218473012546029,1.484676482302995e-06,0.016779414851505383,0.0040202316810145034,low,0.0010667950853505373,0.002078589283385673,0.0016981040600290841,0.00079588074
2025-03-22 11:35:00+00:00,1,0.0010804486010033447,1.1673691794100848e-06,0.01678438157834476,0.0040202316810145034,low,0.0012353218235029604,0.0020221613621950805,0.0017494144996644972,0.0009520464
2025-03-22 11:40:00+00:00,1,0.0011015866726449706,1.213493197349018e-06,0.01678091982040334,0.0040202316810145034,low,0.0012051685563690977,0.0020620949835559264,0.001741232402791669,0.0009406277
2025-03-22 11:45:00+00:00,1,0.0010943612001265307,1.1976264363423804e-06,0.01675864208403667,0.0040202316810145034,low,0.0012195257520805488,0.0021265559323583806,0.0017653034574241894,0.00091038784
2025-03-22 11:50:00+00:00,1,0.0010930024927484885,1.1946544491544097e-06,0.016743399879240943,0.0040202316810145034,low,0.0012217997437759657,0.002148710525325191,0.0017027536204826416,0.000828603
2025-03-22 11:55:00+00:00,1,0.0011069965553277968,1.225441373507608e-06,0.01673362621400327,0.0040202316810145034,low,0.0012219208037748113,0.0022564862418583925,0.001884161357000413,0.00079237425
2025-03-22 12:00:00+00:00,1,0.001122078222068247,1.259059536439838e-06,0.016733558154558226,0.0040202316810145034,low,0.0012202805976023127,0.001889401986075042,0.0016963850348878581,0.00074709556
2025-03-22 12:05:00+00:00,1,0.0011438701811849626,1.3084389914041193e-06,0.01672213905725135,0.0040202316810145034,low,0.0012129703794984722,0.0020161357448259063,0.0017490214908089559,0.00084841135
2025-03-22 12:10:00+00:00,1,0.001083688881587716,1.1743815920768346e-06,0.016708781573995576,0.0040202316810145034,low,0.001109269556946674,0.0020924206114831044,0.0018552806817533345,0.00084358983
2025-03-22 12:15:00+00:00,1,0.0008792360272648101,7.730559916404059e-07,0.01671783212741563,0.0040202316810145034,low,0.0012313214286566836,0.001946354669616168,0.0016794030936108878,0.0007394071
2025-03-22 12:20:00+00:00,1,0.0007817471193515693,6.111285586144768e-07,0.016707180786661145,0.0040202316810145034,low,0.001274891390850235,0.0018640116708670382,0.0017612083521662868,0.00087950827
2025-03-22 12:25:00+00:00,1,0.001251223004918719,1.5655590080378283e-06,0.016679574018929024,0.0040202316810145034,low,0.0013301876331632421,0.002043020436638666,0.001777350075819301,0.0008910985
2025-03-22 12:30:00+00:00,1,0.0013265545369773957,1.7597469395753124e-06,0.01665528923796946,0.0040202316810145034,low,0.001218473012546029,0.0019859317015562907,0.0018062751174959038,0.00088489486
2025-03-22 12:35:00+00:00,1,0.0013049084478083841,1.7027860571616863e-06,0.01659861234167897,0.0040202316810145034,low,0.0010804486010033447,0.0021719468060005824,0.0018341591255979846,0.00081744586
2025-03-22 12:40:00+00:00,1,0.0013189221235954823,1.7395555681096167e-06,0.01631369362289194,0.0040202316810145034,low,0.0011015866726449706,0.0023473380468324837,0.0018045688142427554,0.000810629
2025-03-22 12:45:00+00:00,1,0.0013212177587320726,1.7456163659890014e-06,0.016276988100843565,0.0040202316810145034,low,0.0010943612001265307,0.0023540683150272443,0.0017463100399442817,0.0007688991
2025-03-22 12:50:00+00:00,1,0.0013222109990032864,1.7482419258852686e-06,0.0162612675340423,0.0040202316810145034,low,0.0010930024927484885,0.0019821311237150814,0.001682066060747361,0.0007280651
2025-03-22 12:55:00+00:00,1,0.0013295015612753028,1.7675744014334674e-06,0.0161874181802888,0.0040202316810145034,low,0.0011069965553277968,0.002009053884802753,0.00159641710925595,0.00072439027
2025-03-22 13:00:00+00:00,1,0.0013218700848239755,1.747340521152544e-06,0.015894583877594,0.0040202316810145034,low,0.001122078222068247,0.0018700667249242848,0.0016538015882148155,0.0007658956
2025-03-22 13:05:00+00:00,1,0.0012970188465318978,1.6822578882589349e-06,0.015886381108992546,0.0040202316810145034,low,0.0011438701811849626,0.002110669944773779,0.0016376190640788927,0.0007883012
2025-03-22 13:10:00+00:00,1,0.0013024001727538345,1.696246209989218e-06,0.015877538976804557,0.0040202316810145034,low,0.001083688881587716,0.002082541698643881,0.0016928026068714914,0.0007902296
2025-03-22 13:15:00+00:00,1,0.0013696379064635036,1.875907994821729e-06,0.01586719331983487,0.0040202316810145034,low,0.0008792360272648101,0.0019660469745815235,0.0017283229156403014,0.0007651553
2025-03-22 13:20:00+00:00,1,0.0013980974276770423,1.9546764172771623e-06,0.015731772579699536,0.0040202316810145034,low,0.0007817471193515693,0.0020410222258930313,0.0016779643893915048,0.0008134882
2025-03-22 13:25:00+00:00,1,0.0009253887638469273,8.563443642541441e-07,0.015550322279089084,0.0040202316810145034,low,0.001251223004918719,0.0023800321197391594,0.0017865023021183405,0.0010941327
2025-03-22 13:30:00+00:00,1,0.0008954286538255279,8.01792474091797e-07,0.015473287323513702,0.0040202316810145034,low,0.0013265545369773957,0.002756653461249036,0.001959305595434917,0.0016348637
2025-03-22 13:35:00+00:00,1,0.0009006095083108014,8.110974864598234e-07,0.0150780179688723,0.0040202316810145034,low,0.0013049084478083841,0.0025159844407804497,0.0019317527075731256,0.001266426
2025-03-22 13:40:00+00:00,1,0.0009082939274947619,8.249978587238597e-07,0.015063433156775718,0.0040202316810145034,low,0.0013189221235954823,0.0024645309045929456,0.0018978296710667792,0.0014345698
2025-03-22 13:45:00+00:00,1,0.0008936021164552635,7.985247425333262e-07,0.014139109795611752,0.0040202316810145034,low,0.0013212177587320726,0.0020952668397550447,0.0016048126441760972,0.0009710433
2025-03-22 13:50:00+00:00,1,0.0009933717228975997,9.867873798525455e-07,0.014128172321333737,0.0040202316810145034,low,0.0013222109990032864,0.002030439953100316,0.0017218746225644151,0.0011893801
2025-03-22 13:55:00+00:00,1,0.0009299262943247336,8.647629128765311e-07,0.01395040622594718,0.0040202316810145034,low,0.0013295015612753028,0.002267361137638564,0.0017739510095701565,0.0011275171
2025-03-22 14:00:00+00:00,1,0.0010563537416511668,1.1158832275004199e-06,0.01390980329382087,0.0040202316810145034,low,0.0013218700848239755,0.00202197177338712,0.0017533648079160842,0.0010486352
2025-03-22 14:05:00+00:00,1,0.0010534411375203788,1.1097382302202295e-06,0.013889064606939764,0.0040202316810145034,low,0.0012970188465318978,0.0022108034720499594,0.0018963204497499926,0.0014588657
2025-03-22 14:10:00+00:00,1,0.001148462077271284,1.3189651429302727e-06,0.013545525964977113,0.0040202316810145034,low,0.0013024001727538345,0.0019316778422151187,0.0018643205530238498,0.0012678732
2025-03-22 14:15:00+00:00,1,0.0011213876708492361,1.2575103083326749e-06,0.01344021493301934,0.0040202316810145034,low,0.0013696379064635036,0.00197459721782671,0.0017274057499204866,0.0009082736
2025-03-22 14:20:00+00:00,1,0.001135554021202172,1.2894829350684226e-06,0.013203614606200356,0.0040202316810145034,low,0.0013980974276770423,0.0021053056955136827,0.001821283331015949,0.0010437389
2025-03-22 14:25:00+00:00,1,0.0011428560908515611,1.3061200443965115e-06,0.013014298118454524,0.0040202316810145034,low,0.0009253887638469273,0.001763805492088228,0.001911564840591301,0.001085026
2025-03-22 14:30:00+00:00,1,0.0011307452291414006,1.2785847732260386e-06,0.01299506220700631,0.0040202316810145034,low,0.0008954286538255279,0.0022529509727558937,0.0019750479780127938,0.0014937588
2025-03-22 14:35:00+00:00,1,0.0012465924443974326,1.5539927224287663e-06,0.012976541060136387,0.0040202316810145034,low,0.0009006095083108014,0.0021872239709304782,0.001885238378380856,0.0014420296
2025-03-22 14:40:00+00:00,1,0.0012019760666869218,1.4447464648881637e-06,0.012810902324135487,0.0040202316810145034,low,0.0009082939274947619,0.002107367859865752,0.001876728474496466,0.001350032
2025-03-22 14:45:00+00:00,1,0.0012432331459571976,1.5456286552066307e-06,0.012738093445858807,0.0040202316810145034,low,0.0008936021164552635,0.002298856930544763,0.0019015826833384821,0.0014577608
2025-03-22 14:50:00+00:00,1,0.0011870123071077922,1.4089982172253637e-06,0.01274564069399753,0.0040202316810145034,low,0.0009933717228975997,0.0023856208029469036,0.0019519965084789312,0.0014992333
2025-03-22 14:55:00+00:00,1,0.001257899314469095,1.582310685341819e-06,0.012745633754737739,0.0040202316810145034,low,0.0009299262943247336,0.002911090838085689,0.002238931934550405,0.0017114093
2025-03-22 15:00:00+00:00,1,0.001166689853309568,1.3611652138155012e-06,0.012613321436795596,0.0040202316810145034,low,0.0010563537416511668,0.002353254521728859,0.001892031680864108,0.0015841109
2025-03-22 15:05:00+00:00,1,0.0012856061973035462,1.652783294545285e-06,0.012453252287517027,0.0040202316810145034,low,0.0010534411375203788,0.002580808948896701,0.002146418365653115,0.0016300539
2025-03-22 15:10:00+00:00,1,0.0012242111589772914,1.4986929617645232e-06,0.012459234889238885,0.0040202316810145034,low,0.001148462077271284,0.002619552434615543,0.0021334427201591235,0.0013728695
2025-03-22 15:15:00+00:00,1,0.0011984345527991788,1.4362453773429677e-06,0.012185263588482327,0.0040202316810145034,low,0.0011213876708492361,0.0023249407825016158,0.0020362847438104028,0.001647463
2025-03-22 15:20:00+00:00,1,0.0011536491658447282,1.3309063978542374e-06,0.012163450078384645,0.0040202316810145034,low,0.001135554021202172,0.002129177340694977,0.0020314536755642256,0.0015618027
2025-03-22 15:25:00+00:00,1,0.0011751456636324724,1.380967330754204e-06,0.01213678791066529,0.0040202316810145034,low,0.0011428560908515611,0.002184051373618169,0.0020278293392730603,0.001525297
2025-03-22 15:30:00+00:00,1,0.0011142388701760716,1.2415282598112488e-06,0.01210593970881848,0.0040202316810145034,low,0.0011307452291414006,0.0023964346025718295,0.001992496722979698,0.0016246282
2025-03-22 15:35:00+00:00,1,0.0009715842105977688,9.439758782828895e-07,0.012090221135780453,0.0040202316810145034,low,0.0012465924443974326,0.002408718081340941,0.002143973605783603,0.0017861343
2025-03-22 15:40:00+00:00,1,0.0009954564140365078,9.90933472246423e-07,0.012081809026733885,0.0040202316810145034,low,0.0012019760666869218,0.0020337489644283585,0.0019143594526082745,0.0014762123
2025-03-22 15:45:00+00:00,1,0.0009449077879770335,8.928507277796506e-07,0.011986701379900528,0.0040202316810145034,low,0.0012432331459571976,0.0020893194861246987,0.0019409146971014618,0.0015611899
2025-03-22 15:50:00+00:00,1,0.0009463846636978633,8.956439316825177e-07,0.011946558823972555,0.0040202316810145034,low,0.0011870123071077922,0.00191228829737515,0.0018461196835564185,0.0013775002
2025-03-22 15:55:00+00:00,1,0.0009331047322527049,8.706844413523922e-07,0.011901551182511065,0.0040202316810145034,low,0.001257899314469095,0.00215730736611408,0.0017728537603257457,0.0015553207
2025-03-22 16:00:00+00:00,1,0.000908616807304974,8.255845025170843e-07,0.01187049076718873,0.0040202316810145034,low,0.001166689853309568,0.002139800728025531,0.0018158800133915647,0.0012986178
2025-03-22 16:05:00+00:00,1,0.000713007676558811,5.08379946831794e-07,0.011853928146124683,0.0040202316810145034,low,0.0012856061973035462,0.002205523080092766,0.0018929953451715087,0.0013639835
2025-03-22 16:10:00+00:00,1,0.0006656111257656148,4.430381707429691e-07,0.011727200766819865,0.0040202316810145034,low,0.0012242111589772914,0.0020059799387581413,0.001892757771696506,0.0011447673
2025-03-22 16:15:00+00:00,1,0.0006323974391002215,3.9992652098051834e-07,0.011537662794064823,0.0040202316810145034,low,0.0011984345527991788,0.0022737396017080717,0.0019338997812199574,0.0014006813
2025-03-22 16:20:00+00:00,1,0.0006576413458948424,4.324921398303798e-07,0.011410988297654438,0.0040202316810145034,low,0.0011536491658447282,0.002136996521001008,0.0018922341411982853,0.0011392955
2025-03-22 16:25:00+00:00,1,0.0008739055517602331,7.637109133973574e-07,0.010602259610592522,0.0040202316810145034,low,0.0011751456636324724,0.0021904343696445686,0.0020799041869396045,0.0013766938
2025-03-22 16:30:00+00:00,1,0.0008771314930366501,7.693596560767029e-07,0.01054233711031237,0.0040202316810145034,low,0.0011142388701760716,0.0018025026745559702,0.0019036909420052273,0.0010374809
2025-03-22 16:35:00+00:00,1,0.0008871359712457041,7.870102314780588e-07,0.010443735237115542,0.0040202316810145034,low,0.0009715842105977688,0.0018997627890156433,0.0020135833921785546,0.0010894316
2025-03-22 16:40:00+00:00,1,0.0008603292867117019,7.401664815738658e-07,0.010242873065034946,0.0040202316810145034,low,0.0009954564140365078,0.0019744504771414886,0.0019333650069936932,0.0011791501
2025-03-22 16:45:00+00:00,1,0.0011314620130666406,1.280206287012815e-06,0.010228441952216274,0.0040202316810145034,low,0.0009449077879770335,0.0018899764519306262,0.0019098666672211705,0.0011020916
2025-03-22 16:50:00+00:00,1,0.001151209527962753,1.3252833772722245e-06,0.010039800192824347,0.0040202316810145034,low,0.0009463846636978633,0.0019251947743780845,0.002075478244904346,0.0011529868
2025-03-22 16:55:00+00:00,1,0.0010924935250504924,1.1935421022772508e-06,0.010043897928011223,0.0040202316810145034,low,0.0009331047322527049,0.002350803527832896,0.0020502522517061605,0.0009965869
2025-03-22 17:00:00+00:00,1,0.0010937641527186135,1.1963200217722662e-06,0.009933098071370909,0.0040202316810145034,low,0.000908616807304974,0.0017773813556870505,0.0020258625821581978,0.0009978184
2025-03-22 17:05:00+00:00,1,0.0010970875332515413,1.203601055615952e-06,0.009631156583039929,0.0040202316810145034,low,0.000713007676558811,0.0020188596035973076,0.001732443879606526,0.001162242
2025-03-22 17:10:00+00:00,1,0.0010984028931716712,1.2064889157278977e-06,0.009617899377952337,0.0040202316810145034,low,0.0006656111257656148,0.0018014395484373129,0.001732443879606526,0.0010012075
2025-03-22 17:15:00+00:00,1,0.0011763228421987546,1.3837354290785562e-06,0.009606303784840592,0.0040202316810145034,low,0.0006323974391002215,0.0017866386755842352,0.0016836057765951926,0.00085455517
2025-03-22 17:20:00+00:00,1,0.0013820924968015657,1.910179669715186e-06,0.009594937104786734,0.0040202316810145034,low,0.0006576413458948424,0.0023160634758940916,0.0018121731114163278,0.0011997104
2025-03-22 17:25:00+00:00,1,0.0014185268705747202,2.0122184825425093e-06,0.009592786886779574,0.0040202316810145034,low,0.0008739055517602331,0.002204567496601457,0.001725454895472465,0.0009963027
2025-03-22 17:30:00+00:00,1,0.0015755977609228065,2.4825083042249614e-06,0.009482761979315437,0.0040202316810145034,low,0.0008771314930366501,0.001936026935845816,0.0016310434417571825,0.0009316936
2025-03-22 17:35:00+00:00,1,0.001569962215875991,2.4647813592782515e-06,0.009483739427659529,0.0040202316810145034,low,0.0008871359712457041,0.0018888326933383256,0.0017240374718075506,0.0010895116
2025-03-22 17:40:00+00:00,1,0.0015785582703690794,2.49184621295062e-06,0.009325906093124822,0.0040202316810145034,low,0.0008603292867117019,0.002023497593192574,0.0017057186551166792,0.0009969719
2025-03-22 17:45:00+00:00,1,0.001860952955503079,3.4631459025956444e-06,0.009220185266885325,0.0040202316810145034,low,0.0011314620130666406,0.0022374672612880675,0.0016858863487663883,0.0010745543
2025-03-22 17:50:00+00:00,1,0.0018546758059440958,3.4398223451543816e-06,0.009214446788550731,0.0040202316810145034,low,0.001151209527962753,0.002060037956087263,0.0017053466979485364,0.0012071576
2025-03-22 17:55:00+00:00,1,0.0018761108019184562,3.5197917410751125e-06,0.009199371164098484,0.0040202316810145034,low,0.0010924935250504924,0.0023147250880955956,0.0018196582599503443,0.0013249299
2025-03-22 18:00:00+00:00,1,0.0018981518595271305,3.6029804818263034e-06,0.009181050509714952,0.0040202316810145034,low,0.0010937641527186135,0.001855546925813638,0.0017043486589566556,0.0011709299
2025-03-22 18:05:00+00:00,1,0.001897714712385815,3.601321129605577e-06,0.009178000847862881,0.0040202316810145034,low,0.0010970875332515413,0.0022767244447911847,0.0018292711282046003,0.0014212308
2025-03-22 18:10:00+00:00,1,0.0018985347192102143,3.604434080046607e-06,0.009161567525894514,0.0040202316810145034,low,0.0010984028931716712,0.0023061598449175044,0.0018365164966149077,0.0013999228
2025-03-22 18:15:00+00:00,1,0.001856208053836519,3.445508339127558e-06,0.009160292481135783,0.0040202316810145034,low,0.0011763228421987546,0.001912401734057612,0.0017252460347773593,0.0010012634
2025-03-22 18:20:00+00:00,1,0.0016975785925026023,2.881773077723116e-06,0.009144071965773382,0.0040202316810145034,low,0.0013820924968015657,0.0022498422005909897,0.0017323206923854154,0.0011318426
2025-03-22 18:25:00+00:00,1,0.0015712415638624456,2.4688000520089038e-06,0.009161268153968382,0.0040202316810145034,low,0.0014185268705747202,0.0021477302244368546,0.0017515878224120466,0.0012436598
2025-03-22 18:30:00+00:00,1,0.001418518695927415,2.012195290695614e-06,0.009163121943397703,0.0040202316810145034,low,0.0015755977609228065,0.0020983377086730482,0.0017329445582242966,0.0011966183
2025-03-22 18:35:00+00:00,1,0.001494506454979118,2.2335495439742502e-06,0.009070790969448099,0.0040202316810145034,low,0.001569962215875991,0.002114465947086533,0.0017770865638610182,0.0012641677
2025-03-22 18:40:00+00:00,1,0.0015631064427059217,2.443301751228761e-06,0.008872548773997785,0.0040202316810145034,low,0.0015785582703690794,0.001981204854548843,0.0018033755571710058,0.0014008029
2025-03-22 18:45:00+00:00,1,0.0009640842388601259,9.294584196185083e-07,0.008898744219328144,0.0040202316810145034,low,0.001860952955503079,0.002112518766935215,0.0018832549654609716,0.0013030572
2025-03-22 18:50:00+00:00,1,0.0011229462655372004,1.2610083152839444e-06,0.008783281847550482,0.0040202316810145034,low,0.0018546758059440958,0.002139168833141887,0.0019193339956628068,0.0010941128
2025-03-22 18:55:00+00:00,1,0.0010792327892002176,1.1647434132848812e-06,0.008747805683755633,0.0040202316810145034,low,0.0018761108019184562,0.0017761584767804778,0.0017684631676930362,0.0009216381
2025-03-22 19:00:00+00:00,1,0.0010545023438960734,1.111975193282313e-06,0.008752759919006505,0.0040202316810145034,low,0.0018981518595271305,0.0018520696596767377,0.0018111884648337334,0.00092981226
2025-03-22 19:05:00+00:00,1,0.001046447239036337,1.0950518240867724e-06,0.008707841307549613,0.0040202316810145034,low,0.001897714712385815,0.0020351558601838676,0.001801415112699684,0.0011460994
2025-03-22 19:10:00+00:00,1,0.0010356501497518855,1.072571232681103e-06,0.00869333771290445,0.0040202316810145034,low,0.0018985347192102143,0.002053172080456312,0.0017861445872749532,0.0010465896
2025-03-22 19:15:00+00:00,1,0.0011579436830214192,1.340833573049209e-06,0.00864611840743953,0.0040202316810145034,low,0.001856208053836519,0.0023696396831512055,0.001956010603556781,0.0011327486
2025-03-22 19:20:00+00:00,1,0.0013818781492313974,1.9095872193231924e-06,0.008621924159424137,0.0040202316810145034,low,0.0016975785925026023,0.0017578105351599375,0.0019756885434920168,0.00083019363
2025-03-22 19:25:00+00:00,1,0.0013501031915991847,1.8227786279663052e-06,0.008584903397578867,0.0040202316810145034,low,0.0015712415638624456,0.0017205489163296098,0.0017449968336973821,0.0007952639
2025-03-22 19:30:00+00:00,1,0.0013579282925492218,1.8439692477056451e-06,0.008317829470543658,0.0040202316810145034,low,0.001418518695927415,0.0017173071151548975,0.0016374496114101738,0.0008087649
2025-03-22 19:35:00+00:00,1,0.001290511151359781,1.665419031783948e-06,0.008321042128313545,0.0040202316810145034,low,0.001494506454979118,0.0016637382166498258,0.0015103802671329674,0.0007032849
2025-03-22 19:40:00+00:00,1,0.0012497069460014418,1.5617674508842506e-06,0.008226624813119664,0.0040202316810145034,low,0.0015631064427059217,0.0017082993238565268,0.0016115258257852361,0.00068145245
2025-03-22 19:45:00+00:00,1,0.0012489427594261522,1.5598580163230118e-06,0.008226441187826687,0.0040202316810145034,low,0.0009640842388601259,0.001657126511955598,0.0016159399330260905,0.0007104213
2025-03-22 19:50:00+00:00,1,0.0011420387485348976,1.3042525031551552e-06,0.0082507799569288,0.0040202316810145034,low,0.0011229462655372004,0.0019601230477547444,0.0015485019233231754,0.0007696037
2025-03-22 19:55:00+00:00,1,0.0012411811293739996,1.5405305959141171e-06,0.008139150841781956,0.0040202316810145034,low,0.0010792327892002176,0.0017881896748961517,0.0016587583699874742,0.0009020876
2025-03-22 20:00:00+00:00,1,0.0021089353871661036,4.447608467241444e-06,0.008132193561453224,0.0040202316810145034,low,0.0010545023438960734,0.0017375861577722989,0.0016316319278383141,0.00087256485
2025-03-22 20:05:00+00:00,1,0.0021124515684367265,4.462451628990787e-06,0.00811459460206125,0.0040202316810145034,low,0.001046447239036337,0.001980990257353269,0.0016676650132403186,0.0010514903
2025-03-22 20:10:00+00:00,1,0.0022154526444652352,4.908230419868004e-06,0.0080643099307364,0.0040202316810145034,low,0.0010356501497518855,0.0019763310952791375,0.001660908639644402,0.0010562573
2025-03-22 20:15:00+00:00,1,0.0023459952693196274,5.503693803670072e-06,0.0080454372801227,0.0040202316810145034,low,0.0011579436830214192,0.0017990883206885503,0.0015540817427929306,0.0008303049
2025-03-22 20:20:00+00:00,1,0.002235581960480584,4.99782670202621e-06,0.008025694480116197,0.0040202316810145034,low,0.0013818781492313974,0.0018808436469053664,0.0016634494731839757,0.0010136525
2025-03-22 20:25:00+00:00,1,0.002254074750196007,5.0808529794711914e-06,0.008025628816620053,0.0040202316810145034,low,0.0013501031915991847,0.0018708309850419126,0.0016675101452839913,0.0010580372
2025-03-22 20:30:00+00:00,1,0.0022583560870402036,5.100172215871541e-06,0.007942777861585605,0.0040202316810145034,low,0.0013579282925492218,0.0017878333375542681,0.001746313365268084,0.001009227
2025-03-22 20:35:00+00:00,1,0.002249102125381515,5.0584603703956465e-06,0.007942246825815989,0.0040202316810145034,low,0.001290511151359781,0.0016684450627459768,0.0017238263520165842,0.0009437078
2025-03-22 20:40:00+00:00,1,0.0023429008714372745,5.48918449338154e-06,0.007929739027527279,0.0040202316810145034,low,0.0012497069460014418,0.0018670602770520363,0.0017845471686134507,0.0010799499
2025-03-22 20:45:00+00:00,1,0.0023438800544689897,5.493773709737553e-06,0.007926914590550999,0.0040202316810145034,low,0.0012489427594261522,0.001758214465461594,0.0017986352446280282,0.0010103461
2025-03-22 20:50:00+00:00,1,0.0024093690461208916,5.805059200405494e-06,0.007936825499628071,0.0040202316810145034,low,0.0011420387485348976,0.0018974699276330365,0.001957423572592682,0.0011354818
2025-03-22 20:55:00+00:00,1,0.002395844993638888,5.740073233544524e-06,0.007919460915832243,0.0040202316810145034,low,0.0012411811293739996,0.0026314516973010575,0.002312465956950515,0.0015907811
2025-03-22 21:00:00+00:00,1,0.0016968771662413643,2.8793921173113223e-06,0.008101159974906121,0.0040202316810145034,low,0.0021089353871661036,0.00311672742644368,0.0027960110403284916,0.0019974217
2025-03-22 21:05:00+00:00,1,0.0017325671191058402,3.001788822206711e-06,0.008087304367654476,0.0040202316810145034,low,0.0021124515684367265,0.0036430877100759435,0.0026464080836118473,0.002055937
2025-03-22 21:10:00+00:00,1,0.0016528258298276453,2.7318332237454442e-06,0.008069718808695654,0.0040202316810145034,low,0.0022154526444652352,0.003238483982358634,0.0025766267852211054,0.0018583223
2025-03-22 21:15:00+00:00,1,0.0013846641575758964,1.9172948292753666e-06,0.008041546675664778,0.0040202316810145034,low,0.0023459952693196274,0.003753402083411854,0.002348169173284808,0.002197908
2025-03-22 21:20:00+00:00,1,0.001386223463570292,1.9216154909528164e-06,0.008044690008143876,0.0040202316810145034,low,0.002235581960480584,0.0031746549226241683,0.0022540901163687977,0.0020925906
2025-03-22 21:25:00+00:00,1,0.001368348136927449,1.8723766238328204e-06,0.00804159650509537,0.0040202316810145034,low,0.002254074750196007,0.002278608357254605,0.0020671580379310645,0.001592435
2025-03-22 21:30:00+00:00,1,0.0014533282143816418,2.1121628987177314e-06,0.00804467459589431,0.0040202316810145034,low,0.0022583560870402036,0.0023598069092962515,0.0020515683595390037,0.0015327374
2025-03-22 21:35:00+00:00,1,0.0014528192108602554,2.1106836594446153e-06,0.007830931272344153,0.0040202316810145034,low,0.002249102125381515,0.002222099051044076,0.002167236828517813,0.0015364547
2025-03-22 21:40:00+00:00,1,0.001249414074703404,1.5610355300669633e-06,0.007854071377681503,0.0040202316810145034,low,0.0023429008714372745,0.0025124809852649314,0.0021923017748296495,0.0018036634
2025-03-22 21:45:00+00:00,1,0.0012970614698378938,1.6823684565380378e-06,0.007783550870550346,0.0040202316810145034,low,0.0023438800544689897,0.0023343278139076173,0.0023811812162886103,0.0015733902
2025-03-22 21:50:00+00:00,1,0.0011501967395035255,1.322952539564541e-06,0.0077983291827462085,0.0040202316810145034,low,0.0024093690461208916,0.002595398920165499,0.0020591247200252003,0.0015888397
2025-03-22 21:55:00+00:00,1,0.0011493954525932974,1.321109906442151e-06,0.007804605903280718,0.0040202316810145034,low,0.002395844993638888,0.0023636071267931253,0.002064247279980561,0.0014484193
2025-03-22 22:00:00+00:00,1,0.001114769287157831,1.2427105635903786e-06,0.0077517563310716105,0.0040202316810145034,low,0.0016968771662413643,0.0022191447466200246,0.0022601073542208843,0.0013535353
2025-03-22 22:05:00+00:00,1,0.0011264643868889924,1.2689220149291935e-06,0.007698633879526741,0.0040202316810145034,low,0.0017325671191058402,0.0025950733487844478,0.0023556290094883933,0.0016502202
2025-03-22 22:10:00+00:00,1,0.0012010914814226201,1.442620746745984e-06,0.007706325805971025,0.0040202316810145034,low,0.0016528258298276453,0.0022220828743239503,0.0017828566696177167,0.0011915043
2025-03-22 22:15:00+00:00,1,0.0011660918713510189,1.359770252430921e-06,0.00770768289475421,0.0040202316810145034,low,0.0013846641575758964,0.0017770482501338915,0.001615723528290668,0.000838244
2025-03-22 22:20:00+00:00,1,0.0013163441440798664,1.7327619056533563e-06,0.007621678573697836,0.0040202316810145034,low,0.001386223463570292,0.0019471124615711396,0.001663533501792137,0.00093171
2025-03-22 22:25:00+00:00,1,0.0013036121054795168,1.6994045215527392e-06,0.007570718777706412,0.0040202316810145034,low,0.001368348136927449,0.0017227167950498274,0.0015929835273946749,0.0007545552
2025-03-22 22:30:00+00:00,1,0.0012096871782097532,1.4633430691250753e-06,0.007586524482463785,0.0040202316810145034,low,0.0014533282143816418,0.002017940772448619,0.0016363927628556072,0.0010259103
2025-03-22 22:35:00+00:00,1,0.001610987123544458,2.5952795122260466e-06,0.007549576544198163,0.0040202316810145034,low,0.0014528192108602554,0.0018126179401006766,0.0016673392571008529,0.00083151134
2025-03-22 22:40:00+00:00,1,0.0018248524592360872,3.330086497979995e-06,0.007532975904299526,0.0040202316810145034,low,0.001249414074703404,0.0017882801467981348,0.001661673050008451,0.00082766
2025-03-22 22:45:00+00:00,1,0.0018308676612384667,3.352076392968813e-06,0.00752138399339358,0.0040202316810145034,low,0.0012970614698378938,0.0018480921730448878,0.001605330516964028,0.00087612786
2025-03-22 22:50:00+00:00,1,0.0018393043949768352,3.3830406573811018e-06,0.007509966504897456,0.0040202316810145034,low,0.0011501967395035255,0.00182378071167921,0.0016935412342358343,0.00086650264
2025-03-22 22:55:00+00:00,1,0.0018016842962679655,3.246066303418594e-06,0.007520835786393286,0.0040202316810145034,low,0.0011493954525932974,0.001799184006174934,0.0016953834191865984,0.00085143384
2025-03-22 23:00:00+00:00,2,0.0019138093043110872,3.662666053267688e-06,0.0075209345836626485,0.003962353478510802,low,0.001114769287157831,0.0015791769236734557,0.0014645282298166914,0.00095534977
2025-03-22 23:05:00+00:00,2,0.0018738830032047989,3.5114375096998364e-06,0.007498606183434101,0.003962353478510802,low,0.0011264643868889924,0.0020152427143560235,0.0014946204131272686,0.00095437496
2025-03-22 23:10:00+00:00,2,0.0017862200022849258,3.19058189656276e-06,0.007453923387322683,0.003962353478510802,low,0.0012010914814226201,0.0024360146908587147,0.0016572495790944729,0.0013491993
2025-03-22 23:15:00+00:00,2,0.0018066135456782785,3.263852503428241e-06,0.007446685332564272,0.003962353478510802,low,0.0011660918713510189,0.0020051629702492585,0.0015830122901403616,0.0011961072
2025-03-22 23:20:00+00:00,2,0.0017603228068911495,3.0987363844611357e-06,0.007453373545175549,0.003962353478510802,low,0.0013163441440798664,0.0018995809071006124,0.0014675946796862014,0.000795168
2025-03-22 23:25:00+00:00,2,0.00196847327754232,3.874887044398204e-06,0.0074459056379727415,0.003962353478510802,low,0.0013036121054795168,0.0020740558890618177,0.0014711000883335021,0.00081132236
2025-03-22 23:30:00+00:00,2,0.0020263379474605996,4.106045477318835e-06,0.007448413283199827,0.003962353478510802,low,0.0012096871782097532,0.0017635363545977275,0.0015382503928206314,0.0009886333
2025-03-22 23:35:00+00:00,2,0.0018648006825078753,3.4774815854818374e-06,0.007522915083820351,0.003962353478510802,low,0.001610987123544458,0.002658032433840211,0.0018799454835963087,0.0012982624
2025-03-22 23:40:00+00:00,2,0.0016519949457088254,2.7290873006475054e-06,0.007552909793722715,0.003962353478510802,low,0.0018248524592360872,0.0037374591723607553,0.002094786404032835,0.0018018882
2025-03-22 23:45:00+00:00,2,0.001606993671413603,2.582428659963371e-06,0.0075626873134223985,0.003962353478510802,low,0.0018308676612384667,0.0023581053404329528,0.0019480938100450412,0.0011143194
2025-03-22 23:50:00+00:00,2,0.0015668208821537054,2.4549276767529153e-06,0.007571058538582273,0.003962353478510802,low,0.0018393043949768352,0.002345029973735572,0.0019766565623371576,0.0011577639
2025-03-22 23:55:00+00:00,2,0.0015770075702398762,2.4869528765938783e-06,0.007567570365226568,0.003962353478510802,low,0.0018016842962679655,0.0024221937740685007,0.001976658919424765,0.0015551167
2025-03-23 00:00:00+00:00,2,0.0014398547675576333,2.073181751658446e-06,0.00757201410987791,0.003962353478510802,low,0.0019138093043110872,0.0021492497538464846,0.0017653434086844946,0.001269469
2025-03-23 00:05:00+00:00,2,0.0014355072018164584,2.060680926466918e-06,0.007569872301797822,0.003962353478510802,low,0.0018738830032047989,0.0023055094267336205,0.0017381428389121737,0.0013711664
2025-03-23 00:10:00+00:00,2,0.0014294092770123655,2.043210881209013e-06,0.007553961428361026,0.003962353478510802,low,0.0017862200022849258,0.002429081826340935,0.0015891160871645473,0.0013337554
2025-03-23 00:15:00+00:00,2,0.0015072552255465867,2.271818314937492e-06,0.007543489120649792,0.003962353478510802,low,0.0018066135456782785,0.002138823489351644,0.0015415791364752397,0.0017761092
2025-03-23 00:20:00+00:00,2,0.0015697201733384483,2.464021422585688e-06,0.007504597520879542,0.003962353478510802,low,0.0017603228068911495,0.002601760883801501,0.0015955081359550261,0.0015114185
2025-03-23 00:25:00+00:00,2,0.0013771157039746764,1.8964476621336686e-06,0.0075429072738413434,0.003962353478510802,low,0.00196847327754232,0.0021818825466175195,0.0015785384620321376,0.0021234045
2025-03-23 00:30:00+00:00,2,0.0012919902279720213,1.6692387491751953e-06,0.007550867249901618,0.003962353478510802,low,0.0020263379474605996,0.00223739072392381,0.0015963201949804199,0.002492319
2025-03-23 00:35:00+00:00,2,0.0011836052964472948,1.4009214977780887e-06,0.007584062202757554,0.003962353478510802,low,0.0018648006825078753,0.0021776304257712024,0.001488708509022316,0.0021985725
2025-03-23 00:40:00+00:00,2,0.0012606946291655085,1.5893509480067588e-06,0.007583573470883819,0.003962353478510802,low,0.0016519949457088254,0.001990037083102822,0.0014263980874329204,0.0016957032
2025-03-23 00:45:00+00:00,2,0.0013071944349394519,1.708757290736673e-06,0.007545791639814822,0.003962353478510802,low,0.001606993671413603,0.0018682605740671728,0.0014756597393216337,0.0015065286
2025-03-23 00:50:00+00:00,2,0.0013058373817299198,1.7052112675232522e-06,0.007543022699493499,0.003962353478510802,low,0.0015668208821537054,0.0018530430687629068,0.001387709206128868,0.0013465784
2025-03-23 00:55:00+00:00,2,0.0013845816007570313,1.9170662091549032e-06,0.007530401569182159,0.003962353478510802,low,0.0015770075702398762,0.0018788820849610724,0.0013450336528586491,0.0015414609
2025-03-23 01:00:00+00:00,2,0.0014466843949865885,2.092895738697712e-06,0.0075306100590803214,0.003962353478510802,low,0.0014398547675576333,0.0015903263752594025,0.0013402316587949607,0.0012898151
2025-03-23 01:05:00+00:00,2,0.0015117674184998247,2.2854407276376237e-06,0.007512211421096153,0.003962353478510802,low,0.0014355072018164584,0.001966830720247015,0.001378243865354201,0.0012280078
2025-03-23 01:10:00+00:00,2,0.001549819485822488,2.401940438635081e-06,0.007454445016845797,0.003962353478510802,low,0.0014294092770123655,0.0017460664908552903,0.0014333704819698993,0.0010935625
2025-03-23 01:15:00+00:00,2,0.0014646053516955734,2.145068836215314e-06,0.007472678495587373,0.003962353478510802,low,0.0015072552255465867,0.0017242686409062735,0.001390452927398578,0.0011924398
2025-03-23 01:20:00+00:00,2,0.0013582601055747942,1.8448705143960509e-06,0.007473586743027338,0.003962353478510802,low,0.0015697201733384483,0.002131608213714683,0.0013683803006680874,0.00060582964
2025-03-23 01:25:00+00:00,2,0.0013877261803933415,1.925783951749093e-06,0.007487192115590156,0.003962353478510802,low,0.0013771157039746764,0.0020865412015984,0.0012419652505033078,0.00088581815
2025-03-23 01:30:00+00:00,2,0.0013748505472740771,1.8902140273398293e-06,0.0074610498953023045,0.003962353478510802,low,0.0012919902279720213,0.0017969994057530619,0.0011998721296382295,0.0009297156
2025-03-23 01:35:00+00:00,2,0.0016716246167594224,2.794328859356086e-06,0.007400861595736872,0.003962353478510802,low,0.0011836052964472948,0.0019663914134464195,0.001314000657324856,0.00079439033
2025-03-23 01:40:00+00:00,2,0.0016591023342928189,2.7526205556558807e-06,0.007357373879667515,0.003962353478510802,low,0.0012606946291655085,0.0016935277687164494,0.001319461055738052,0.0009794548
2025-03-23 01:45:00+00:00,2,0.0016309476250385264,2.6599901556188096e-06,0.007362788713390704,0.003962353478510802,low,0.0013071944349394519,0.0015674765339135492,0.0012164964840603748,0.00089784217
2025-03-23 01:50:00+00:00,2,0.001628651748550794,2.652506518057559e-06,0.007356973552243704,0.003962353478510802,low,0.0013058373817299198,0.0016853273254587484,0.0012820433366485663,0.0008737256
2025-03-23 01:55:00+00:00,2,0.0016388739875776571,2.685907947158691e-06,0.007355576350724134,0.003962353478510802,low,0.0013845816007570313,0.001959695891450015,0.0013559554782849959,0.0009435791
2025-03-23 02:00:00+00:00,2,0.0016452342699769483,2.7067958031065824e-06,0.007366141899148881,0.003962353478510802,low,0.0014466843949865885,0.001596311231428352,0.0013504200025969352,0.00088961597
2025-03-23 02:05:00+00:00,2,0.0018796619726899751,3.5331291315767685e-06,0.007372034483186793,0.003962353478510802,low,0.0015117674184998247,0.0018226847446849658,0.0013841988464058216,0.00074245007
2025-03-23 02:10:00+00:00,2,0.0018438496669162233,3.399781594187067e-06,0.007288980252963753,0.003962353478510802,low,0.001549819485822488,0.0017880456140007292,0.0013806471210517164,0.000903681
2025-03-23 02:15:00+00:00,2,0.001846145060236288,3.408251583434847e-06,0.007282824723279123,0.003962353478510802,low,0.0014646053516955734,0.001742191654784975,0.0013884919214144544,0.0010132423
2025-03-23 02:20:00+00:00,2,0.0019058329004875423,3.632199044580758e-06,0.007284034505510734,0.003962353478510802,low,0.0013582601055747942,0.001869209020770518,0.001400009479329506,0.00096497993
2025-03-23 02:25:00+00:00,2,0.001881802731946191,3.5411815219601485e-06,0.007297803540968735,0.003962353478510802,low,0.0013877261803933415,0.001678253340887267,0.001400009479329506,0.00090352417
2025-03-23 02:30:00+00:00,2,0.0018775216874920863,3.5250876870031317e-06,0.007256021865379135,0.003962353478510802,low,0.0013748505472740771,0.0016063803961585171,0.0013296934613008398,0.0006112976
2025-03-23 02:35:00+00:00,2,0.0015473824971616935,2.394392592522358e-06,0.007322064983878497,0.003962353478510802,low,0.0016716246167594224,0.002118164692537125,0.0014602267639432346,0.0006377556
2025-03-23 02:40:00+00:00,2,0.0015042492644186632,2.262765849504089e-06,0.007332019345942639,0.003962353478510802,low,0.0016591023342928189,0.0023303394011644375,0.0014623334335453274,0.0013302938
2025-03-23 02:45:00+00:00,2,0.0015106326174572414,2.282010904925716e-06,0.007330950428160328,0.003962353478510802,low,0.0016309476250385264,0.0022064561361742987,0.0014051391822938403,0.0013320381
2025-03-23 02:50:00+00:00,2,0.0015211477307256317,2.313890418691739e-06,0.007327352237299584,0.003962353478510802,low,0.001628651748550794,0.002202726146264371,0.001394020690211975,0.0015185573
2025-03-23 02:55:00+00:00,2,0.001421210051933981,2.019838011718189e-06,0.00729751922177326,0.003962353478510802,low,0.0016388739875776571,0.00207432558973888,0.001406706888245757,0.0016520792
2025-03-23 03:00:00+00:00,2,0.001411108595081764,1.9912274671136294e-06,0.007301096887801605,0.003962353478510802,low,0.0016452342699769483,0.002113343580249678,0.0015182812036666526,0.0011910629
2025-03-23 03:05:00+00:00,2,0.001674356942388785,2.803471170525521e-06,0.007364405348171822,0.003962353478510802,low,0.0018796619726899751,0.0020516324419508334,0.0015632089862170557,0.0010273437
2025-03-23 03:10:00+00:00,2,0.0017949999561489832,3.222024842574851e-06,0.007359949460769654,0.003962353478510802,low,0.0018438496669162233,0.0020748714590183093,0.0015038861386347884,0.0012051637
2025-03-23 03:15:00+00:00,2,0.0017955392287827617,3.2239611220977944e-06,0.007349951614513102,0.003962353478510802,low,0.001846145060236288,0.0019469554377538004,0.0014687677303742309,0.0010856537
2025-03-23 03:20:00+00:00,2,0.001691054931596495,2.8596667816768268e-06,0.007272207260856189,0.003962353478510802,low,0.0019058329004875423,0.001812805672015772,0.0015580332722047359,0.0012721553
2025-03-23 03:25:00+00:00,2,0.0016361206073583314,2.676890641822595e-06,0.007284591567749145,0.003962353478510802,low,0.001881802731946191,0.001795623427433591,0.001566608749265808,0.0017349533
2025-03-23 03:30:00+00:00,2,0.0016405166968093154,2.691295032510147e-06,0.007284398684916611,0.003962353478510802,low,0.0018775216874920863,0.0016042121858611056,0.0014366277698275452,0.0015062894
2025-03-23 03:35:00+00:00,2,0.0016507852212049303,2.7250918465486108e-06,0.0072831483278851215,0.003962353478510802,low,0.0015473824971616935,0.0015618492317756635,0.0013720886798479384,0.0014540008
2025-03-23 03:40:00+00:00,2,0.0016453112827409808,2.707049217114772e-06,0.007283440054831153,0.003962353478510802,low,0.0015042492644186632,0.0015578125670027269,0.0013457069922598295,0.0012737293
2025-03-23 03:45:00+00:00,2,0.001722531284581119,2.9671140263606804e-06,0.007281107578381178,0.003962353478510802,low,0.0015106326174572414,0.0015310935484492152,0.0013021788794514578,0.0013256788
2025-03-23 03:50:00+00:00,2,0.0017127276863496707,2.9334361275886964e-06,0.0072832402594788835,0.003962353478510802,low,0.0015211477307256317,0.0017426495826826864,0.0013152287056996958,0.0012915359
2025-03-23 03:55:00+00:00,2,0.001711898850741501,2.9305976751700716e-06,0.007261555642632995,0.003962353478510802,low,0.001421210051933981,0.0018503391830974635,0.001344539478591982,0.001582035
2025-03-23 04:00:00+00:00,2,0.0016879096110208641,2.849038854976605e-06,0.0072587740035626016,0.003962353478510802,low,0.001411108595081764,0.0015259032662962657,0.0012619586567958272,0.0009170496
2025-03-23 04:05:00+00:00,2,0.0010392525677797592,1.080045899636823e-06,0.007382913634174671,0.003962353478510802,low,0.001674356942388785,0.0021441003121927173,0.0015307590713052148,0.0011250965
2025-03-23 04:10:00+00:00,2,0.0008230217240124786,6.773647581964725e-07,0.007397189401892681,0.003962353478510802,low,0.0017949999561489832,0.0019216409642345467,0.0014843597122035984,0.0009825969
2025-03-23 04:15:00+00:00,2,0.000851113324540398,7.24393891210209e-07,0.00739143080677489,0.003962353478510802,low,0.0017955392287827617,0.0017020043999310323,0.001409922669607941,0.001226108
2025-03-23 04:20:00+00:00,2,0.000888368533564104,7.891986514268366e-07,0.0073933464591021,0.003962353478510802,low,0.001691054931596495,0.0019279744430955544,0.0014069585279452106,0.0008257812
2025-03-23 04:25:00+00:00,2,0.0009229495985506313,8.518359614647715e-07,0.007364651273412319,0.003962353478510802,low,0.0016361206073583314,0.0014868880083594887,0.0013057824391890676,0.0008826344
2025-03-23 04:30:00+00:00,2,0.000917589784781237,8.419710131348767e-07,0.0073642144824339305,0.003962353478510802,low,0.0016405166968093154,0.0014666668047714805,0.0013273981668915427,0.0012858843
2025-03-23 04:35:00+00:00,2,0.0010193659790922495,1.0391069993307005e-06,0.00735436339593795,0.003962353478510802,low,0.0016507852212049303,0.0014823804291547562,0.0013543204062101894,0.0013032635
2025-03-23 04:40:00+00:00,2,0.0010462953081728473,1.0947338719045137e-06,0.007354115876614666,0.003962353478510802,low,0.0016453112827409808,0.0014368190814171293,0.0013449331417429622,0.001187591
2025-03-23 04:45:00+00:00,2,0.0008873685247212849,7.874228986660295e-07,0.007371677638505117,0.003962353478510802,low,0.001722531284581119,0.0016607452954332344,0.0014773880958395505,0.0013569999
2025-03-23 04:50:00+00:00,2,0.0011047064328533176,1.2203763027875018e-06,0.007361094183449528,0.003962353478510802,low,0.0017127276863496707,0.0018163113274365923,0.0014378848558712005,0.0011097206
2025-03-23 04:55:00+00:00,2,0.0011625590723694534,1.351543596748524e-06,0.0073619944527970405,0.003962353478510802,low,0.001711898850741501,0.001351182385471286,0.0014436154523113202,0.0009378487
2025-03-23 05:00:00+00:00,2,0.0011362820747095976,1.2911369533063474e-06,0.007355531404655322,0.003962353478510802,low,0.0016879096110208641,0.0014012497376834894,0.0014262327807919003,0.00077410566
2025-03-23 05:05:00+00:00,2,0.0011183371777972477,1.2506780432435129e-06,0.007356437306093374,0.003962353478510802,low,0.0010392525677797592,0.001542968355784248,0.0012369898922791496,0.0007774142
2025-03-23 05:10:00+00:00,2,0.0011113550020019664,1.2351099404747907e-06,0.007357503138760305,0.003962353478510802,low,0.0008230217240124786,0.0013599405052227402,0.0011940700528851435,0.0006713797
2025-03-23 05:15:00+00:00,2,0.0010640113432776176,1.1321201386234403e-06,0.0073503050476519645,0.003962353478510802,low,0.000851113324540398,0.001512301407090538,0.0012468750007572835,0.0007120614
2025-03-23 05:20:00+00:00,2,0.001108172162542384,1.228045541833864e-06,0.007356513500782446,0.003962353478510802,low,0.000888368533564104,0.0014215786400424899,0.0012796815476451176,0.0004972315
2025-03-23 05:25:00+00:00,2,0.0010814787193116503,1.169596220323967e-06,0.007348761269382386,0.003962353478510802,low,0.0009229495985506313,0.001532453532552196,0.001373740879827532,0.00063769997
2025-03-23 05:30:00+00:00,2,0.0010881649554937165,1.184102970364642e-06,0.007302884575156712,0.003962353478510802,low,0.000917589784781237,0.0015019021381724913,0.0013221509704906247,0.00059212616
2025-03-23 05:35:00+00:00,2,0.0009870154102296577,9.741994200308197e-07,0.007308171047701981,0.003962353478510802,low,0.0010193659790922495,0.0015339951032969058,0.0013358864944249134,0.0005861957
2025-03-23 05:40:00+00:00,2,0.0009753349719722539,9.512783075521172e-07,0.007308946433141888,0.003962353478510802,low,0.0010462953081728473,0.0014661792262327196,0.0013125875237382462,0.00059242215
2025-03-23 05:45:00+00:00,2,0.0009790499441381165,9.58538793116849e-07,0.007305931661106,0.003962353478510802,low,0.0008873685247212849,0.0013825507490746655,0.0013156558610798567,0.00057326973
2025-03-23 05:50:00+00:00,2,0.0007959378714676273,6.335170952364171e-07,0.007324483053205298,0.003962353478510802,low,0.0011047064328533176,0.0016455814866185357,0.0013381803526029603,0.00065516954
2025-03-23 05:55:00+00:00,2,0.0007113937292959139,5.060810380815479e-07,0.007314178657027588,0.003962353478510802,low,0.0011625590723694534,0.0017623646786961596,0.0013667154141194103,0.0010017348
2025-03-23 06:00:00+00:00,2,0.000798869568779417,6.381925879218118e-07,0.007309324251267804,0.003962353478510802,low,0.0011362820747095976,0.001439756166953594,0.0013326063585402106,0.0009866925
2025-03-23 06:05:00+00:00,2,0.0008219106449840357,6.755371083380736e-07,0.007260585985342202,0.003962353478510802,low,0.0011183371777972477,0.0015257837226234972,0.0013673329602011163,0.000828379
2025-03-23 06:10:00+00:00,2,0.0008370396660227123,7.006354024954137e-07,0.007253672072096176,0.003962353478510802,low,0.0011113550020019664,0.0015030970982376286,0.0013743594080572947,0.0006923762
2025-03-23 06:15:00+00:00,2,0.0008313500950639398,6.911429805628217e-07,0.007254270529080983,0.003962353478510802,low,0.0010640113432776176,0.0013522448215333924,0.0012606237457568612,0.00065298233
2025-03-23 06:20:00+00:00,2,0.0007078586421427538,5.010638572561831e-07,0.00726704555277342,0.003962353478510802,low,0.001108172162542384,0.0014905698592354944,0.0013034454237547059,0.00066234655
2025-03-23 06:25:00+00:00,2,0.0008098288245028449,6.558227249956595e-07,0.00726847386119813,0.003962353478510802,low,0.0010814787193116503,0.001774140578484979,0.0013104808890434274,0.0007925976
2025-03-23 06:30:00+00:00,2,0.0007924092248580729,6.27912379640172e-07,0.007209771183193627,0.003962353478510802,low,0.0010881649554937165,0.0013866548528982232,0.0012680722446889272,0.00077889167
2025-03-23 06:35:00+00:00,2,0.0007732025402696935,5.978421682795071e-07,0.007056352236035343,0.003962353478510802,low,0.0009870154102296577,0.0015573621965386695,0.0013478139219739625,0.00082237314
2025-03-23 06:40:00+00:00,2,0.0007697028199241064,5.924424309991213e-07,0.0069848665231704255,0.003962353478510802,low,0.0009753349719722539,0.0013777206013103605,0.0012775848089486772,0.0008333782
2025-03-23 06:45:00+00:00,2,0.0008593774384576717,7.385295817300693e-07,0.0069753070306755325,0.003962353478510802,low,0.0009790499441381165,0.0014504504183691775,0.0012932176075319455,0.0007863291
2025-03-23 06:50:00+00:00,2,0.0008206640741555632,6.734895226096078e-07,0.006971319082690444,0.003962353478510802,low,0.0007959378714676273,0.0016360289606241884,0.001309737102929147,0.0008922133
2025-03-23 06:55:00+00:00,2,0.0009025426991297124,8.145833237523467e-07,0.006962898614476366,0.003962353478510802,low,0.0007113937292959139,0.0016509137312842195,0.0013136498194793276,0.0008782967
2025-03-23 07:00:00+00:00,2,0.0008126225993484122,6.6035548897177e-07,0.0069681854127663576,0.003962353478510802,low,0.000798869568779417,0.0014471126225334315,0.0013124653261960286,0.0008275673
2025-03-23 07:05:00+00:00,2,0.0008104444230088173,6.568201627860948e-07,0.00693885412425486,0.003962353478510802,low,0.0008219106449840357,0.0015212290050768732,0.0013553647273314518,0.00072556356
2025-03-23 07:10:00+00:00,2,0.0007963740739666376,6.342116656862195e-07,0.0069275636043839494,0.003962353478510802,low,0.0008370396660227123,0.0014164176255356932,0.0013071472253043854,0.0006850225
2025-03-23 07:15:00+00:00,2,0.000798243653736762,6.371929307310157e-07,0.0069232954068723694,0.003962353478510802,low,0.0008313500950639398,0.0012209537050776903,0.0013054155049105909,0.00066185434
2025-03-23 07:20:00+00:00,2,0.0007982754214905339,6.372436485558896e-07,0.006905088544348579,0.003962353478510802,low,0.0007078586421427538,0.0012406535568302377,0.0013078001530023521,0.0007135134
2025-03-23 07:25:00+00:00,2,0.0007384694025219283,5.453370584610937e-07,0.006915421614476578,0.003962353478510802,low,0.0008098288245028449,0.001549885578708772,0.0013309523753839807,0.0007741179
2025-03-23 07:30:00+00:00,2,0.0007677277153508043,5.894058449177655e-07,0.006903541338806252,0.003962353478510802,low,0.0007924092248580729,0.0014442911727481956,0.00133373796385436,0.0007551005
2025-03-23 07:35:00+00:00,2,0.0007797635364588484,6.080311727908098e-07,0.006863093618354144,0.003962353478510802,low,0.0007732025402696935,0.0015006038141623635,0.0013321578424427198,0.00080767117
2025-03-23 07:40:00+00:00,2,0.0008015581738796012,6.424955061132011e-07,0.0068402521598305245,0.003962353478510802,low,0.0007697028199241064,0.0016845614412036196,0.0013473068719490806,0.00073510583
2025-03-23 07:45:00+00:00,2,0.0006996122865707954,4.894573515208168e-07,0.006851256968599028,0.003962353478510802,low,0.0008593774384576717,0.0016263740942129943,0.001312064114517373,0.00055778306
2025-03-23 07:50:00+00:00,2,0.000708952098239463,5.026130775981371e-07,0.006843272141541642,0.003962353478510802,low,0.0008206640741555632,0.001412750815221657,0.0012600132030016185,0.0006164603
2025-03-23 07:55:00+00:00,2,0.0007364702135455766,5.423883754398673e-07,0.006823631345369837,0.003962353478510802,low,0.0009025426991297124,0.0017299603820457022,0.001306235466445184,0.00062202505
2025-03-23 08:00:00+00:00,2,0.0007938623608752382,6.30217448014407e-07,0.00679530043225725,0.003962353478510802,low,0.0008126225993484122,0.0014017994640054693,0.0011752674564052402,0.0006171729
2025-03-23 08:05:00+00:00,2,0.0007850938886559659,6.163724140049463e-07,0.006799296575663519,0.003962353478510802,low,0.0008104444230088173,0.0016122681955530699,0.0011784009931626236,0.0005495456
2025-03-23 08:10:00+00:00,2,0.0007940991486285943,6.305934578526582e-07,0.006779693349267086,0.003962353478510802,low,0.0007963740739666376,0.0015163650910934457,0.0011653144835957249,0.0005878724
2025-03-23 08:15:00+00:00,2,0.0008572203542646876,7.348267357656765e-07,0.0067730392755054256,0.003962353478510802,low,0.000798243653736762,0.001442914764365337,0.0011590550344856808,0.00057888083
2025-03-23 08:20:00+00:00,2,0.000869926142597948,7.567714935753455e-07,0.0067662688513059465,0.003962353478510802,low,0.0007982754214905339,0.0014600509941185506,0.0011590550344856808,0.00054983265
2025-03-23 08:25:00+00:00,2,0.0008288528524202722,6.869970509652215e-07,0.006762114604473916,0.003962353478510802,low,0.0007384694025219283,0.001750152548023177,0.0012700602799723092,0.0006548235
2025-03-23 08:30:00+00:00,2,0.0008153575610575978,6.648079523737943e-07,0.0067657454766540705,0.003962353478510802,low,0.0007677277153508043,0.0017983304689844011,0.00129308175398448,0.00042554745
2025-03-23 08:35:00+00:00,2,0.0008068952062499051,6.51079873869077e-07,0.006748509848205664,0.003962353478510802,low,0.0007797635364588484,0.0016150971359957735,0.0012401226935494097,0.00064727635
2025-03-23 08:40:00+00:00,2,0.0007685798078640669,5.90714921056366e-07,0.0067307493483365986,0.003962353478510802,low,0.0008015581738796012,0.0019003914740531836,0.001280484251355927,0.0005797286
2025-03-23 08:45:00+00:00,2,0.0007714196037903369,5.950882051120405e-07,0.006717849004172979,0.003962353478510802,low,0.0006996122865707954,0.0017803986147034874,0.0012574402289868844,0.0005811529
2025-03-23 08:50:00+00:00,2,0.0007340319480766199,5.388029007971576e-07,0.006698008216492914,0.003962353478510802,low,0.000708952098239463,0.001467739141015582,0.0011992179344966901,0.0005783106
2025-03-23 08:55:00+00:00,2,0.0005867348626307018,3.442577990262685e-07,0.0067119336827740515,0.003962353478510802,low,0.0007364702135455766,0.0018638725966533454,0.001288821658892296,0.00064241566
2025-03-23 09:00:00+00:00,2,0.0005392045813401996,2.9074158053825983e-07,0.006716826698157805,0.003962353478510802,low,0.0007938623608752382,0.001858995576956094,0.0012383144726727142,0.00026819407
2025-03-23 09:05:00+00:00,2,0.0004976618880485074,2.4766735481600505e-07,0.006717378532944279,0.003962353478510802,low,0.0007850938886559659,0.0017533521002391248,0.001224556389542335,0.0005223843
2025-03-23 09:10:00+00:00,2,0.0004822726183137256,2.3258687837517646e-07,0.0066666223999920175,0.003962353478510802,low,0.0007940991486285943,0.001705894467161047,0.0012528941284486374,0.000812268
2025-03-23 09:15:00+00:00,2,0.000354087514384209,1.2537796784278742e-07,0.00667199132759765,0.003962353478510802,low,0.0008572203542646876,0.0017274982567273822,0.0012235991731114693,0.00095485017
2025-03-23 09:20:00+00:00,2,0.0004912050196436494,2.41282371323118e-07,0.006665833283885701,0.003962353478510802,low,0.000869926142597948,0.002001558243645765,0.0012755558068194089,0.0007004963
2025-03-23 09:25:00+00:00,2,0.0004766742578550032,2.272183481016181e-07,0.006665658309935323,0.003962353478510802,low,0.0008288528524202722,0.001705629792123599,0.0012928267377832954,0.00081099704
2025-03-23 09:30:00+00:00,2,0.0004450314227369818,1.980529672233022e-07,0.006663709857124942,0.003962353478510802,low,0.0008153575610575978,0.0015986513489795586,0.0012362186761428525,0.00075020344
2025-03-23 09:35:00+00:00,2,0.00046939979433512714,2.2033616692185967e-07,0.006656604460088135,0.003962353478510802,low,0.0008068952062499051,0.0018338208762615571,0.001257661502553584,0.0010610134
2025-03-23 09:40:00+00:00,2,0.00047242237436621463,2.2318289980181187e-07,0.006580587624508388,0.003962353478510802,low,0.0007685798078640669,0.001476262374145484,0.0012405805568677178,0.00065716356
2025-03-23 09:45:00+00:00,2,0.001956156926773239,3.8265499221629236e-06,0.006570158444879898,0.003962353478510802,low,0.0007714196037903369,0.0014011375790548525,0.0011981255287309058,0.00086001446
2025-03-23 09:50:00+00:00,2,0.00209488116251507,4.3885270850604895e-06,0.00655422864919098,0.003962353478510802,low,0.0007340319480766199,0.0014548410159177505,0.0012245764486843317,0.00095279573
2025-03-23 09:55:00+00:00,2,0.002094236729246697,4.385827478125903e-06,0.0065502004111300215,0.003962353478510802,low,0.0005867348626307018,0.001617827511760505,0.001226208852289694,0.0009291793
2025-03-23 10:00:00+00:00,2,0.0021007446772345366,4.413128198929237e-06,0.006509140529336173,0.003962353478510802,low,0.0005392045813401996,0.0015881640819188038,0.0012750529534834491,0.0007208546
2025-03-23 10:05:00+00:00,2,0.003534274968051389,1.2491099549794646e-05,0.006487913092164018,0.003962353478510802,low,0.0004976618880485074,0.0014898971113556725,0.0012865510201321752,0.0009521454
2025-03-23 10:10:00+00:00,2,0.0035910106395553427,1.2895357413399672e-05,0.006487169995336528,0.003962353478510802,low,0.0004822726183137256,0.001604026936789695,0.0012754974708864331,0.00091964635
2025-03-23 10:15:00+00:00,2,0.0036902833442873876,1.3618191161124904e-05,0.006476882195322711,0.003962353478510802,low,0.000354087514384209,0.0015198094044277955,0.001316627190945399,0.0007306892
2025-03-23 10:20:00+00:00,2,0.004060875696034042,1.649071141863997e-05,0.006452227576689282,0.003962353478510802,low,0.0004912050196436494,0.0015639323026975219,0.0012426300510177944,0.00061611115
2025-03-23 10:25:00+00:00,2,0.004116942708275294,1.6949217263221106e-05,0.006440359684884586,0.003962353478510802,low,0.0004766742578550032,0.0015070597350929642,0.0012629827662864726,0.0008903344
2025-03-23 10:30:00+00:00,2,0.004423388915168122,1.9566369494832218e-05,0.006440203837344774,0.003962353478510802,low,0.0004450314227369818,0.0017436996671472901,0.0013199269515823213,0.00085655134
2025-03-23 10:35:00+00:00,2,0.0045327103124042775,2.054546277617608e-05,0.0064423006156847755,0.003962353478510802,low,0.00046939979433512714,0.0014518579821306563,0.001259818299267136,0.0008794122
2025-03-23 10:40:00+00:00,2,0.004552500310429741,2.0725259076462888e-05,0.006435780297446139,0.003962353478510802,low,0.00047242237436621463,0.001945857541231731,0.0012773109222481195,0.0006065514
2025-03-23 10:45:00+00:00,2,0.004139436721033899,1.7134936367443878e-05,0.006710012292279569,0.003962353478510802,low,0.001956156926773239,0.002442424594460188,0.0015460664306505203,0.0008851506
2025-03-23 10:50:00+00:00,2,0.004072344363510143,1.658398861501283e-05,0.0067517284785903065,0.003962353478510802,low,0.00209488116251507,0.0022519003624975015,0.0015992690338859348,0.0011668121
2025-03-23 10:55:00+00:00,2,0.004302953671138247,1.851541029596212e-05,0.006746463213575855,0.003962353478510802,low,0.002094236729246697,0.0019452171145499118,0.001486903879242523,0.0015653315
2025-03-23 11:00:00+00:00,2,0.004313622028014858,1.8607335000575016e-05,0.006751198598014467,0.003962353478510802,low,0.0021007446772345366,0.0019441060500819652,0.001486903879242523,0.0014406419
2025-03-23 11:05:00+00:00,2,0.0032851282453129917,1.0792067588153215e-05,0.007319727588288975,0.003962353478510802,low,0.003534274968051389,0.0031891698276101566,0.0019246506305470796,0.0012145209
2025-03-23 11:10:00+00:00,2,0.003234487875532908,1.0461911816969387e-05,0.007320613418008947,0.003962353478510802,low,0.0035910106395553427,0.003646178559981863,0.0018375008212537277,0.0017197148
2025-03-23 11:15:00+00:00,2,0.00321216508975215,1.0318004563822438e-05,0.0073611027058715596,0.003962353478510802,low,0.0036902833442873876,0.0027468626702970653,0.0018365965425412942,0.0018481537
2025-03-23 11:20:00+00:00,2,0.0027108008814294383,7.34844141875862e-06,0.0075592056264405325,0.003962353478510802,low,0.004060875696034042,0.003120262688169617,0.002032989406109575,0.00188855
2025-03-23 11:25:00+00:00,2,0.0026275267048489217,6.903896584694232e-06,0.007589449751940388,0.003962353478510802,low,0.004116942708275294,0.003166982890643963,0.0022494115759594565,0.0025470662
2025-03-23 11:30:00+00:00,2,0.002239744692581762,5.016456287948172e-06,0.007739802530249367,0.003962353478510802,low,0.004423388915168122,0.004993413280295811,0.0028118993974904916,0.003159889
2025-03-23 11:35:00+00:00,2,0.0021773116827953397,4.740686164037074e-06,0.007779632381507871,0.003962353478510802,low,0.0045327103124042775,0.003738403109819008,0.0025412869449858784,0.0023965633
2025-03-23 11:40:00+00:00,2,0.0021804386931134844,4.7543128944264395e-06,0.007790513196458756,0.003962353478510802,low,0.004552500310429741,0.0035442449098017133,0.002706447162831162,0.0019615034
2025-03-23 11:45:00+00:00,2,0.002180964632457458,4.756606728030295e-06,0.007789220645866899,0.003962353478510802,low,0.004139436721033899,0.0038957059062331933,0.002663894274555641,0.0023749385
2025-03-23 11:50:00+00:00,2,0.002369093864784781,5.612605740160891e-06,0.007789546292931905,0.003962353478510802,low,0.004072344363510143,0.0035537781121688407,0.002455299492666673,0.0023466821
2025-03-23 11:55:00+00:00,2,0.0021923253946865054,4.806290636187341e-06,0.007908039310562175,0.003962353478510802,low,0.004302953671138247,0.00397145672273745,0.0027568557546235597,0.0014956325
2025-03-23 12:00:00+00:00,2,0.0021551700546389558,4.644757964412479e-06,0.007918139476766171,0.003962353478510802,low,0.004313622028014858,0.002793940528750577,0.002170050476947599,0.0013444239
2025-03-23 12:05:00+00:00,2,0.002108392197556334,4.445317658716426e-06,0.007930900479351086,0.003962353478510802,low,0.0032851282453129917,0.003033424946403742,0.00263591644544392,0.0018395208
2025-03-23 12:10:00+00:00,2,0.0021544485305803234,4.641648470919715e-06,0.007926084385302326,0.003962353478510802,low,0.003234487875532908,0.002386477854041818,0.0022314458884555937,0.0014200326
2025-03-23 12:15:00+00:00,2,0.0022727188206343374,5.165250837665533e-06,0.00793647813261921,0.003962353478510802,low,0.00321216508975215,0.0027226641396616838,0.002490800166544594,0.0012776923
2025-03-23 12:20:00+00:00,2,0.002553801683266861,6.521903037456654e-06,0.007928725185242883,0.003962353478510802,low,0.0027108008814294383,0.0024462239938370166,0.0021417241234621145,0.0016144098
2025-03-23 12:25:00+00:00,2,0.0027292308669001767,7.448701124840689e-06,0.007920495248562543,0.003962353478510802,low,0.0026275267048489217,0.0029462920526000915,0.0025527418634013125,0.002346466
2025-03-23 12:30:00+00:00,2,0.002612694132024524,6.8261706275153825e-06,0.007964692273584692,0.003962353478510802,low,0.002239744692581762,0.0022885101855581653,0.0022158336723668167,0.0011519444
2025-03-23 12:35:00+00:00,2,0.002617691155003932,6.852306982985821e-06,0.008005997562829558,0.003962353478510802,low,0.0021773116827953397,0.0025199078192726433,0.0024659167855628924,0.0009080333
2025-03-23 12:40:00+00:00,2,0.0031006728434884627,9.614172082346829e-06,0.008014544002079934,0.003962353478510802,low,0.0021804386931134844,0.0023433296255370153,0.0022487489871280838,0.0017596398
2025-03-23 12:45:00+00:00,2,0.0031176905364965193,9.719994281359954e-06,0.008014420662885564,0.003962353478510802,low,0.002180964632457458,0.0018556595246829117,0.0020762861429252113,0.0010265136
2025-03-23 12:50:00+00:00,2,0.003209842231086108,1.0303087148463843e-05,0.008068146177452145,0.003962353478510802,low,0.002369093864784781,0.0022526947119191902,0.0021879456339447922,0.0015027311
2025-03-23 12:55:00+00:00,2,0.003029406312559594,9.177302606575918e-06,0.008131293562532128,0.003962353478510802,low,0.0021923253946865054,0.0019492114000955688,0.0021494629121643826,0.0011082717
2025-03-23 13:00:00+00:00,2,0.0033265092516153918,1.1065663801082792e-05,0.0081291224127513,0.003962353478510802,low,0.0021551700546389558,0.0019476540748593616,0.002299203349730609,0.0013021019
2025-03-23 13:05:00+00:00,2,0.0033323763088193574,1.1104731863580524e-05,0.008126257507652805,0.003962353478510802,low,0.002108392197556334,0.001969873446633562,0.002234196833843024,0.0013259241
2025-03-23 13:10:00+00:00,2,0.0033695845884221215,1.1354100298531877e-05,0.0081418720551097,0.003962353478510802,low,0.0021544485305803234,0.002386353015350743,0.002548218891308906,0.0008319032
2025-03-23 13:15:00+00:00,2,0.003252904898222148,1.0581390276877643e-05,0.008208524836751607,0.003962353478510802,low,0.0022727188206343374,0.0019800439341048836,0.002151432987042843,0.0012503725
2025-03-23 13:20:00+00:00,2,0.003087315590271497,9.53151755393344e-06,0.00829309698134219,0.003962353478510802,low,0.002553801683266861,0.0028494885512618637,0.002577836378346131,0.0024410535
2025-03-23 13:25:00+00:00,2,0.0032732815953478655,1.0714372402443068e-05,0.008283561257050296,0.003962353478510802,low,0.0027292308669001767,0.002748234713104638,0.0028083694162981516,0.0024484887
2025-03-23 13:30:00+00:00,2,0.0032776945596052773,1.0743281626066031e-05,0.008276638611226163,0.003962353478510802,low,0.002612694132024524,0.002938667532868292,0.0027129904998252807,0.002452513
2025-03-23 13:35:00+00:00,2,0.003228777744840824,1.0425005725579396e-05,0.008321389181011603,0.003962353478510802,low,0.002617691155003932,0.003119918490412492,0.002811474593189887,0.0022149256
2025-03-23 13:40:00+00:00,2,0.002977780874133209,8.867178934353538e-06,0.008491615398468814,0.003962353478510802,low,0.0031006728434884627,0.003072888642210806,0.003151112505306429,0.0017497992
2025-03-23 13:45:00+00:00,2,0.0030221111337977074,9.133155705024065e-06,0.008497371150953571,0.003962353478510802,low,0.0031176905364965193,0.0025414921396285537,0.0026181373784911754,0.0019886044
2025-03-23 13:50:00+00:00,2,0.0028464721450371356,8.102403672472312e-06,0.008581947795420002,0.003962353478510802,low,0.003209842231086108,0.0028042064255903595,0.002856455643579766,0.0020616513
2025-03-23 13:55:00+00:00,2,0.002847130771948401,8.106153632575498e-06,0.008574827298856745,0.003962353478510802,low,0.003029406312559594,0.0027750515307829035,0.002876084375833947,0.0026878568
2025-03-23 14:00:00+00:00,2,0.0025288102418721758,6.3948812393976114e-06,0.008683372298907017,0.003962353478510802,low,0.0033265092516153918,0.0033944843914585827,0.003380168294948864,0.0025148124
2025-03-23 14:05:00+00:00,2,0.002651769124156212,7.031879487828203e-06,0.00868668723139064,0.003962353478510802,low,0.0033323763088193574,0.003969380611900831,0.0035859973815536867,0.0027719107
2025-03-23 14:10:00+00:00,2,0.002571302568975115,6.611596901218026e-06,0.008714811222873327,0.003962353478510802,low,0.0033695845884221215,0.00318689890273552,0.0033863757590464625,0.002040031
2025-03-23 14:15:00+00:00,2,0.0025386389958208504,6.444687951102295e-06,0.008722692375501037,0.003962353478510802,low,0.003252904898222148,0.0028160468259898026,0.0029111005327924996,0.0032136808
2025-03-23 14:20:00+00:00,2,0.0025358555171550454,6.430563203885682e-06,0.008737980240227327,0.003962353478510802,low,0.003087315590271497,0.0028578457565569962,0.0031866910172029315,0.0031039976
2025-03-23 14:25:00+00:00,2,0.0021914987014416023,4.80266655842023e-06,0.00885863506063398,0.003962353478510802,low,0.0032732815953478655,0.003102866089567246,0.003547978870086023,0.0020210189
2025-03-23 14:30:00+00:00,2,0.0022847711408379152,5.220179166005788e-06,0.008856875061375427,0.003962353478510802,low,0.0032776945596052773,0.0027196814143711197,0.0030215780082637096,0.0030695996
2025-03-23 14:35:00+00:00,2,0.0022167283328957694,4.913884501862857e-06,0.008880282998923883,0.003962353478510802,low,0.003228777744840824,0.002679241167378584,0.002605094578384635,0.0029962214
2025-03-23 14:40:00+00:00,2,0.0025274920039499295,6.388215830030831e-06,0.00895263721766622,0.003962353478510802,low,0.002977780874133209,0.002881456361874347,0.0029004605671064973,0.0028017354
2025-03-23 14:45:00+00:00,2,0.002524635094750235,6.3737823616445266e-06,0.00897440513012137,0.003962353478510802,low,0.0030221111337977074,0.0028684521702375797,0.002949282300677739,0.0028637585
2025-03-23 14:50:00+00:00,2,0.0025266656021818335,6.384039065248886e-06,0.008986959678107719,0.003962353478510802,low,0.0028464721450371356,0.003081442917424466,0.0030849069812659176,0.002289386
2025-03-23 14:55:00+00:00,2,0.0025801527143606887,6.65718802942283e-06,0.008987160504014482,0.003962353478510802,low,0.002847130771948401,0.0026696152247217227,0.0026910736715449446,0.003021494
2025-03-23 15:00:00+00:00,2,0.002576224487172505,6.6369326083072354e-06,0.008982201984665171,0.003962353478510802,low,0.0025288102418721758,0.0026264313067333365,0.002608404034318322,0.0020742405
2025-03-23 15:05:00+00:00,2,0.0026703344570620153,7.130686112572687e-06,0.009021123894150503,0.003962353478510802,low,0.002651769124156212,0.002731358393840836,0.002871644858488738,0.0016627928
2025-03-23 15:10:00+00:00,2,0.0027630140375012454,7.634246571428933e-06,0.009013354891970395,0.003962353478510802,low,0.002571302568975115,0.002381065150378384,0.0024718690511296216,0.0021096647
2025-03-23 15:15:00+00:00,2,0.0032602739190883885,1.062938602748796e-05,0.009015128391786417,0.003962353478510802,low,0.0025386389958208504,0.0023574377473132326,0.0024177462956397433,0.0019269207
2025-03-23 15:20:00+00:00,2,0.0032447346199413894,1.0528302753846193e-05,0.009027368328999348,0.003962353478510802,low,0.0025358555171550454,0.002577126209849854,0.0027080906948962103,0.00175737
2025-03-23 15:25:00+00:00,2,0.0031761021379675,1.0087624790801724e-05,0.009053836846968102,0.003962353478510802,low,0.0021914987014416023,0.0028680375744035585,0.0028805675175856108,0.002355805
2025-03-23 15:30:00+00:00,2,0.003089727914655724,9.546418586602808e-06,0.00907666404829405,0.003962353478510802,low,0.0022847711408379152,0.0024948573987596894,0.002639503968861856,0.0018498686
2025-03-23 15:35:00+00:00,2,0.004171010219955939,1.7397326254976888e-05,0.009067486858022493,0.003962353478510802,low,0.0022167283328957694,0.0027009231801800168,0.002735809309840705,0.002083683
2025-03-23 15:40:00+00:00,2,0.0038278336438552856,1.4652310405030435e-05,0.00922459660452884,0.003962353478510802,low,0.0025274920039499295,0.003272389106434471,0.002853566333945042,0.002234012
2025-03-23 15:45:00+00:00,2,0.00393013261817773,1.5445942396464537e-05,0.009239485978450677,0.003962353478510802,low,0.002524635094750235,0.003179718444702769,0.002872706714287256,0.0024220224
2025-03-23 15:50:00+00:00,2,0.004514861278745822,2.0383972366318355e-05,0.009259615818378078,0.003962353478510802,low,0.0025266656021818335,0.0025383998793074344,0.0023803551148403506,0.0025439793
2025-03-23 15:55:00+00:00,2,0.004536142120814012,2.0576585340223043e-05,0.009265200012358008,0.003962353478510802,low,0.0025801527143606887,0.002485074133068337,0.0023803551148403506,0.0024051713
2025-03-23 16:00:00+00:00,2,0.00451952316179906,2.0426089610038174e-05,0.00927123076445704,0.003962353478510802,low,0.002576224487172505,0.0024315670932848724,0.0027781736022369974,0.0027086667
2025-03-23 16:05:00+00:00,2,0.004622345531619477,2.136607821368254e-05,0.009319795015537657,0.003962353478510802,low,0.0026703344570620153,0.0031509316618016075,0.0034554143944201875,0.0021793141
2025-03-23 16:10:00+00:00,2,0.004568538939842164,2.087154804485416e-05,0.009347519458031155,0.003962353478510802,low,0.0027630140375012454,0.0028096572529483495,0.003311300008139546,0.0025046796
2025-03-23 16:15:00+00:00,2,0.004263905896303523,1.8180893492531947e-05,0.00951134483501353,0.003962353478510802,low,0.0032602739190883885,0.0032486767833413218,0.003987241843788322,0.0022292468
2025-03-23 16:20:00+00:00,2,0.004326874035488235,1.8721838918982248e-05,0.0095231704438917,0.003962353478510802,low,0.0032447346199413894,0.0033011786514497926,0.00403203575317849,0.002543476
2025-03-23 16:25:00+00:00,2,0.004347551878605832,1.8901207337169102e-05,0.009522532179602484,0.003962353478510802,low,0.0031761021379675,0.002866607519970463,0.0033722391308018567,0.0022528288
2025-03-23 16:30:00+00:00,2,0.004446056473975709,1.9767418169781312e-05,0.009523167570319515,0.003962353478510802,low,0.003089727914655724,0.002515200921581789,0.00317560626052836,0.0019463446
2025-03-23 16:35:00+00:00,2,0.003579310795073376,1.2811465767728805e-05,0.0099334117148694,0.003962353478510802,low,0.004171010219955939,0.0036471880274423414,0.004140544317287915,0.00279535
2025-03-23 16:40:00+00:00,2,0.003737963188518917,1.3972368798722507e-05,0.009937532865307618,0.003962353478510802,low,0.0038278336438552856,0.003690298995635734,0.003769734230128002,0.0029694405
2025-03-23 16:45:00+00:00,2,0.0038448804098906715,1.4783105366361058e-05,0.00999605886410597,0.003962353478510802,low,0.00393013261817773,0.0032518535889473187,0.0035160923192598514,0.0024158976
2025-03-23 16:50:00+00:00,2,0.0032890594782672435,1.0817912251579591e-05,0.010258109647424974,0.003962353478510802,low,0.004514861278745822,0.003800839501426254,0.004442413624344049,0.0025984086
2025-03-23 16:55:00+00:00,2,0.0032169065188695518,1.0348487551145416e-05,0.010273744797680614,0.003962353478510802,low,0.004536142120814012,0.0030932652995157525,0.003804786731638084,0.0031033996
2025-03-23 17:00:00+00:00,2,0.0032299835986234746,1.0432794047376651e-05,0.010274055917471724,0.003962353478510802,low,0.00451952316179906,0.0027748709667966584,0.0031884022902141994,0.0036348568
2025-03-23 17:05:00+00:00,2,0.0029702025529488377,8.822103205543793e-06,0.010378645258341345,0.003962353478510802,low,0.004622345531619477,0.0029908419355904395,0.0031685934353811963,0.0024389268
2025-03-23 17:10:00+00:00,2,0.0029567042926483774,8.742100274165343e-06,0.010382900841883362,0.003962353478510802,low,0.004568538939842164,0.003032530598819235,0.003296321305545192,0.0030139452
2025-03-23 17:15:00+00:00,2,0.0028765780427397695,8.274701235972564e-06,0.010404164913249404,0.003962353478510802,low,0.004263905896303523,0.0030838107253391878,0.0036040731463280306,0.0017811588
2025-03-23 17:20:00+00:00,2,0.0027593598797552516,7.614066946002916e-06,0.010439354485913595,0.003962353478510802,low,0.004326874035488235,0.0032312350889945876,0.003394926296220947,0.0027676143
2025-03-23 17:25:00+00:00,2,0.0028783221779671644,8.284738560177641e-06,0.010431496322931652,0.003962353478510802,low,0.004347551878605832,0.0026328147283687193,0.002744206840776087,0.002601951
2025-03-23 17:30:00+00:00,2,0.002739854303669564,7.50680160533663e-06,0.010473241097486962,0.003962353478510802,low,0.004446056473975709,0.0029449015821199466,0.0033047735124847742,0.00198754
2025-03-23 17:35:00+00:00,2,0.002679349732208426,7.178914987485364e-06,0.010521270067503988,0.003962353478510802,low,0.003579310795073376,0.0029975233787362604,0.0034060898620564307,0.003353758
2025-03-23 17:40:00+00:00,2,0.0025265118681291727,6.383262219797561e-06,0.010582379778018632,0.003962353478510802,low,0.003737963188518917,0.0033728807601743366,0.003196438396460468,0.002210975
2025-03-23 17:45:00+00:00,2,0.002113052667156844,4.464991574178651e-06,0.010650074736546208,0.003962353478510802,low,0.0038448804098906715,0.004548523430410972,0.00327000900498902,0.0039956206
2025-03-23 17:50:00+00:00,2,0.001884560846807572,3.5515695853200723e-06,0.010710809605856166,0.003962353478510802,low,0.0032890594782672435,0.0037013310786744307,0.0035622087689415787,0.0049586794
2025-03-23 17:55:00+00:00,2,0.0018875119089086351,3.5627012062719193e-06,0.01071003163472161,0.003962353478510802,low,0.0032169065188695518,0.0032942131832865173,0.003336900486792816,0.004421693
2025-03-23 18:00:00+00:00,2,0.001890245586234463,3.5730283762788686e-06,0.01071413547706674,0.003962353478510802,low,0.0032299835986234746,0.0030873610535563094,0.003006562203395234,0.0038283041
2025-03-23 18:05:00+00:00,2,0.0017918976979898699,3.2108973600613953e-06,0.010739403128126775,0.003962353478510802,low,0.0029702025529488377,0.003289359744461158,0.00304682713167699,0.0043286434
2025-03-23 18:10:00+00:00,2,0.0022424361769205823,5.028520007562197e-06,0.010739657408447427,0.003962353478510802,low,0.0029567042926483774,0.0031582297857812107,0.002958662358273225,0.004479251
2025-03-23 18:15:00+00:00,2,0.00224362162783512,5.033838008889514e-06,0.010730219631908006,0.003962353478510802,low,0.0028765780427397695,0.0028796026174379703,0.0029142516387399313,0.0041621467
2025-03-23 18:20:00+00:00,2,0.0022191982257719085,4.924840765269187e-06,0.010709062020497035,0.003962353478510802,low,0.0027593598797552516,0.0028444097672136563,0.0029986341374891143,0.0038738742
2025-03-23 18:25:00+00:00,2,0.0020888295498191307,4.363208888197592e-06,0.01072793715552863,0.003962353478510802,low,0.0028783221779671644,0.003451335184806491,0.003214456308737059,0.0032074424
2025-03-23 18:30:00+00:00,2,0.002067939592806299,4.276374159495881e-06,0.010710418870763252,0.003962353478510802,low,0.002739854303669564,0.003306862869296618,0.0031409032082974847,0.0040295003
2025-03-23 18:35:00+00:00,2,0.0018919151058608274,3.5793427677843855e-06,0.010742963160206892,0.003962353478510802,low,0.002679349732208426,0.003002642738295987,0.002925176316958571,0.0034386704
2025-03-23 18:40:00+00:00,2,0.0018279107154803933,3.3412575837680434e-06,0.01076467267375393,0.003962353478510802,low,0.0025265118681291727,0.002854683219857653,0.00269836485780537,0.0031427513
2025-03-23 18:45:00+00:00,2,0.0018399806153414327,3.3855286648322372e-06,0.010697006009421646,0.003962353478510802,low,0.002113052667156844,0.0024396434667810244,0.0024977942136790976,0.0020571165
2025-03-23 18:50:00+00:00,2,0.001727755394844149,2.985138704413061e-06,0.010716024899796865,0.003962353478510802,low,0.001884560846807572,0.0030515714305919587,0.0030117789449743107,0.0013149873
2025-03-23 18:55:00+00:00,2,0.0017252474389735932,2.9764787256849426e-06,0.010712034684500162,0.003962353478510802,low,0.0018875119089086351,0.0021250266793419056,0.002706446359902785,0.0023446812
2025-03-23 19:00:00+00:00,2,0.0017030326507156,2.900320209403403e-06,0.01071273760135068,0.003962353478510802,low,0.001890245586234463,0.002043508512376841,0.0026208923946880037,0.0014802046
2025-03-23 19:05:00+00:00,2,0.0024391519441462088,5.9494622066322295e-06,0.01072121055566371,0.003962353478510802,low,0.0017918976979898699,0.0024430919145232645,0.0027161563428166236,0.001618194
2025-03-23 19:10:00+00:00,2,0.002025130213909678,4.1011523832898585e-06,0.010805754354895138,0.003962353478510802,low,0.0022424361769205823,0.0028509686078590462,0.00302635571775569,0.0010496302
2025-03-23 19:15:00+00:00,2,0.002081191671431803,4.3313587732371015e-06,0.010803978110804646,0.003962353478510802,low,0.00224362162783512,0.0025068538536658436,0.002642472071439135,0.0027079512
2025-03-23 19:20:00+00:00,2,0.002136954720811569,4.566575478798849e-06,0.01080403059262598,0.003962353478510802,low,0.0022191982257719085,0.0026578120989403193,0.0026358753654062506,0.0019384737
2025-03-23 19:25:00+00:00,2,0.002062665648506616,4.254589577529218e-06,0.01081587002737923,0.003962353478510802,low,0.0020888295498191307,0.001817697486499534,0.0024357629776461842,0.0016410542
2025-03-23 19:30:00+00:00,2,0.002193831479821108,4.8128965618540725e-06,0.010815602214208964,0.003962353478510802,low,0.002067939592806299,0.0018152348054590193,0.002455403473783445,0.0015464259
2025-03-23 19:35:00+00:00,2,0.002193531983722932,4.811582563615462e-06,0.01080541765437008,0.003962353478510802,low,0.0018919151058608274,0.0020481610448468204,0.0024330551814851853,0.0013711521
2025-03-23 19:40:00+00:00,2,0.0021348053516284443,4.5573938893414465e-06,0.010806300643865313,0.003962353478510802,low,0.0018279107154803933,0.0018433815845795647,0.0025667122965803285,0.0017942096
2025-03-23 19:45:00+00:00,2,0.002114027005613397,4.469110180462746e-06,0.010811198259712775,0.003962353478510802,low,0.0018399806153414327,0.001972608267632006,0.002482365245843239,0.0017071442
2025-03-23 19:50:00+00:00,2,0.0020933810605340323,4.382244264602589e-06,0.010796171545607986,0.003962353478510802,low,0.001727755394844149,0.0018204247849366343,0.002408606415355207,0.0014963008
2025-03-23 19:55:00+00:00,2,0.0021894887059974964,4.793860793690592e-06,0.010796268910801292,0.003962353478510802,low,0.0017252474389735932,0.0018021028856863035,0.0023698334750671393,0.0015124199
2025-03-23 20:00:00+00:00,2,0.0023256793198873004,5.408784298951456e-06,0.010795883101048927,0.003962353478510802,low,0.0017030326507156,0.0021131502879117602,0.002224181306500616,0.0011790877
2025-03-23 20:05:00+00:00,2,0.0015031417075037578,2.2594349928373126e-06,0.01094526227010666,0.003962353478510802,low,0.0024391519441462088,0.002986111302467925,0.0026398017181110682,0.0022625716
2025-03-23 20:10:00+00:00,2,0.0016468689451461767,2.7121773224868806e-06,0.010944994670119489,0.003962353478510802,low,0.002025130213909678,0.0024755077734494495,0.0023578295874467593,0.0027466752
2025-03-23 20:15:00+00:00,2,0.0016802120086955807,2.823112394164838e-06,0.010941502100668528,0.003962353478510802,low,0.002081191671431803,0.0021472699904190027,0.0021720560593689008,0.0024516946
2025-03-23 20:20:00+00:00,2,0.0016329990165616735,2.6666857880913927e-06,0.01092630153830077,0.003962353478510802,low,0.002136954720811569,0.0021386680844353778,0.002168136140828089,0.002425765
2025-03-23 20:25:00+00:00,2,0.0016495791092942457,2.721111237819997e-06,0.01092771043717408,0.003962353478510802,low,0.002062665648506616,0.001938019814291457,0.002200006456737502,0.0020067364
2025-03-23 20:30:00+00:00,2,0.0014665068304236073,2.1506422836790947e-06,0.01095199427365401,0.003962353478510802,low,0.002193831479821108,0.002480863574644209,0.002247167789537567,0.0016253681
2025-03-23 20:35:00+00:00,2,0.0015075852456925428,2.2728132730298446e-06,0.010950032612609156,0.003962353478510802,low,0.002193531983722932,0.0028767994359730304,0.0025800933044985513,0.001954011
2025-03-23 20:40:00+00:00,2,0.0015409941023660073,2.3746628235268166e-06,0.010944028510747817,0.003962353478510802,low,0.0021348053516284443,0.0019245913758242617,0.0022639539486280533,0.0020651019
2025-03-23 20:45:00+00:00,2,0.002001696094331251,4.006787254060985e-06,0.01094491936813407,0.003962353478510802,low,0.002114027005613397,0.0018129759831092722,0.0021571468749673156,0.0020836333
2025-03-23 20:50:00+00:00,2,0.0023796427254735163,5.662699500899024e-06,0.010937792821389649,0.003962353478510802,low,0.0020933810605340323,0.0021072889805743775,0.0022743679967692893,0.0020314662
2025-03-23 20:55:00+00:00,2,0.002456470202337414,6.034245854971616e-06,0.010945901177706246,0.003962353478510802,low,0.0021894887059974964,0.0019208140510612065,0.002268087847445784,0.00175162
2025-03-23 21:00:00+00:00,2,0.0023797755887425783,5.663331852775085e-06,0.010840307549291385,0.003962353478510802,low,0.0023256793198873004,0.0022000231237514533,0.0023900749804041787,0.0019557222
2025-03-23 21:05:00+00:00,2,0.0024326198235518183,5.917639205937281e-06,0.010844157391206886,0.003962353478510802,low,0.0015031417075037578,0.0021324656649396273,0.0022553569134600524,0.0020868906
2025-03-23 21:10:00+00:00,2,0.002894229698810219,8.376565549475089e-06,0.010844208372747311,0.003962353478510802,low,0.0016468689451461767,0.002295515153073298,0.002309671807784114,0.0012856636
2025-03-23 21:15:00+00:00,2,0.002837114844005535,8.049220638076552e-06,0.01081831256756009,0.003962353478510802,low,0.0016802120086955807,0.002551618338316391,0.0023932581350167054,0.0015395503
2025-03-23 21:20:00+00:00,2,0.004316508884150891,1.8632248946953567e-05,0.01081909998067949,0.003962353478510802,low,0.0016329990165616735,0.0028394280082879447,0.002688881485359618,0.0020493614
2025-03-23 21:25:00+00:00,2,0.004912760496005682,2.4135215691113995e-05,0.010819201156142357,0.003962353478510802,low,0.0016495791092942457,0.002045824406732112,0.002371186371038223,0.0016146216
2025-03-23 21:30:00+00:00,2,0.004928582231358025,2.429092281125804e-05,0.010816498908517387,0.003962353478510802,low,0.0014665068304236073,0.0019619170106689046,0.0021211312213228685,0.0012238258
2025-03-23 21:35:00+00:00,2,0.004916234310419204,2.416935979494298e-05,0.010822087003893395,0.003962353478510802,low,0.0015075852456925428,0.0017862647339422016,0.002138873512329967,0.0011680023
2025-03-23 21:40:00+00:00,2,0.0049056257346216025,2.4065163848181737e-05,0.01080079804339505,0.003962353478510802,low,0.0015409941023660073,0.0020339924745804315,0.002141506875914932,0.0011304477
2025-03-23 21:45:00+00:00,2,0.005069181705795923,2.5696603166376064e-05,0.010876776798265177,0.003962353478510802,low,0.002001696094331251,0.0024109073032941393,0.0024096801899334236,0.0009592362
2025-03-23 21:50:00+00:00,2,0.004917374243354693,2.418056944920814e-05,0.010931283186531053,0.003962353478510802,low,0.0023796427254735163,0.001964735585631871,0.002120075999295561,0.0010652941
2025-03-23 21:55:00+00:00,2,0.004869180369391294,2.370891746966554e-05,0.010959330509366805,0.003962353478510802,low,0.002456470202337414,0.0021833030275204275,0.002093582044116793,0.0021207696
2025-03-23 22:00:00+00:00,2,0.004845135663944568,2.347533960202757e-05,0.010967962777958702,0.003962353478510802,low,0.0023797755887425783,0.0020790479912436628,0.002127593377138671,0.00228475
2025-03-23 22:05:00+00:00,2,0.004986584870457485,2.4866028670275496e-05,0.010977777548711647,0.003962353478510802,low,0.0024326198235518183,0.0031781179024596407,0.0025114872525203273,0.002356479
2025-03-23 22:10:00+00:00,2,0.004686402641645279,2.196236971961985e-05,0.011101422771757345,0.003962353478510802,low,0.002894229698810219,0.002776161381344778,0.002604166274966716,0.002072788
2025-03-23 22:15:00+00:00,2,0.004699213343622242,2.208260604887733e-05,0.011098099504790439,0.003962353478510802,low,0.002837114844005535,0.003339253940061666,0.002989428384635578,0.0017227328
2025-03-23 22:20:00+00:00,2,0.003561982858150003,1.2687721881754462e-05,0.011565619648247979,0.003962353478510802,low,0.004316508884150891,0.004155388300178323,0.003451155167053447,0.0018591085
2025-03-23 22:25:00+00:00,2,0.0026919575860216605,7.246635644939566e-06,0.01180330261936689,0.003962353478510802,low,0.004912760496005682,0.003696323459813964,0.003444968143061943,0.0018598781
2025-03-23 22:30:00+00:00,2,0.0029282972783221664,8.574924950229006e-06,0.011797262756694796,0.003962353478510802,low,0.004928582231358025,0.003072123960456191,0.002990637730512637,0.0027289374
2025-03-23 22:35:00+00:00,2,0.0029957784048012144,8.97468825067331e-06,0.011797298133697252,0.003962353478510802,low,0.004916234310419204,0.003257577976821168,0.0028223312896289484,0.0028426433
2025-03-23 22:40:00+00:00,2,0.0031726102116993423,1.0065455555378945e-05,0.011796667609639645,0.003962353478510802,low,0.0049056257346216025,0.0028332701020078025,0.002519417639591919,0.0027678309
2025-03-23 22:45:00+00:00,2,0.0026268201701936038,6.9001842065359534e-06,0.01192973211053449,0.003962353478510802,low,0.005069181705795923,0.0031287707533816655,0.0027255018732663143,0.0036658745
2025-03-23 22:50:00+00:00,2,0.002600055064658904,6.760286339258417e-06,0.011931075769342013,0.003962353478510802,low,0.004917374243354693,0.003406879429902293,0.003002734780871539,0.0041114697
2025-03-23 22:55:00+00:00,2,0.0028921483961606574,8.364522345414663e-06,0.011937115764570664,0.003962353478510802,low,0.004869180369391294,0.0029694905389220003,0.002611569421905126,0.0046698307
2025-03-23 23:00:00+00:00,2,0.00437706455989447,1.9158694161484175e-05,0.011938544154842532,0.003962353478510802,low,0.004845135663944568,0.003027726471054401,0.0026195900151953647,0.004072357
2025-03-23 23:05:00+00:00,2,0.004356201288841078,1.897648966890067e-05,0.012004528585677314,0.003962353478510802,low,0.004986584870457485,0.003028817549269643,0.002670467065111067,0.003758505
2025-03-23 23:10:00+00:00,2,0.004482834831480906,2.009580812633844e-05,0.01199005156495027,0.003962353478510802,low,0.004686402641645279,0.00289917948186954,0.0025416318902883555,0.0035493942
2025-03-23 23:15:00+00:00,2,0.004601030135853628,2.116947831103325e-05,0.011995442818615584,0.003962353478510802,low,0.004699213343622242,0.0025809627580413506,0.0023521173379731446,0.0035905023
2025-03-23 23:20:00+00:00,2,0.004673255412259445,2.1839316148212195e-05,0.012029900989785442,0.003962353478510802,low,0.003561982858150003,0.0027298168624475525,0.002778339413932123,0.0023622392
2025-03-23 23:25:00+00:00,2,0.004932912994959354,2.433363061583886e-05,0.012035995340965371,0.003962353478510802,low,0.0026919575860216605,0.002850159860264652,0.002851229701887665,0.0018365225
2025-03-23 23:30:00+00:00,2,0.005226938140624122,2.732088232591115e-05,0.012094915891877962,0.003962353478510802,low,0.0029282972783221664,0.0034804524431623594,0.0032592274393392043,0.0015787388
2025-03-23 23:35:00+00:00,2,0.005668788718411192,3.2135165533986004e-05,0.012064644710632136,0.003962353478510802,low,0.0029957784048012144,0.0035500413551646016,0.003398616746623775,0.0016771837
2025-03-23 23:40:00+00:00,2,0.006330378629215756,4.0073693589231554e-05,0.012078772112666092,0.003962353478510802,low,0.0031726102116993423,0.0029300771836393577,0.0031092384807119102,0.0018121229
2025-03-23 23:45:00+00:00,2,0.006437401710966775,4.144014078835796e-05,0.012077525244961603,0.003962353478510802,low,0.0026268201701936038,0.0031359686112699577,0.0032076108585559347,0.0020108821
2025-03-23 23:50:00+00:00,2,0.006516678208529024,4.246709487351705e-05,0.012071777611257483,0.003962353478510802,low,0.002600055064658904,0.0026653800453637555,0.0028931878355953297,0.0020859158
2025-03-23 23:55:00+00:00,2,0.006377245919047828,4.0669265512012184e-05,0.012149616817774853,0.003962353478510802,low,0.0028921483961606574,0.0033236576615755372,0.0039353344141518426,0.001650295
2025-03-24 00:00:00+00:00,2,0.005780298802491626,3.341185424608612e-05,0.012570794113553099,0.003962353478510802,low,0.00437706455989447,0.004850491484745511,0.0038111873158385703,0.0018304681
2025-03-24 00:05:00+00:00,2,0.0061610740343170335,3.7958833256335565e-05,0.012632250738627088,0.003962353478510802,low,0.004356201288841078,0.004515492586126681,0.003982202157958254,0.002320357
2025-03-24 00:10:00+00:00,2,0.006074011204258115,3.689361210945311e-05,0.012675431462476617,0.003962353478510802,low,0.004482834831480906,0.004011445180694684,0.003706760125556104,0.0020238329
2025-03-24 00:15:00+00:00,2,0.005988046030734364,3.585669526619357e-05,0.012719916439280613,0.003962353478510802,low,0.004601030135853628,0.003529244367343943,0.003913179612715157,0.0033068834
2025-03-24 00:20:00+00:00,2,0.005825496667876717,3.3936411427442735e-05,0.01278511234161796,0.003962353478510802,low,0.004673255412259445,0.0035911066614115936,0.0040216209668811585,0.0032085024
2025-03-24 00:25:00+00:00,2,0.005622850882799527,3.1616452050199414e-05,0.012857835254006826,0.003962353478510802,low,0.004932912994959354,0.00454126320479245,0.005571350490216766,0.0029675239
2025-03-24 00:30:00+00:00,2,0.005764118544637958,3.322506259663921e-05,0.013019286742375496,0.003962353478510802,low,0.005226938140624122,0.0044497309572811405,0.005877896165496471,0.0030213702
2025-03-24 00:35:00+00:00,2,0.005313085262587437,2.8228875007523816e-05,0.013198989959170668,0.003962353478510802,low,0.005668788718411192,0.0050673451162317334,0.006443355238185925,0.002928654
2025-03-24 00:40:00+00:00,2,0.004550898393757354,2.0710676190303264e-05,0.013536666577791746,0.003962353478510802,low,0.006330378629215756,0.004600622442726014,0.006013344252238288,0.003188623
2025-03-24 00:45:00+00:00,2,0.004396813712644676,1.933197082370026e-05,0.013591332832768073,0.003962353478510802,low,0.006437401710966775,0.00468074616609218,0.006244395860778406,0.0033693768
2025-03-24 00:50:00+00:00,2,0.00431228337063074,1.8595787868618417e-05,0.013628645636761619,0.003962353478510802,low,0.006516678208529024,0.004609056627977739,0.006148144785782057,0.0038387014
2025-03-24 00:55:00+00:00,2,0.0043001763648522345,1.8491516768833776e-05,0.013630682354679676,0.003962353478510802,low,0.006377245919047828,0.004603072581705519,0.006125310489675084,0.005121782
2025-03-24 01:00:00+00:00,2,0.00400434509941117,1.6034779675178253e-05,0.013760942451001273,0.003962353478510802,low,0.005780298802491626,0.003862035359893658,0.005357129605333214,0.0053298348
2025-03-24 01:05:00+00:00,2,0.003372895283029094,1.1376422590279912e-05,0.013981126959348207,0.003962353478510802,low,0.0061610740343170335,0.00476024299591907,0.006292138282540215,0.0059295855
2025-03-24 01:10:00+00:00,2,0.003378510731039754,1.1414334759750772e-05,0.013982738071929481,0.003962353478510802,low,0.006074011204258115,0.0045658148773538,0.005880344601445176,0.0068667633
2025-03-24 01:15:00+00:00,2,0.0033574812723397513,1.1272680494112155e-05,0.0139778807826343,0.003962353478510802,low,0.005988046030734364,0.004126631587983859,0.005010670241752523,0.00852317
2025-03-24 01:20:00+00:00,2,0.0033635799725036807,1.1313670231427862e-05,0.013961786690558229,0.003962353478510802,low,0.005825496667876717,0.00454761137004678,0.0055588738317662615,0.008535843
2025-03-24 01:25:00+00:00,2,0.0034213983138125753,1.1705966421759532e-05,0.013965812966213121,0.003962353478510802,low,0.005622850882799527,0.003598781014857542,0.004435004056446526,0.006343941
2025-03-24 01:30:00+00:00,2,0.0024950705722321044,6.22537716041864e-06,0.014179479931494609,0.003962353478510802,low,0.005764118544637958,0.004473256145692821,0.004777260267481425,0.0055129784
2025-03-24 01:35:00+00:00,2,0.0025093791717174666,6.296983827449438e-06,0.01417890297068267,0.003962353478510802,low,0.005313085262587437,0.0042717230336711915,0.004833035482696243,0.0066011925
2025-03-24 01:40:00+00:00,2,0.002205388342991147,4.863737743401237e-06,0.014225423272458385,0.003962353478510802,low,0.004550898393757354,0.004472328929055478,0.004582099624249692,0.005175651
2025-03-24 01:45:00+00:00,2,0.0022598396512733964,5.106875249467466e-06,0.014224891623630847,0.003962353478510802,low,0.004396813712644676,0.003808438364086749,0.004128203502030657,0.005307051
2025-03-24 01:50:00+00:00,2,0.0024086049374567016,5.801377744740802e-06,0.0142348360894503,0.003962353478510802,low,0.00431228337063074,0.0038086502606891454,0.004416156861627664,0.0043676137
2025-03-24 01:55:00+00:00,2,0.002672448195302764,7.141979356576999e-06,0.014225679316428257,0.003962353478510802,low,0.0043001763648522345,0.0034744378885209638,0.004379903658034395,0.004480041
2025-03-24 02:00:00+00:00,2,0.0025644153811311926,6.576226246982239e-06,0.014258520998906213,0.003962353478510802,low,0.00400434509941117,0.004134357553031938,0.004700722108414371,0.0032133912
2025-03-24 02:05:00+00:00,2,0.002792096472449952,7.795802711467465e-06,0.014302548476270079,0.003962353478510802,low,0.003372895283029094,0.0036574860970280064,0.004218372365454672,0.0032911228
2025-03-24 02:10:00+00:00,2,0.0029378929943295975,8.631215246130928e-06,0.014301376098449474,0.003962353478510802,low,0.003378510731039754,0.00360264527463863,0.004526667363702313,0.0041120304
2025-03-24 02:15:00+00:00,2,0.0032075302248782875,1.0288250143507757e-05,0.014300656028009139,0.003962353478510802,low,0.0033574812723397513,0.0031972863749523926,0.004119893070193214,0.0036967762
2025-03-24 02:20:00+00:00,2,0.0035832581953239334,1.2839739294356131e-05,0.014296862848530116,0.003962353478510802,low,0.0033635799725036807,0.002930858403954377,0.003995870583771144,0.0037051341
2025-03-24 02:25:00+00:00,2,0.00348395455351787,1.21379393309779e-05,0.014311677549374041,0.003962353478510802,low,0.0034213983138125753,0.003331798444510025,0.004094152964974362,0.0027933328
2025-03-24 02:30:00+00:00,2,0.0034291801007595864,1.1759276163445528e-05,0.01433153216724357,0.003962353478510802,low,0.0024950705722321044,0.0025544029704493675,0.0034690584776719373,0.0021126505
2025-03-24 02:35:00+00:00,2,0.0034276380674869017,1.1748702721685341e-05,0.014301886044159601,0.003962353478510802,low,0.0025093791717174666,0.0029639481646315364,0.003776723651231481,0.0046506645
2025-03-24 02:40:00+00:00,2,0.0034212567640183695,1.1704997845341445e-05,0.014299433012128347,0.003962353478510802,low,0.002205388342991147,0.002570952404091914,0.0036313860204933547,0.0024830701
2025-03-24 02:45:00+00:00,2,0.0033720255713720697,1.1370556453987133e-05,0.014310640335005686,0.003962353478510802,low,0.0022598396512733964,0.002980634848185914,0.003541915442056524,0.002684296
2025-03-24 02:50:00+00:00,2,0.003288038841808029,1.0811199425238286e-05,0.014345014106657405,0.003962353478510802,low,0.0024086049374567016,0.0033033171166360047,0.003802687921612841,0.0036415062
2025-03-24 02:55:00+00:00,2,0.004177108780364703,1.74482377629999e-05,0.014381447195024325,0.003962353478510802,low,0.002672448195302764,0.003607824374991287,0.004040267489836217,0.0035951517
2025-03-24 03:00:00+00:00,2,0.004143366087215518,1.716748253268763e-05,0.014393569797660521,0.003962353478510802,low,0.0025644153811311926,0.003580093404860837,0.0037386796174567506,0.004969137
2025-03-24 03:05:00+00:00,2,0.0044369923547060985,1.9686901155720366e-05,0.014450798126606925,0.003962353478510802,low,0.002792096472449952,0.003239686572430274,0.0039732884388684496,0.004741753
2025-03-24 03:10:00+00:00,2,0.004474957413901156,2.0025243856228927e-05,0.014483120933046363,0.003962353478510802,low,0.0029378929943295975,0.004047863369268191,0.0044382062705242194,0.004313512
2025-03-24 03:15:00+00:00,2,0.00439403073407174,1.9307506091967037e-05,0.014539214607106775,0.003962353478510802,low,0.0032075302248782875,0.003736191434638742,0.004428045675833668,0.0039161216
2025-03-24 03:20:00+00:00,2,0.004109016005402867,1.688401253265693e-05,0.014615328513566025,0.003962353478510802,low,0.0035832581953239334,0.004186724950293264,0.004558933003127532,0.0035447818
2025-03-24 03:25:00+00:00,2,0.00413410441700716,1.709081933071811e-05,0.014608931243806807,0.003962353478510802,low,0.00348395455351787,0.0045370828583125005,0.0045961349734309044,0.0034479077
2025-03-24 03:30:00+00:00,2,0.004111327518162508,1.6903013961600292e-05,0.014615984494285,0.003962353478510802,low,0.0034291801007595864,0.003631185461823347,0.004304646341369168,0.0026602286
2025-03-24 03:35:00+00:00,2,0.004087529668495621,1.6707898790831926e-05,0.014625260836965956,0.003962353478510802,low,0.0034276380674869017,0.003973343996613685,0.004255486517666128,0.0037384126
2025-03-24 03:40:00+00:00,2,0.0042091758023884256,1.7717160935412244e-05,0.014625868058484027,0.003962353478510802,low,0.0034212567640183695,0.003837877195974729,0.004106543418487792,0.00292595
2025-03-24 03:45:00+00:00,2,0.004757289978479681,2.2631807939343196e-05,0.014624738368495796,0.003962353478510802,low,0.0033720255713720697,0.0034653529231646963,0.003727262716335594,0.0025867978
2025-03-24 03:50:00+00:00,2,0.004745661004650556,2.2521298371060925e-05,0.014638194517314847,0.003962353478510802,low,0.003288038841808029,0.003476292228971656,0.0035932986845366877,0.0023678984
2025-03-24 03:55:00+00:00,2,0.0038354897779647565,1.4710981836872136e-05,0.0149081998636507,0.003962353478510802,low,0.004177108780364703,0.003701047194305668,0.004235014514374215,0.00355117
2025-03-24 04:00:00+00:00,2,0.003807446448105768,1.449664845519323e-05,0.014911442136349493,0.003962353478510802,low,0.004143366087215518,0.00410196822106477,0.004420623601662647,0.0031437734
2025-03-24 04:05:00+00:00,2,0.003534069648489455,1.2489648280374381e-05,0.015023614627683347,0.003962353478510802,low,0.0044369923547060985,0.0047898896680300404,0.004573428912437599,0.0027602918
2025-03-24 04:10:00+00:00,2,0.0035955456000479583,1.2927948162024231e-05,0.015052043415260926,0.003962353478510802,low,0.004474957413901156,0.0047559508088249654,0.004677337804061317,0.003634484
2025-03-24 04:15:00+00:00,2,0.0035895117935376827,1.288459491594611e-05,0.015082185065877432,0.003962353478510802,low,0.00439403073407174,0.003919669865259481,0.00395837131924062,0.0031075696
2025-03-24 04:20:00+00:00,2,0.0036325814539693506,1.319564801972208e-05,0.015087483995366364,0.003962353478510802,low,0.004109016005402867,0.003799558470413468,0.003958555591529032,0.0035325012
2025-03-24 04:25:00+00:00,2,0.003907077766983725,1.526525667725853e-05,0.015094197586329993,0.003962353478510802,low,0.00413410441700716,0.00399194766378841,0.004281506945762052,0.0031114751
2025-03-24 04:30:00+00:00,2,0.003903292518362475,1.5235692483904472e-05,0.015094327466511043,0.003962353478510802,low,0.004111327518162508,0.0037769942224712303,0.0038149502903356415,0.0022815482
2025-03-24 04:35:00+00:00,2,0.003933236757137472,1.5470351387697296e-05,0.015095729909268166,0.003962353478510802,low,0.004087529668495621,0.004114350908978994,0.004192947335247854,0.0026133857
2025-03-24 04:40:00+00:00,2,0.0038879764373865736,1.5116360777673194e-05,0.01513030495999604,0.003962353478510802,low,0.0042091758023884256,0.003958131005794661,0.004112904610235924,0.0020907682
2025-03-24 04:45:00+00:00,2,0.0032573350385437776,1.0610231553324993e-05,0.015282266398016218,0.003962353478510802,low,0.004757289978479681,0.0041820853035114455,0.004462075355974131,0.0039975494
2025-03-24 04:50:00+00:00,2,0.0032510945228839357,1.0569615596725927e-05,0.01529263224465359,0.003962353478510802,low,0.004745661004650556,0.004124060634494521,0.0045693297281850925,0.0037307092
2025-03-24 04:55:00+00:00,2,0.0032723513583099127,1.070828341223273e-05,0.01529819621184984,0.003962353478510802,low,0.0038354897779647565,0.00361954754369584,0.003921564548678037,0.0037503664
2025-03-24 05:00:00+00:00,2,0.0032843775837761596,1.0787136112811325e-05,0.015297016577944723,0.003962353478510802,low,0.003807446448105768,0.003956307203477705,0.003993303206145354,0.004187211
2025-03-24 05:05:00+00:00,2,0.002957423107631708,8.74635143755399e-06,0.01539865574853463,0.003962353478510802,low,0.003534069648489455,0.004090785974845977,0.004167540365774794,0.0037705372
2025-03-24 05:10:00+00:00,2,0.002912433460669414,8.48226866282682e-06,0.015453627224012088,0.003962353478510802,low,0.0035955456000479583,0.0037329985633054326,0.004148061193463757,0.0024040772
2025-03-24 05:15:00+00:00,2,0.0028843243892631766,8.319327182498397e-06,0.015480068067877226,0.003962353478510802,low,0.0035895117935376827,0.003801682153252583,0.004277031646897903,0.003459071
2025-03-24 05:20:00+00:00,2,0.002945419101845297,8.675493685515156e-06,0.015493179876278834,0.003962353478510802,low,0.0036325814539693506,0.003876181052109545,0.004402987073208082,0.0033369607
2025-03-24 05:25:00+00:00,2,0.002812038396805807,7.907559945110175e-06,0.015564325282226787,0.003962353478510802,low,0.003907077766983725,0.0036795767566161425,0.004188795673947773,0.0035904783
2025-03-24 05:30:00+00:00,2,0.002823255537903466,7.97077183230259e-06,0.015563818398357111,0.003962353478510802,low,0.003903292518362475,0.0035097386868613157,0.0038985113387493735,0.003595594
2025-03-24 05:35:00+00:00,2,0.002961614703868222,8.771161654168456e-06,0.015566383840890603,0.003962353478510802,low,0.003933236757137472,0.003558674531529732,0.0039350588833718045,0.0031189632
2025-03-24 05:40:00+00:00,2,0.0028517095830094172,8.132247545827745e-06,0.015586781421712742,0.003962353478510802,low,0.0038879764373865736,0.0038730693789633687,0.004385976766515313,0.0033658552
2025-03-24 05:45:00+00:00,2,0.002948075037702207,8.691146427922869e-06,0.015600335730829468,0.003962353478510802,low,0.0032573350385437776,0.0034495788641229802,0.003975283011462738,0.002940241
2025-03-24 05:50:00+00:00,2,0.00292595758966296,8.561227816506279e-06,0.015595314689487902,0.003962353478510802,low,0.0032510945228839357,0.0033541756581484316,0.004023265894219903,0.0033622812
2025-03-24 05:55:00+00:00,2,0.003002328385636963,9.013975735201453e-06,0.015601011093891991,0.003962353478510802,low,0.0032723513583099127,0.0032627303988351916,0.004009975397294091,0.0031903174
2025-03-24 06:00:00+00:00,2,0.0029872385077884503,8.923593902414167e-06,0.015604317202153406,0.003962353478510802,low,0.0032843775837761596,0.0030636351006445286,0.003675147701273111,0.0031335214
2025-03-24 06:05:00+00:00,2,0.0028022318135138666,7.852503136669213e-06,0.015640149368090737,0.003962353478510802,low,0.002957423107631708,0.0035235378605109093,0.004267849267547031,0.0030893702
2025-03-24 06:10:00+00:00,2,0.002692376985770092,7.248893833504447e-06,0.015686355634789095,0.003962353478510802,low,0.002912433460669414,0.004100071559558728,0.004093306710218834,0.003165934
2025-03-24 06:15:00+00:00,2,0.0025647127637889403,6.577751560741905e-06,0.015710496950446448,0.003962353478510802,low,0.0028843243892631766,0.004089466054420876,0.004138054487642877,0.0031586417
2025-03-24 06:20:00+00:00,2,0.0024183388457330256,5.848362772781344e-06,0.015731690017999105,0.003962353478510802,low,0.002945419101845297,0.0043374885892441635,0.00423481454129813,0.0034794335
2025-03-24 06:25:00+00:00,2,0.0021484475055859454,4.615826684258471e-06,0.015779296093798044,0.003962353478510802,low,0.002812038396805807,0.003729232699552296,0.004048855563305781,0.0030588107
2025-03-24 06:30:00+00:00,2,0.0021656794896287783,4.690167651798765e-06,0.015780339413300884,0.003962353478510802,low,0.002823255537903466,0.0032278870242539487,0.003693864544304539,0.003948735
2025-03-24 06:35:00+00:00,2,0.002557390107532203,6.540244162103571e-06,0.015814843284587987,0.003962353478510802,low,0.002961614703868222,0.00397989693004181,0.004102884715135985,0.0042810133
2025-03-24 06:40:00+00:00,2,0.0025623516756162834,6.5656461095335754e-06,0.015815458397609762,0.003962353478510802,low,0.0028517095830094172,0.00323615330636121,0.0036710762199198945,0.0035535127
2025-03-24 06:45:00+00:00,2,0.0024684625823398784,6.093307520412062e-06,0.015846232440217472,0.003962353478510802,low,0.002948075037702207,0.0034633345489761373,0.004177838032039722,0.004236752
2025-03-24 06:50:00+00:00,2,0.003034932804534971,9.210817128042504e-06,0.01584744619758739,0.003962353478510802,low,0.00292595758966296,0.0034108666094703212,0.004014748148000555,0.00434566
2025-03-24 06:55:00+00:00,2,0.002904457372183463,8.435872626830868e-06,0.015871340266305833,0.003962353478510802,low,0.003002328385636963,0.003377304549694565,0.003735062096351179,0.00416328
2025-03-24 07:00:00+00:00,2,0.003094013299550262,9.572918297793898e-06,0.015867580680743773,0.003962353478510802,low,0.0029872385077884503,0.0029074647143836705,0.003168750974682401,0.003097508
2025-03-24 07:05:00+00:00,2,0.003659293967451316,1.3390432340225593e-05,0.015867931128049437,0.003962353478510802,low,0.0028022318135138666,0.0031898523694595597,0.0033147213913480747,0.0041501825
2025-03-24 07:10:00+00:00,2,0.003686651359838944,1.3591398249002334e-05,0.015893709810239038,0.003962353478510802,low,0.002692376985770092,0.003123244925455724,0.0034172047618566204,0.0041207103
2025-03-24 07:15:00+00:00,2,0.0036736011219241564,1.349534520300242e-05,0.015896739382973046,0.003962353478510802,low,0.0025647127637889403,0.004422143390015203,0.003684227222965511,0.0027495935
2025-03-24 07:20:00+00:00,2,0.0038817093967021196,1.5067667840445533e-05,0.015900734880436748,0.003962353478510802,low,0.0024183388457330256,0.0032135575278834576,0.003654933398546285,0.0037577774
2025-03-24 07:25:00+00:00,2,0.0039118206891850926,1.5302341104336536e-05,0.015904282101843296,0.003962353478510802,low,0.0021484475055859454,0.0028406811569014465,0.003123205988296448,0.0029928514
2025-03-24 07:30:00+00:00,2,0.004030953369842779,1.6248585069846856e-05,0.01590853127322368,0.003962353478510802,low,0.0021656794896287783,0.0028361418127968536,0.003290994599579725,0.0036875615
2025-03-24 07:35:00+00:00,2,0.004050668136620465,1.6407912353032313e-05,0.01600161460946681,0.003962353478510802,low,0.002557390107532203,0.0033436155769169347,0.003865882392537438,0.0033056806
2025-03-24 07:40:00+00:00,2,0.004339006394957739,1.882697649548415e-05,0.016003184933164383,0.003962353478510802,low,0.0025623516756162834,0.0030458663152420906,0.003677780952434439,0.0036651753
2025-03-24 07:45:00+00:00,2,0.004298215030435908,1.8474652447865154e-05,0.016014301748377372,0.003962353478510802,low,0.0024684625823398784,0.002925158637977154,0.003640717960134565,0.0038197576
2025-03-24 07:50:00+00:00,2,0.004263465078430206,1.8177134474993883e-05,0.016114554867909317,0.003962353478510802,low,0.003034932804534971,0.0034136505911506543,0.0038542697169755905,0.0027118563
2025-03-24 07:55:00+00:00,2,0.004265898974088516,1.8197894057129453e-05,0.016109647145482096,0.003962353478510802,low,0.002904457372183463,0.0028373593406622235,0.003182860848037608,0.0038466575
2025-03-24 08:00:00+00:00,2,0.004208203376430354,1.7708975657399832e-05,0.0161459802882555,0.003962353478510802,low,0.003094013299550262,0.0032361835056933957,0.0037937379630097246,0.0034407633
2025-03-24 08:05:00+00:00,2,0.0037361949004541253,1.3959152334179413e-05,0.01626421994631036,0.003962353478510802,low,0.003659293967451316,0.00354159838099151,0.004303604399666238,0.004854453
2025-03-24 08:10:00+00:00,2,0.00361185338236901,1.3045484855730458e-05,0.016296232635655543,0.003962353478510802,low,0.003686651359838944,0.003320200722630038,0.0037202230375670805,0.0051155235
2025-03-24 08:15:00+00:00,2,0.0036132561128202406,1.3055619736832835e-05,0.016296149093649015,0.003962353478510802,low,0.0036736011219241564,0.003519385762832922,0.0037406260370107156,0.0042860727
2025-03-24 08:20:00+00:00,2,0.0033953328068540294,1.1528284869299262e-05,0.016348204608758344,0.003962353478510802,low,0.0038817093967021196,0.0036053294521242738,0.0036875850252884017,0.0044060927
2025-03-24 08:25:00+00:00,2,0.003400300949158659,1.1562046544849277e-05,0.01636163785263836,0.003962353478510802,low,0.0039118206891850926,0.0040524761813545964,0.0038308498015401636,0.004068539
2025-03-24 08:30:00+00:00,2,0.0032470731020630946,1.0543483730141648e-05,0.016393307979052456,0.003962353478510802,low,0.004030953369842779,0.004168779283845716,0.0038686123706988497,0.003845482
2025-03-24 08:35:00+00:00,2,0.002744328571865864,7.531339310359332e-06,0.016487921375665984,0.003962353478510802,low,0.004050668136620465,0.004378672037931431,0.003914719518427195,0.0043396964
2025-03-24 08:40:00+00:00,2,0.0022546211345060756,5.083316460161463e-06,0.01656159439771517,0.003962353478510802,low,0.004339006394957739,0.003759058691383154,0.004068549862787909,0.0047105
2025-03-24 08:45:00+00:00,2,0.002307645598669309,5.325228209057835e-06,0.016566322934931182,0.003962353478510802,low,0.004298215030435908,0.003518802184066214,0.0036673460888337716,0.0036301333
2025-03-24 08:50:00+00:00,2,0.001674130770736897,2.802713837528117e-06,0.01665393046665728,0.003962353478510802,low,0.004263465078430206,0.003993839361268804,0.004284457351742927,0.0043677473
2025-03-24 08:55:00+00:00,2,0.0016735930598453016,2.8009137299623593e-06,0.016648610657758474,0.003962353478510802,low,0.004265898974088516,0.003523653748850648,0.00390765371147039,0.004077862
2025-03-24 09:00:00+00:00,2,0.0014917401207501582,2.2252885878556963e-06,0.016666476462591624,0.003962353478510802,low,0.004208203376430354,0.003536027544177341,0.003951355449195053,0.0036927522
2025-03-24 09:05:00+00:00,2,0.00156983288196344,2.4643752772936397e-06,0.016669362026848364,0.003962353478510802,low,0.0037361949004541253,0.0038479878675225275,0.0037762100892523584,0.0047960253
2025-03-24 09:10:00+00:00,2,0.0021751230314731103,4.731160202044773e-06,0.01667279489207741,0.003962353478510802,low,0.00361185338236901,0.003130725573132201,0.0031580582094368937,0.0041305507
2025-03-24 09:15:00+00:00,2,0.002176251239259792,4.736069456379779e-06,0.016669891069935182,0.003962353478510802,low,0.0036132561128202406,0.003769882212026878,0.0036091891797115864,0.0033173736
2025-03-24 09:20:00+00:00,2,0.0021861611435109976,4.7793005453973125e-06,0.01667439076265011,0.003962353478510802,low,0.0033953328068540294,0.003366081319921188,0.0036008911041646705,0.004686671
2025-03-24 09:25:00+00:00,2,0.002257375314567453,5.095743310818508e-06,0.0166906633395672,0.003962353478510802,low,0.003400300949158659,0.003316210744598032,0.0035806492129428578,0.003195445
2025-03-24 09:30:00+00:00,2,0.002264250061752436,5.126828342145909e-06,0.01669189091366921,0.003962353478510802,low,0.0032470731020630946,0.0034627612425416226,0.004091088265749383,0.004382075
2025-03-24 09:35:00+00:00,2,0.0022971250675503136,5.276783575968033e-06,0.0166952631224139,0.003962353478510802,low,0.002744328571865864,0.003222711836587912,0.0034285547950066,0.004427066
2025-03-24 09:40:00+00:00,2,0.0038168610403740808,1.456842820152551e-05,0.0166966766313999,0.003962353478510802,low,0.0022546211345060756,0.0028446746581020374,0.0029330143295531854,0.004020378
2025-03-24 09:45:00+00:00,2,0.003835260749838716,1.470922501925343e-05,0.016708476758471213,0.003962353478510802,low,0.002307645598669309,0.002805287806751841,0.0027907724199773077,0.0035030195
2025-03-24 09:50:00+00:00,2,0.00379002391973893,1.4364281312193243e-05,0.01672176159754069,0.003962353478510802,low,0.001674130770736897,0.003196196841188832,0.0032454472725383363,0.0031806447
2025-03-24 09:55:00+00:00,2,0.004080980325083625,1.6654400413719648e-05,0.016722227506064048,0.003962353478510802,low,0.0016735930598453016,0.00292316696721109,0.0032680234000278044,0.003778269
2025-03-24 10:00:00+00:00,2,0.004094246035801046,1.676285060167258e-05,0.016724412835296732,0.003962353478510802,low,0.0014917401207501582,0.0029456092631008446,0.003163603639594332,0.0035890301
2025-03-24 10:05:00+00:00,2,0.0041846622924526615,1.7511398501875167e-05,0.01673572042980558,0.003962353478510802,low,0.00156983288196344,0.002880763904829042,0.0028840797662031546,0.0032069117
2025-03-24 10:10:00+00:00,2,0.003895181678893873,1.5172440311590492e-05,0.01680716105822016,0.003962353478510802,low,0.0021751230314731103,0.0030182423128760766,0.0032507363724105184,0.0027011265
2025-03-24 10:15:00+00:00,2,0.003907552218561911,1.5268964340788108e-05,0.016807616124008835,0.003962353478510802,low,0.002176251239259792,0.00250048647898131,0.0028016699625981866,0.0026269127
2025-03-24 10:20:00+00:00,2,0.003947507249707275,1.5582813486491494e-05,0.016809917473908836,0.003962353478510802,low,0.0021861611435109976,0.0025071838306140073,0.002925143390933941,0.0025585669
2025-03-24 10:25:00+00:00,2,0.0038447441468321087,1.478205755459976e-05,0.01683587739553509,0.003962353478510802,low,0.002257375314567453,0.0027206438560438578,0.0033920945290243296,0.002644543
2025-03-24 10:30:00+00:00,2,0.003837962319736431,1.4729954767716644e-05,0.016838883503628006,0.003962353478510802,low,0.002264250061752436,0.0023179667204531063,0.0030138101147424165,0.002503717
2025-03-24 10:35:00+00:00,2,0.0038303277720521936,1.467141084135432e-05,0.016846016090924277,0.003962353478510802,low,0.0022971250675503136,0.0030730956249374513,0.003181266973263172,0.002370924
2025-03-24 10:40:00+00:00,2,0.002666234749380761,7.10880773880549e-06,0.017120871935601273,0.003962353478510802,low,0.0038168610403740808,0.004072067600033297,0.004022646843714489,0.0018445555
2025-03-24 10:45:00+00:00,2,0.0025710578985072385,6.610338717476457e-06,0.01703102670673331,0.003962353478510802,low,0.003835260749838716,0.0033676632678222326,0.004257157441511299,0.002822906
2025-03-24 10:50:00+00:00,2,0.0027126294228202535,7.358358385550142e-06,0.01701743415301259,0.003962353478510802,low,0.00379002391973893,0.003047286863078619,0.004158211284185976,0.0033703055
2025-03-24 10:55:00+00:00,2,0.002259540007975696,5.105521047642809e-06,0.01708512410549478,0.003962353478510802,low,0.004080980325083625,0.0037096296913623266,0.004720247886382357,0.0025930183
2025-03-24 11:00:00+00:00,2,0.0022886920683367305,5.238111383667461e-06,0.017089637418277234,0.003962353478510802,low,0.004094246035801046,0.0030473230369820535,0.0045223531635122756,0.0026823578
2025-03-24 11:05:00+00:00,2,0.0031489094526084963,9.91563074072714e-06,0.016885041819808808,0.003962353478510802,low,0.0041846622924526615,0.0029881476636994804,0.004337837096211747,0.002631407
2025-03-24 11:10:00+00:00,2,0.0032987655550915265,1.0881854187458307e-05,0.016874766538685592,0.003962353478510802,low,0.003895181678893873,0.0027260174736630305,0.0037964118763515907,0.0028184003
2025-03-24 11:15:00+00:00,2,0.003345064491523393,1.1189456452450656e-05,0.016856652483565795,0.003962353478510802,low,0.003907552218561911,0.0028563963404777447,0.004168565704126609,0.002870014
2025-03-24 11:20:00+00:00,2,0.003501443120541865,1.2260103926389954e-05,0.01678289091746345,0.003962353478510802,low,0.003947507249707275,0.0030233012282590444,0.004182897928204683,0.0025457875
2025-03-24 11:25:00+00:00,2,0.0035231559051565665,1.2412627532039584e-05,0.016771392547098408,0.003962353478510802,low,0.0038447441468321087,0.0031555833859348687,0.0041119292167943996,0.0027502005
2025-03-24 11:30:00+00:00,2,0.003807466939959773,1.4496804498886637e-05,0.01669465731668787,0.003962353478510802,low,0.003837962319736431,0.003007711571303041,0.003822467380055597,0.0025352
2025-03-24 11:35:00+00:00,2,0.0038460299783868624,1.4791946594650448e-05,0.01667075901693915,0.003962353478510802,low,0.0038303277720521936,0.0028494130205943265,0.00371712332997107,0.0025567925
2025-03-24 11:40:00+00:00,2,0.003609646976231514,1.3029551293017312e-05,0.016718486908138604,0.003962353478510802,low,0.002666234749380761,0.0028763930223831675,0.003590835382052714,0.0018616136
2025-03-24 11:45:00+00:00,2,0.0036041038270947607,1.2989564396479102e-05,0.016719188767266663,0.003962353478510802,low,0.0025710578985072385,0.002689872058408626,0.0035172626935993717,0.0021670843
2025-03-24 11:50:00+00:00,2,0.003604809972907046,1.29946549407701e-05,0.016744176149415552,0.003962353478510802,low,0.0027126294228202535,0.0026905451630638098,0.0033933957127891537,0.0018435803
2025-03-24 11:55:00+00:00,2,0.003597292526019664,1.2940513517756932e-05,0.016688066887804578,0.003962353478510802,low,0.002259540007975696,0.002437456382325276,0.00288297746379677,0.0019138062
2025-03-24 12:00:00+00:00,2,0.0035587457902223367,1.2664671599425203e-05,0.01669390557872165,0.003962353478510802,low,0.0022886920683367305,0.002454459641226044,0.00301312144995267,0.0016970282
2025-03-24 12:05:00+00:00,2,0.0029297180967685606,8.583248126533198e-06,0.01685906878831883,0.003962353478510802,low,0.0031489094526084963,0.00445184135117495,0.004542514335529623,0.0021949075
2025-03-24 12:10:00+00:00,2,0.0027605262193663924,7.620505007809308e-06,0.01688720486361292,0.003962353478510802,low,0.0032987655550915265,0.003202352482971655,0.004614973004287162,0.002497805
2025-03-24 12:15:00+00:00,2,0.0027070906580478494,7.328339830889939e-06,0.01688248159603123,0.003962353478510802,low,0.003345064491523393,0.002928910118073226,0.004453402649629982,0.0023036832
2025-03-24 12:20:00+00:00,2,0.002407568286207912,5.796385052754104e-06,0.016928587952192247,0.003962353478510802,low,0.003501443120541865,0.0029094511995248584,0.004084110023519291,0.0022165051
2025-03-24 12:25:00+00:00,2,0.0023772675742887105,5.6514011197645295e-06,0.016934826214526483,0.003962353478510802,low,0.0035231559051565665,0.003281820397870579,0.004671205690483944,0.002449152
2025-03-24 12:30:00+00:00,2,0.0019029249296375335,3.621123287836012e-06,0.016976216631881744,0.003962353478510802,low,0.003807466939959773,0.003717452143774185,0.004613011911900177,0.0035175818
2025-03-24 12:35:00+00:00,2,0.0019983310440279956,3.9933269615260196e-06,0.0169695452688477,0.003962353478510802,low,0.0038460299783868624,0.0035536236181305126,0.004580988211884339,0.0037503217
2025-03-24 12:40:00+00:00,2,0.0020749576621910022,4.30544929988515e-06,0.016964169384210734,0.003962353478510802,low,0.003609646976231514,0.0027909299883125895,0.0037507924288321696,0.0035183267
2025-03-24 12:45:00+00:00,2,0.0020764770783753815,4.31175705701836e-06,0.016963614906733312,0.003962353478510802,low,0.0036041038270947607,0.003194780047401222,0.004651187209811142,0.0031926578
2025-03-24 12:50:00+00:00,2,0.002617157666510937,6.849514251376972e-06,0.01696318024791536,0.003962353478510802,low,0.003604809972907046,0.003213275052404272,0.004659772629075298,0.004067982
2025-03-24 12:55:00+00:00,2,0.002630151176669814,6.917695212137607e-06,0.01693002656032793,0.003962353478510802,low,0.003597292526019664,0.0031790712638769553,0.004565587460345185,0.004886423
2025-03-24 13:00:00+00:00,2,0.00314016215371865,9.86061835164695e-06,0.0169324067133496,0.003962353478510802,low,0.0035587457902223367,0.003308390364167427,0.004652278149016234,0.00495658
2025-03-24 13:05:00+00:00,2,0.005434657540071021,2.9535502577850797e-05,0.016981346556651008,0.003962353478510802,low,0.0029297180967685606,0.0035455997933253242,0.004453429283637114,0.0036198173
2025-03-24 13:10:00+00:00,2,0.005580352832223019,3.114033773209947e-05,0.016975174362654465,0.003962353478510802,low,0.0027605262193663924,0.003404806348112914,0.004350258703932278,0.0029961814
2025-03-24 13:15:00+00:00,2,0.005775868797536099,3.33606603663511e-05,0.016946423629590923,0.003962353478510802,low,0.0027070906580478494,0.003177818752077244,0.0041701029734996726,0.0036905415
2025-03-24 13:20:00+00:00,2,0.006519404836300957,4.2502639419584305e-05,0.016907145592039062,0.003962353478510802,low,0.002407568286207912,0.002931414535607953,0.0038631169983696493,0.0031189797
2025-03-24 13:25:00+00:00,2,0.006515689813242052,4.245421374238624e-05,0.01688167760950129,0.003962353478510802,low,0.0023772675742887105,0.0028568624168511508,0.003826744712503272,0.0028984179
2025-03-24 13:30:00+00:00,2,0.007452236480961065,5.553582856816696e-05,0.016881554543136685,0.003962353478510802,low,0.0019029249296375335,0.0029913425888900766,0.004251826753323729,0.0023092483
2025-03-24 13:35:00+00:00,2,0.00862719180007416,7.442843835526684e-05,0.016885096582786002,0.003962353478510802,low,0.0019983310440279956,0.004032032185759009,0.004368356353413681,0.0025679648
2025-03-24 13:40:00+00:00,2,0.008863218309197906,7.855663879650098e-05,0.016806972366066743,0.003962353478510802,low,0.0020749576621910022,0.0036062823624075863,0.004009545333656059,0.002991446
2025-03-24 13:45:00+00:00,2,0.008980829460165705,8.065529779258022e-05,0.016803451832275502,0.003962353478510802,low,0.0020764770783753815,0.0035734655428635827,0.004033282565092539,0.002995397
2025-03-24 13:50:00+00:00,2,0.008792622296556604,7.731020684990433e-05,0.016861076810992203,0.003962353478510802,low,0.002617157666510937,0.003831988673820014,0.003938349051740416,0.003195366
2025-03-24 13:55:00+00:00,2,0.009155685775908461,8.382658202717253e-05,0.016863160793249017,0.003962353478510802,low,0.002630151176669814,0.0033998989791955187,0.003770116325001699,0.00429866
2025-03-24 14:00:00+00:00,2,0.009018872037876978,8.134005283559925e-05,0.0168967852462192,0.003962353478510802,low,0.00314016215371865,0.003858261483289276,0.004193662024785211,0.0045580515
2025-03-24 14:05:00+00:00,2,0.00777661512565984,6.0475742812641406e-05,0.0175156187898502,0.003962353478510802,low,0.005434657540071021,0.00465873405317915,0.005750401460415911,0.002831623
2025-03-24 14:10:00+00:00,2,0.007679387364778972,5.897299029832692e-05,0.017548298552169925,0.003962353478510802,low,0.005580352832223019,0.004519922765366232,0.0058112862107756276,0.0029834588
2025-03-24 14:15:00+00:00,2,0.0075476988507901365,5.696775794221875e-05,0.017605696348711432,0.003962353478510802,low,0.005775868797536099,0.004407492204141753,0.0058112862107756276,0.0022002968
2025-03-24 14:20:00+00:00,2,0.007884655955592616,6.21677995380621e-05,0.017855606792715188,0.003962353478510802,low,0.006519404836300957,0.004998157996006104,0.0067416436375195565,0.0028393813
2025-03-24 14:25:00+00:00,2,0.008094409099256239,6.551945866612221e-05,0.017796934574557506,0.003962353478510802,low,0.006515689813242052,0.005806638667577363,0.006824652571828952,0.0049745706
2025-03-24 14:30:00+00:00,2,0.00731057539348847,5.3444512583879095e-05,0.018159830140587765,0.003962353478510802,low,0.007452236480961065,0.004976886311192166,0.006721051262547015,0.004999439
2025-03-24 14:35:00+00:00,2,0.00581101063468706,3.376784459644611e-05,0.018684483381664556,0.003962353478510802,low,0.00862719180007416,0.006160603766303029,0.007742706499706978,0.006625067
2025-03-24 14:40:00+00:00,2,0.005480602364174282,3.0037002274192733e-05,0.018766027282722322,0.003962353478510802,low,0.008863218309197906,0.005343456058499174,0.0071703986909314055,0.009411589
2025-03-24 14:45:00+00:00,2,0.00533108180155836,2.8420433174906734e-05,0.01881164893270016,0.003962353478510802,low,0.008980829460165705,0.005406814539455083,0.007481819883974023,0.0088088745
2025-03-24 14:50:00+00:00,2,0.005374271218795328,2.8882791133171817e-05,0.01880169445564976,0.003962353478510802,low,0.008792622296556604,0.004907040829421066,0.007140908920554602,0.007239414
2025-03-24 14:55:00+00:00,2,0.005471562555507403,2.99379967988307e-05,0.018975948469933404,0.003962353478510802,low,0.009155685775908461,0.004520323145727363,0.0061454419992101545,0.006704622
2025-03-24 15:00:00+00:00,2,0.005442153536740482,2.961703511745693e-05,0.01898542923541768,0.003962353478510802,low,0.009018872037876978,0.004683711867967095,0.0063710154625932856,0.008648824
2025-03-24 15:05:00+00:00,2,0.005409602722844141,2.9263801619002745e-05,0.018980009613173712,0.003962353478510802,low,0.00777661512565984,0.005523564634900315,0.008088310327840832,0.009122216
2025-03-24 15:10:00+00:00,2,0.005445634107604297,2.9654930833903257e-05,0.018981679996069842,0.003962353478510802,low,0.007679387364778972,0.004652416384770649,0.006803506000647222,0.008955021
2025-03-24 15:15:00+00:00,2,0.00541652625071503,2.9338756624685017e-05,0.018986406029423985,0.003962353478510802,low,0.0075476988507901365,0.00403963118823882,0.005857588684456416,0.008585661
2025-03-24 15:20:00+00:00,2,0.004956299233388737,2.456490209088978e-05,0.019353550843972618,0.003962353478510802,low,0.007884655955592616,0.004481385334748599,0.006948452130834019,0.0048291995
2025-03-24 15:25:00+00:00,2,0.00462072883049624,2.1351134924979144e-05,0.019428012568422495,0.003962353478510802,low,0.008094409099256239,0.004664833274559748,0.007829056718706772,0.0039054006
2025-03-24 15:30:00+00:00,2,0.005895139550094656,3.475267031509023e-05,0.019442318898548937,0.003962353478510802,low,0.00731057539348847,0.003999590706774782,0.005356154220040254,0.0047125267
2025-03-24 15:35:00+00:00,2,0.005890099592208932,3.4693273206139835e-05,0.01944129314974398,0.003962353478510802,low,0.00581101063468706,0.003856731030956455,0.005521207217830868,0.004618534
2025-03-24 15:40:00+00:00,2,0.006412683624002746,4.112251126155299e-05,0.019385885752785204,0.003962353478510802,low,0.005480602364174282,0.003366959472556527,0.005283639420527011,0.003931415
2025-03-24 15:45:00+00:00,2,0.006473890365456503,4.191125646395053e-05,0.019388779909535858,0.003962353478510802,low,0.00533108180155836,0.0035284596174940024,0.005330016929616988,0.0031083196
2025-03-24 15:50:00+00:00,2,0.006439448902226781,4.1466502164389694e-05,0.019390783028839603,0.003962353478510802,low,0.005374271218795328,0.003840996680833094,0.005106102184651719,0.0027727264
2025-03-24 15:55:00+00:00,2,0.005910275261178495,3.493135366289853e-05,0.01957977091548764,0.003962353478510802,low,0.005471562555507403,0.0038336782828567897,0.0049475400481071834,0.0022143787
2025-03-24 16:00:00+00:00,2,0.006064943811157514,3.678354343249783e-05,0.01958128253619262,0.003962353478510802,low,0.005442153536740482,0.003607900232716152,0.005029338620130192,0.0031039205
2025-03-24 16:05:00+00:00,2,0.00611272272222765,3.736537907883821e-05,0.01955438263977149,0.003962353478510802,low,0.005409602722844141,0.004024353535202238,0.005550775203999271,0.0023406374
2025-03-24 16:10:00+00:00,2,0.006370181951859471,4.057921809979615e-05,0.01955312915457964,0.003962353478510802,low,0.005445634107604297,0.004171029252045319,0.005827948191081565,0.00240821
2025-03-24 16:15:00+00:00,2,0.0063681303949228866,4.0553084726740715e-05,0.019472878177386736,0.003962353478510802,low,0.00541652625071503,0.0034041836628379983,0.004913783705919418,0.002648709
2025-03-24 16:20:00+00:00,2,0.005644681257645291,3.186242650041202e-05,0.019712851889244154,0.003962353478510802,low,0.004956299233388737,0.004012603416749681,0.00526426242316192,0.0028559826
2025-03-24 16:25:00+00:00,2,0.005653004126795582,3.195645565756789e-05,0.019715759749321347,0.003962353478510802,low,0.00462072883049624,0.004005826595208964,0.0056258835765474295,0.0032050374
2025-03-24 16:30:00+00:00,2,0.004446220245005881,1.9768874467100156e-05,0.020080090036684612,0.003962353478510802,low,0.005895139550094656,0.0047773726138625105,0.0058901710538464885,0.003963827
2025-03-24 16:35:00+00:00,2,0.004464859875579339,1.993497370855835e-05,0.019881142479380935,0.003962353478510802,low,0.005890099592208932,0.004880379466230714,0.005845744019196544,0.0045901113
2025-03-24 16:40:00+00:00,2,0.0036651874232841064,1.3433598847799989e-05,0.02005698799113573,0.003962353478510802,low,0.006412683624002746,0.004584344815005039,0.006359575393148024,0.003921146
2025-03-24 16:45:00+00:00,2,0.004019799967812892,1.6158791781228523e-05,0.020059663517813735,0.003962353478510802,low,0.006473890365456503,0.00407756726885646,0.005621221667602966,0.0044959118
2025-03-24 16:50:00+00:00,2,0.004166129062757723,1.7356631367554542e-05,0.01992699165126551,0.003962353478510802,low,0.006439448902226781,0.0039167369160851544,0.005590907242254324,0.0057357405
2025-03-24 16:55:00+00:00,2,0.0040443728366688185,1.6356951641984582e-05,0.019942973635485035,0.003962353478510802,low,0.005910275261178495,0.0033613059379701275,0.005035607572702514,0.005721509
2025-03-24 17:00:00+00:00,2,0.003846981868433661,1.4799269496057342e-05,0.01999460126095696,0.003962353478510802,low,0.006064943811157514,0.0035324710457820627,0.005343332725313453,0.006496719
2025-03-24 17:05:00+00:00,2,0.0037787926746140218,1.4279274077716594e-05,0.019959288095715046,0.003962353478510802,low,0.00611272272222765,0.003619558983404742,0.005814245936641095,0.0069273617
2025-03-24 17:10:00+00:00,2,0.003460779012072771,1.1976991370403386e-05,0.02005074885859913,0.003962353478510802,low,0.006370181951859471,0.004037241187424184,0.005518503344745321,0.0052425363
2025-03-24 17:15:00+00:00,2,0.0037105201982223788,1.3767960141416242e-05,0.020039091190609253,0.003962353478510802,low,0.0063681303949228866,0.004072419926395477,0.005287314029692342,0.0056895036
2025-03-24 17:20:00+00:00,2,0.0035899930149722397,1.2888049847549473e-05,0.020043380882194168,0.003962353478510802,low,0.005644681257645291,0.0035670482608598153,0.004769523628318945,0.005844842
2025-03-24 17:25:00+00:00,2,0.004120599634953083,1.697934135157548e-05,0.020044112123348307,0.003962353478510802,low,0.005653004126795582,0.0036134623162967874,0.004781999230557213,0.005474664
2025-03-24 17:30:00+00:00,2,0.003854514255086958,1.4857280142668566e-05,0.020080126298872708,0.003962353478510802,low,0.004446220245005881,0.0036322769623178494,0.004825307185700863,0.004159411
2025-03-24 17:35:00+00:00,2,0.003968275894850234,1.5747213577649425e-05,0.020059494864683773,0.003962353478510802,low,0.004464859875579339,0.003617622878098667,0.004721010806986444,0.0032133132
2025-03-24 17:40:00+00:00,2,0.004215168170428436,1.7767642704993007e-05,0.020043552512607154,0.003962353478510802,low,0.0036651874232841064,0.003444402218116151,0.004425764479395663,0.0030418686
2025-03-24 17:45:00+00:00,2,0.004155079371911178,1.726468458688179e-05,0.020093924128023747,0.003962353478510802,low,0.004019799967812892,0.003777816084632873,0.004414509200508115,0.0030222288
2025-03-24 17:50:00+00:00,2,0.004005828029102398,1.60466581987424e-05,0.02009038863201955,0.003962353478510802,low,0.004166129062757723,0.00346035434294249,0.0046360380574106096,0.0034234275
2025-03-24 17:55:00+00:00,2,0.003992912928475186,1.5943353654384287e-05,0.020093050079977665,0.003962353478510802,low,0.0040443728366688185,0.003925543220825732,0.004338699519742696,0.0027371035
2025-03-24 18:00:00+00:00,2,0.0039331187494977705,1.546942309765091e-05,0.020103496089818366,0.003962353478510802,low,0.003846981868433661,0.003110226985303726,0.0040814718224892,0.0029956198
2025-03-24 18:05:00+00:00,2,0.004195373953036141,1.7601162605814098e-05,0.020095530651364372,0.003962353478510802,low,0.0037787926746140218,0.003145916001909884,0.004324465612956938,0.0030763869
2025-03-24 18:10:00+00:00,2,0.004033878839995368,1.6272178495762373e-05,0.020131254826434748,0.003962353478510802,low,0.003460779012072771,0.003130523570961106,0.004424898272628293,0.003072956
2025-03-24 18:15:00+00:00,2,0.004053974775395261,1.643471147954106e-05,0.020175689198909587,0.003962353478510802,low,0.0037105201982223788,0.0032971295714560906,0.004542707448706863,0.0028675108
2025-03-24 18:20:00+00:00,2,0.004081277937113631,1.6656829599970498e-05,0.020174516105479535,0.003962353478510802,low,0.0035899930149722397,0.0029897585955781136,0.0042539358047313245,0.0029742983
2025-03-24 18:25:00+00:00,2,0.0035372191855050777,1.2511919566305205e-05,0.020259837946162262,0.003962353478510802,low,0.004120599634953083,0.003722691151913418,0.004698120938838798,0.0031144705
2025-03-24 18:30:00+00:00,2,0.003526231524439088,1.2434308763948013e-05,0.02026232836364102,0.003962353478510802,low,0.003854514255086958,0.003275853347316926,0.004348331112224908,0.0035780189
2025-03-24 18:35:00+00:00,2,0.0035427412257445904,1.2551015392590284e-05,0.020271942009004437,0.003962353478510802,low,0.003968275894850234,0.00383299349822294,0.0045850905608261164,0.003869724
2025-03-24 18:40:00+00:00,2,0.0035617844749444134,1.268630864595505e-05,0.020325559717036968,0.003962353478510802,low,0.004215168170428436,0.0035334597190775133,0.004290896085189913,0.0043098847
2025-03-24 18:45:00+00:00,2,0.003187202855029888,1.0158262039110669e-05,0.020409935812625134,0.003962353478510802,low,0.004155079371911178,0.0040540114317875915,0.005153667879547242,0.004110562
2025-03-24 18:50:00+00:00,2,0.003686909377379723,1.3593300757010535e-05,0.02039899026910407,0.003962353478510802,low,0.004005828029102398,0.003633361673484001,0.004237248849887533,0.003992718
2025-03-24 18:55:00+00:00,2,0.003830886332873908,1.46756900954001e-05,0.02039880667991642,0.003962353478510802,low,0.003992912928475186,0.0034608213172686946,0.004264611924149114,0.004087058
2025-03-24 19:00:00+00:00,2,0.0038963388064924232,1.51814560949788e-05,0.02039722897245394,0.003962353478510802,low,0.0039331187494977705,0.0034399718669608378,0.004185170245570312,0.004102434
2025-03-24 19:05:00+00:00,2,0.003578769148778679,1.280758862025007e-05,0.020450442963556505,0.003962353478510802,medium,0.004195373953036141,0.003635101011181617,0.0044037071939098706,0.0044968124
2025-03-24 19:10:00+00:00,2,0.004404985725174424,1.9403899238990444e-05,0.020408603072602803,0.003962353478510802,low,0.004033878839995368,0.003287409905871224,0.004157976338487663,0.0048407386
2025-03-24 19:15:00+00:00,2,0.0041784683113823134,1.7459597429226163e-05,0.020456277963540888,0.003962353478510802,medium,0.004053974775395261,0.0034746588713013625,0.004271101485523091,0.004274922
2025-03-24 19:20:00+00:00,2,0.004205761537628066,1.7688430111391592e-05,0.02046321306454474,0.003962353478510802,medium,0.004081277937113631,0.003561758877189456,0.00452105374515218,0.0039240955
2025-03-24 19:25:00+00:00,2,0.004194391431320836,1.7592919479137652e-05,0.02045995465006861,0.003962353478510802,medium,0.0035372191855050777,0.0035624512526826074,0.00412625418223177,0.0032841263
2025-03-24 19:30:00+00:00,2,0.004179583830595549,1.7468920996975763e-05,0.02046264609771824,0.003962353478510802,medium,0.003526231524439088,0.003300149856829853,0.004069861068832072,0.0038813609
2025-03-24 19:35:00+00:00,2,0.004152309773550619,1.7241676455523994e-05,0.02049203029085319,0.003962353478510802,medium,0.0035427412257445904,0.0034455862919521747,0.004220532151732225,0.003794846
2025-03-24 19:40:00+00:00,2,0.004248935714065638,1.805345470226247e-05,0.020554158432614628,0.003962353478510802,medium,0.0035617844749444134,0.0036868930787304394,0.004492817473943726,0.004302903
2025-03-24 19:45:00+00:00,2,0.004604713627618728,2.120338759237762e-05,0.020575184403784974,0.003962353478510802,medium,0.003187202855029888,0.003742736033809795,0.004114190369613614,0.0041150553
2025-03-24 19:50:00+00:00,2,0.00422376346843808,1.784017783731208e-05,0.020657370743916083,0.003962353478510802,medium,0.003686909377379723,0.003660997941348017,0.004301403560171771,0.004629168
2025-03-24 19:55:00+00:00,2,0.0041263611229831396,1.7026856117266678e-05,0.020683581056826644,0.003962353478510802,medium,0.003830886332873908,0.0036073410706889113,0.004035400147784105,0.004006465
2025-03-24 20:00:00+00:00,2,0.004117462983982863,1.6953501424469063e-05,0.02069608865559601,0.003962353478510802,medium,0.0038963388064924232,0.004012323115867035,0.004504302132873897,0.0046468317
2025-03-24 20:05:00+00:00,2,0.004127130296824946,1.7033204486970367e-05,0.020617437857776984,0.003962353478510802,medium,0.003578769148778679,0.0033340904711663118,0.004114243514710323,0.005052388
2025-03-24 20:10:00+00:00,2,0.003577085213370783,1.27955386237159e-05,0.02078013056337118,0.003962353478510802,medium,0.004404985725174424,0.003521610017319527,0.004507126595248827,0.004548106
2025-03-24 20:15:00+00:00,2,0.0037921964048876974,1.4380753573243177e-05,0.020774685238954586,0.003962353478510802,medium,0.0041784683113823134,0.0034619663331777327,0.0045688819775664465,0.0044452897
2025-03-24 20:20:00+00:00,2,0.0038629270242089065,1.4922205194363478e-05,0.020781360483797667,0.003962353478510802,medium,0.004205761537628066,0.003152287826142873,0.004275386388359367,0.0043733492
2025-03-24 20:25:00+00:00,2,0.003896006773938818,1.5178868782577156e-05,0.02078336051230581,0.003962353478510802,medium,0.004194391431320836,0.0030305356232254257,0.004157753029178327,0.004744906
2025-03-24 20:30:00+00:00,2,0.004327440814916672,1.8726744006606666e-05,0.020769590986718663,0.003962353478510802,medium,0.004179583830595549,0.002809831660123176,0.003767903455151426,0.004678057
2025-03-24 20:35:00+00:00,2,0.004398871633252434,1.935007164583294e-05,0.020793109419544573,0.003962353478510802,medium,0.004152309773550619,0.002872429572777031,0.003913237232677669,0.0045556133
2025-03-24 20:40:00+00:00,2,0.004003996921859758,1.603199135026242e-05,0.020879882415520065,0.003962353478510802,medium,0.004248935714065638,0.0033526336795868146,0.004080680833931867,0.004619706
2025-03-24 20:45:00+00:00,2,0.0038231233096487844,1.4616271840779876e-05,0.020977904820588523,0.003962353478510802,medium,0.004604713627618728,0.003460584590443877,0.004468139368454487,0.0054142163
2025-03-24 20:50:00+00:00,2,0.0038422445770247876,1.4762843389676389e-05,0.020980583872340385,0.003962353478510802,medium,0.00422376346843808,0.0034404280573406207,0.004306526215084146,0.0050222194
2025-03-24 20:55:00+00:00,2,0.0038482973236141837,1.4809392290936089e-05,0.02097721432073129,0.003962353478510802,medium,0.0041263611229831396,0.00337303450163319,0.004381033275475287,0.0046876543
2025-03-24 21:00:00+00:00,2,0.0038940930224796774,1.516396046772491e-05,0.020973144799142723,0.003962353478510802,medium,0.004117462983982863,0.0036815909984035853,0.0043677532319959635,0.003929224
2025-03-24 21:05:00+00:00,2,0.003898357836986394,1.5197193825193238e-05,0.020972661092799567,0.003962353478510802,medium,0.004127130296824946,0.00347929581438966,0.003990584820933647,0.0034867562
2025-03-24 21:10:00+00:00,2,0.00393215807782987,1.54618671490427e-05,0.021021350754220864,0.003962353478510802,medium,0.003577085213370783,0.0033427303300246573,0.0036237196781767995,0.0030731512
2025-03-24 21:15:00+00:00,2,0.004223688109840458,1.7839541249207657e-05,0.02105101394129784,0.003962353478510802,medium,0.0037921964048876974,0.0031689909804317948,0.0036049061941798846,0.004024068
2025-03-24 21:20:00+00:00,2,0.004497124220027442,2.022412625035743e-05,0.02107416577148,0.003962353478510802,medium,0.0038629270242089065,0.0031620560963319215,0.0038079107723972996,0.0041536414
2025-03-24 21:25:00+00:00,2,0.004458243553499822,1.9875935582322723e-05,0.02108093526694747,0.003962353478510802,medium,0.003896006773938818,0.0032848955160397837,0.003998507722092009,0.0061887186
2025-03-24 21:30:00+00:00,2,0.004041400010643617,1.6332914046030222e-05,0.021164876835892826,0.003962353478510802,medium,0.004327440814916672,0.003330725366574042,0.004431980203170628,0.0068395063
2025-03-24 21:35:00+00:00,2,0.003861095575262826,1.4908059041314173e-05,0.021199779661731304,0.003962353478510802,medium,0.004398871633252434,0.003405635398952683,0.004431980203170628,0.006917529
2025-03-24 21:40:00+00:00,2,0.004034084843607177,1.627384052542114e-05,0.02120440563214823,0.003962353478510802,medium,0.004003996921859758,0.0031153906331906184,0.003833715265951125,0.004953225
2025-03-24 21:45:00+00:00,2,0.0038610486442275417,1.4907696633091338e-05,0.021229271660808107,0.003962353478510802,medium,0.0038231233096487844,0.0027336116694826893,0.003689645542194387,0.0066797826
2025-03-24 21:50:00+00:00,2,0.004177717323448175,1.7453322034638987e-05,0.021196345050812106,0.003962353478510802,medium,0.0038422445770247876,0.002458694884735114,0.003574634430232575,0.005257261
2025-03-24 21:55:00+00:00,2,0.004142035245384593,1.7156455974008212e-05,0.02118534085385124,0.003962353478510802,medium,0.0038482973236141837,0.0027607967265163296,0.003811796532288745,0.0062680235
2025-03-24 22:00:00+00:00,2,0.004077077539278776,1.662256126129148e-05,0.0211984299272554,0.003962353478510802,medium,0.0038940930224796774,0.0027597735740471927,0.0037711895159174558,0.0060961046
2025-03-24 22:05:00+00:00,2,0.004312805275633414,1.8600289345531406e-05,0.02119273620683947,0.003962353478510802,medium,0.003898357836986394,0.002856237820128072,0.004102656191616077,0.0053926636
2025-03-24 22:10:00+00:00,2,0.004009929381594725,1.6079533645376653e-05,0.021189206901900546,0.003962353478510802,medium,0.00393215807782987,0.002960571568188912,0.003836875497608678,0.005057023
2025-03-24 22:15:00+00:00,2,0.0035927618136581438,1.2907937449680154e-05,0.02128228156396412,0.003962353478510802,medium,0.004223688109840458,0.003824985701418623,0.004492651998959612,0.0064975615
2025-03-24 22:20:00+00:00,2,0.0030772350818607445,9.469375749034503e-06,0.021111900441865086,0.003962353478510802,medium,0.004497124220027442,0.004501041488360622,0.005043366405942916,0.0082469005
2025-03-24 22:25:00+00:00,2,0.00356877202861092,1.2736133792195702e-05,0.020979669959759577,0.003962353478510802,medium,0.004458243553499822,0.004507183500527375,0.00493468245856552,0.0063539953
2025-03-24 22:30:00+00:00,2,0.003665415712416393,1.3435272344828973e-05,0.020976034008202908,0.003962353478510802,medium,0.004041400010643617,0.0033074875243133237,0.003621564882616161,0.0046324823
2025-03-24 22:35:00+00:00,2,0.0037793936740238405,1.4283816543251422e-05,0.020980213462982865,0.003962353478510802,medium,0.003861095575262826,0.0034638874154917614,0.003787359854698307,0.0042016692
2025-03-24 22:40:00+00:00,2,0.003551895103704259,1.2615958827718288e-05,0.021019883322462067,0.003962353478510802,medium,0.004034084843607177,0.003376070320896009,0.003541736880427879,0.003002172
2025-03-24 22:45:00+00:00,2,0.00336164893698705,1.1300683575546164e-05,0.02097362793402957,0.003962353478510802,medium,0.0038610486442275417,0.0030065975835481063,0.0034971599709604515,0.002848831
2025-03-24 22:50:00+00:00,2,0.0029457075655735516,8.677193061877259e-06,0.021037057686342873,0.003962353478510802,medium,0.004177717323448175,0.004963527350145059,0.004820416064135602,0.003115157
2025-03-24 22:55:00+00:00,2,0.0033206501000959763,1.1026717087267418e-05,0.021030126143183288,0.003962353478510802,medium,0.004142035245384593,0.0034500550289492176,0.003900727091928564,0.0044426303
2025-03-24 23:00:00+00:00,2,0.0036027029238861912,1.2979468357778112e-05,0.021036174867119287,0.003962353478510802,medium,0.004077077539278776,0.0035564952676406547,0.004486274578733389,0.005432448
2025-03-24 23:05:00+00:00,2,0.004191060313278914,1.756498654954155e-05,0.021044389480522844,0.003962353478510802,medium,0.004312805275633414,0.0034552288492856634,0.00425751900061048,0.0070450366
2025-03-24 23:10:00+00:00,2,0.004345427716171532,1.8882742036471734e-05,0.02104993237654949,0.003962353478510802,medium,0.004009929381594725,0.0034768901473832105,0.0040749324084350625,0.006346897
2025-03-24 23:15:00+00:00,2,0.0042950936149997385,1.844782916161152e-05,0.021065631724888997,0.003962353478510802,medium,0.0035927618136581438,0.0029053591121120733,0.003775220864555352,0.0046479884
2025-03-24 23:20:00+00:00,2,0.004699337712049893,2.208377493189432e-05,0.021035541213253895,0.003962353478510802,medium,0.0030772350818607445,0.0031963909496621787,0.0037816977278945815,0.005041708
2025-03-24 23:25:00+00:00,2,0.00435362139050496,1.895401921186234e-05,0.021110093551846103,0.003962353478510802,medium,0.00356877202861092,0.0035352192072116845,0.0040108572473295774,0.005294519
2025-03-24 23:30:00+00:00,2,0.004318534761145911,1.864974248322557e-05,0.02109157059367284,0.003962353478510802,medium,0.003665415712416393,0.003194296567338667,0.003737606075386784,0.0037435538
2025-03-24 23:35:00+00:00,2,0.004241651848171244,1.799161040109453e-05,0.021106361250696568,0.003962353478510802,medium,0.0037793936740238405,0.003090155708868917,0.003933076751148323,0.005153765
2025-03-24 23:40:00+00:00,2,0.004385987308200729,1.9236884667697876e-05,0.021080464846920676,0.003962353478510802,medium,0.003551895103704259,0.0026670637155569014,0.003395989365412291,0.0046584615
2025-03-24 23:45:00+00:00,2,0.00444010188101064,1.9714504713754224e-05,0.021078272416972785,0.003962353478510802,medium,0.00336164893698705,0.0027655234403188432,0.003446431384561163,0.00427057
2025-03-24 23:50:00+00:00,2,0.004520189117663555,2.0432109659444025e-05,0.021082568695989977,0.003962353478510802,medium,0.0029457075655735516,0.0024857808725478733,0.003149412555018063,0.0052858517
2025-03-24 23:55:00+00:00,2,0.004263495729108931,1.8177395832130097e-05,0.021093325966761476,0.003962353478510802,medium,0.0033206501000959763,0.002983972284216541,0.0033515683592351435,0.0034728164
2025-03-25 00:00:00+00:00,2,0.004002367531134904,1.601894585428291e-05,0.0208887871174062,0.003962353478510802,medium,0.0036027029238861912,0.003477565856044552,0.0035178223172609353,0.0039049706
2025-03-25 00:05:00+00:00,2,0.0031996637202831866,1.0237847922896443e-05,0.021010826387569372,0.003962353478510802,medium,0.004191060313278914,0.0032665388406393427,0.003449507433269261,0.004303724
2025-03-25 00:10:00+00:00,2,0.0031399702478432587,9.859413157340856e-06,0.021021098614664262,0.003962353478510802,medium,0.004345427716171532,0.0030883784598486797,0.00332804768415441,0.0027105738
2025-03-25 00:15:00+00:00,2,0.0031075809903763118,9.657059611748218e-06,0.02100093309401342,0.003962353478510802,medium,0.0042950936149997385,0.002506299823879604,0.0030731845018760664,0.004706019
2025-03-25 00:20:00+00:00,2,0.002856219307177954,8.157988730696112e-06,0.021041351024071276,0.003962353478510802,medium,0.004699337712049893,0.0029537060993674764,0.003634479550283304,0.00407695
2025-03-25 00:25:00+00:00,2,0.002834300764797732,8.033260825333009e-06,0.020982288682689455,0.003962353478510802,medium,0.00435362139050496,0.0030452641853167778,0.0035178731104892323,0.00280548
2025-03-25 00:30:00+00:00,2,0.0036259742908142673,1.3147689557646027e-05,0.020884999647239628,0.003962353478510802,medium,0.004318534761145911,0.0033435551187251675,0.003849550813774038,0.003732218
2025-03-25 00:35:00+00:00,2,0.003772219105015503,1.4229636976243965e-05,0.0207686044334234,0.003962353478510802,medium,0.004241651848171244,0.0028080005412562514,0.0033148164802394987,0.0037446304
2025-03-25 00:40:00+00:00,2,0.003653965536274136,1.3351464140279135e-05,0.020580310717788607,0.003962353478510802,medium,0.004385987308200729,0.002919994516506094,0.003587498856092817,0.0034547606
2025-03-25 00:45:00+00:00,2,0.0037950916755367646,1.4402720825728446e-05,0.020556457185262052,0.003962353478510802,medium,0.00444010188101064,0.002779867205912795,0.003539932390488089,0.003690237
2025-03-25 00:50:00+00:00,2,0.0036756272872577643,1.3510235954833872e-05,0.02055333835675031,0.003962353478510802,medium,0.004520189117663555,0.0028392097073850664,0.003556180334726516,0.0026871238
2025-03-25 00:55:00+00:00,2,0.0037019614469013342,1.3704518554343819e-05,0.020553260827911753,0.003962353478510802,medium,0.004263495729108931,0.00262737030661243,0.0032902596689620466,0.0029634952
2025-03-25 01:00:00+00:00,2,0.003690492391710038,1.3619734093269678e-05,0.020468231942317634,0.003962353478510802,medium,0.004002367531134904,0.002525839511482818,0.003058159749845937,0.0027007672
2025-03-25 01:05:00+00:00,2,0.0037255442655375485,1.3879680074479713e-05,0.020340448376452824,0.003962353478510802,low,0.0031996637202831866,0.002537621125758067,0.003099604564584182,0.0025244155
2025-03-25 01:10:00+00:00,2,0.003584081790692458,1.2845642282373257e-05,0.020367925471567485,0.003962353478510802,low,0.0031399702478432587,0.002555482151426786,0.003003038355063144,0.0027677491
2025-03-25 01:15:00+00:00,2,0.0035612344352259286,1.268239070263894e-05,0.020367610443171355,0.003962353478510802,low,0.0031075809903763118,0.0025442822802464256,0.002958393329365912,0.0028383038
2025-03-25 01:20:00+00:00,2,0.0034798782840086235,1.2109552871514804e-05,0.02041959916897094,0.003962353478510802,medium,0.002856219307177954,0.002774982676608426,0.002991319713329789,0.0028318823
2025-03-25 01:25:00+00:00,2,0.003576865423062258,1.2793966254698345e-05,0.020412575710547935,0.003962353478510802,low,0.002834300764797732,0.002779414939602932,0.0031373186954493414,0.002818958
2025-03-25 01:30:00+00:00,2,0.002831125010074283,8.015268822668109e-06,0.020398672437837866,0.003962353478510802,low,0.0036259742908142673,0.0033252188674897497,0.0034989862853493526,0.0027764572
2025-03-25 01:35:00+00:00,2,0.0025806214427364894,6.65960703071136e-06,0.02042879565908706,0.003962353478510802,medium,0.003772219105015503,0.0039893071536345635,0.0038983940166950823,0.0031083077
2025-03-25 01:40:00+00:00,2,0.0026422601740275172,6.981538827251926e-06,0.0204007347218354,0.003962353478510802,low,0.003653965536274136,0.003132183555687043,0.0037386010620657504,0.0032082852
2025-03-25 01:45:00+00:00,2,0.0023676146020400963,5.605598903793484e-06,0.02043621006966654,0.003962353478510802,medium,0.0037950916755367646,0.0027670849031003132,0.0035822035436062615,0.0026813692
2025-03-25 01:50:00+00:00,2,0.002448189779013898,5.993633194068118e-06,0.020429247800476624,0.003962353478510802,medium,0.0036756272872577643,0.002537121268280028,0.003543348091079562,0.0032189488
2025-03-25 01:55:00+00:00,2,0.002762457425415094,7.63117102723099e-06,0.020436475538744,0.003962353478510802,medium,0.0037019614469013342,0.003382317921853851,0.003794083058484031,0.0028217298
2025-03-25 02:00:00+00:00,2,0.0027647605155197734,7.643900708177162e-06,0.02040915170365009,0.003962353478510802,low,0.003690492391710038,0.0029113999745858958,0.0034973233683230345,0.0035860331
2025-03-25 02:05:00+00:00,2,0.002595929643849056,6.7388507158142875e-06,0.020401889560512334,0.003962353478510802,low,0.0037255442655375485,0.0027824461690767748,0.0032791513775499307,0.003580089
2025-03-25 02:10:00+00:00,2,0.0029802462386020107,8.881867642701433e-06,0.02040303152813204,0.003962353478510802,low,0.003584081790692458,0.002944053053269424,0.003314514575394027,0.0035536669
2025-03-25 02:15:00+00:00,2,0.0030872651951516232,9.531206385194592e-06,0.020402187759485737,0.003962353478510802,low,0.0035612344352259286,0.0028543428625139524,0.0031938188555249076,0.0036459577
2025-03-25 02:20:00+00:00,2,0.003620294442298901,1.310653184894031e-05,0.020439078082475384,0.003962353478510802,medium,0.0034798782840086235,0.0027327702753827945,0.0032847791530874622,0.002306396
2025-03-25 02:25:00+00:00,2,0.003558262962252241,1.2661235308536092e-05,0.020439208570093667,0.003962353478510802,medium,0.003576865423062258,0.0025368651241978145,0.0032000321923721913,0.0035672523
2025-03-25 02:30:00+00:00,2,0.0034860714214191998,1.2152693955235681e-05,0.020442498107825658,0.003962353478510802,medium,0.002831125010074283,0.0024468516965230084,0.0029532528898669817,0.0026215368
2025-03-25 02:35:00+00:00,2,0.0035051600071597665,1.2286146675792254e-05,0.02043766902765568,0.003962353478510802,medium,0.0025806214427364894,0.0023326606416198487,0.002797451872726983,0.0027330187
2025-03-25 02:40:00+00:00,2,0.003987934775034106,1.5903623769926323e-05,0.020452573878965728,0.003962353478510802,medium,0.0026422601740275172,0.0024624234143781876,0.00265262358774603,0.0024107723
2025-03-25 02:45:00+00:00,2,0.004012421701671105,1.6099527912041246e-05,0.020448408389551156,0.003962353478510802,medium,0.0023676146020400963,0.0026922496692074545,0.0028701600269073575,0.0025998575
2025-03-25 02:50:00+00:00,2,0.004146299708380243,1.7191801271714088e-05,0.020433952655876598,0.003962353478510802,medium,0.002448189779013898,0.002243894278223558,0.002756140842480796,0.0024993287
2025-03-25 02:55:00+00:00,2,0.004238161815840636,1.7962015577249602e-05,0.020448440627987646,0.003962353478510802,medium,0.002762457425415094,0.0027118453800617673,0.00298281585468029,0.0026251257
2025-03-25 03:00:00+00:00,2,0.00423764305827836,1.795761868937477e-05,0.020435291721034917,0.003962353478510802,medium,0.0027647605155197734,0.0023287850488857256,0.0027363917088627536,0.0028382929
2025-03-25 03:05:00+00:00,2,0.00429377364999444,1.843649215738658e-05,0.020375969808666506,0.003962353478510802,low,0.002595929643849056,0.002563688032938774,0.0030479303418382295,0.0032805703
2025-03-25 03:10:00+00:00,2,0.004307593366878685,1.855536061437724e-05,0.020409173132062957,0.003962353478510802,low,0.0029802462386020107,0.002503166140312426,0.0027716983051224633,0.002025903
2025-03-25 03:15:00+00:00,2,0.0042569584221099485,1.812169500757282e-05,0.020383626311699213,0.003962353478510802,low,0.0030872651951516232,0.0024069676314851683,0.0029965120513137313,0.0026362347
2025-03-25 03:20:00+00:00,2,0.0036812080510287264,1.3551292714958715e-05,0.020445603571822228,0.003962353478510802,medium,0.003620294442298901,0.0034685935446379258,0.004021572735655697,0.003087129
2025-03-25 03:25:00+00:00,2,0.0037229225790364404,1.386015252949934e-05,0.02045200584171021,0.003962353478510802,medium,0.003558262962252241,0.0032822142656136425,0.003952299648851263,0.0032773025
2025-03-25 03:30:00+00:00,2,0.004169340752523587,1.7383402310653954e-05,0.020452118391018712,0.003962353478510802,medium,0.0034860714214191998,0.002452706623911121,0.0029363053062638916,0.0020574657
2025-03-25 03:35:00+00:00,2,0.00416167651671184,1.7319551429750794e-05,0.020450813168138404,0.003962353478510802,medium,0.0035051600071597665,0.002519563662948302,0.0029801683913597853,0.0025730638
2025-03-25 03:40:00+00:00,2,0.0036076353727118662,1.3015032982441885e-05,0.020554960574010742,0.003962353478510802,medium,0.003987934775034106,0.003639806766681714,0.003900554567851626,0.0029805736
2025-03-25 03:45:00+00:00,2,0.00355573917458605,1.2643281077685885e-05,0.02056371506133851,0.003962353478510802,medium,0.004012421701671105,0.0034204477860721415,0.0039553368607288565,0.0031970302
2025-03-25 03:50:00+00:00,2,0.0033694734233176127,1.1353351150443712e-05,0.020589488167244034,0.003962353478510802,medium,0.004146299708380243,0.004358956789943039,0.00481648968814387,0.0037092175
2025-03-25 03:55:00+00:00,2,0.0029642991530123898,8.78706946854997e-06,0.0204609995340058,0.003962353478510802,medium,0.004238161815840636,0.003717461116221999,0.004595779617369022,0.0032779933
2025-03-25 04:00:00+00:00,2,0.0033122760646351022,1.09711727283546e-05,0.020454615222010055,0.003962353478510802,medium,0.00423764305827836,0.003051844207958347,0.004008584428873718,0.0034967712
2025-03-25 04:05:00+00:00,2,0.003214545869405984,1.0333305146515074e-05,0.020345263248367055,0.003962353478510802,low,0.00429377364999444,0.0035775491788077843,0.00455927754610411,0.0040131686
2025-03-25 04:10:00+00:00,2,0.002846728762906121,8.103864649557013e-06,0.02037313094967656,0.003962353478510802,low,0.004307593366878685,0.0032283578703545847,0.003933424956489788,0.002634753
2025-03-25 04:15:00+00:00,2,0.0029034176986181357,8.429834332649032e-06,0.020354518184683278,0.003962353478510802,low,0.0042569584221099485,0.0031076934101675726,0.004120923890174985,0.0043777702
2025-03-25 04:20:00+00:00,2,0.002955947360406769,8.737624797495745e-06,0.020363938361682685,0.003962353478510802,low,0.0036812080510287264,0.002949201042614485,0.003680539473020345,0.004009246
2025-03-25 04:25:00+00:00,2,0.0029630384480813254,8.779596844808189e-06,0.02037287108259731,0.003962353478510802,low,0.0037229225790364404,0.0029856416431905293,0.0036695088536771716,0.0029620288
2025-03-25 04:30:00+00:00,2,0.0022890665269669,5.239825564880306e-06,0.02046385924084945,0.003962353478510802,medium,0.004169340752523587,0.0029501816706572685,0.0035500744716195627,0.003557899
2025-03-25 04:35:00+00:00,2,0.0024702097890610276,6.101936401972926e-06,0.02046576194225424,0.003962353478510802,medium,0.00416167651671184,0.0030518632067189364,0.00392759153447266,0.003855676
2025-03-25 04:40:00+00:00,2,0.0027391664895233753,7.503033057327812e-06,0.020440261158952096,0.003962353478510802,medium,0.0036076353727118662,0.002596399748965121,0.003243732814230755,0.0038560051
2025-03-25 04:45:00+00:00,2,0.0028914338645693043,8.360389793178183e-06,0.020319395912828286,0.003962353478510802,low,0.00355573917458605,0.0026285776245497466,0.0029704248519451296,0.0035844585
2025-03-25 04:50:00+00:00,2,0.00294233991176938,8.657364156391043e-06,0.02031647301498134,0.003962353478510802,low,0.0033694734233176127,0.00241258467157779,0.0028867584558616905,0.0033151787
2025-03-25 04:55:00+00:00,2,0.0029174321474896145,8.511410335205864e-06,0.020315722718187098,0.003962353478510802,low,0.0029642991530123898,0.0026237481585687614,0.003205544718644591,0.0033550104
2025-03-25 05:00:00+00:00,2,0.0026835476226739,7.201427843158741e-06,0.020368254911838836,0.003962353478510802,low,0.0033122760646351022,0.0024542118815210254,0.00295738800115465,0.0021671255
2025-03-25 05:05:00+00:00,2,0.0026682922398506737,7.119783477247324e-06,0.020292200312225776,0.003962353478510802,low,0.003214545869405984,0.002693910949322237,0.003310913235583066,0.003273473
2025-03-25 05:10:00+00:00,2,0.002705368246980985,7.319017351772966e-06,0.020254391651693755,0.003962353478510802,low,0.002846728762906121,0.002489393848096597,0.0031067189232010057,0.0030948035
2025-03-25 05:15:00+00:00,2,0.002666450388361585,7.109957673593648e-06,0.02024479315644655,0.003962353478510802,low,0.0029034176986181357,0.002613578650569333,0.00335403889361365,0.0034610196
2025-03-25 05:20:00+00:00,2,0.0025413549302096407,6.458484881300848e-06,0.02025418382399511,0.003962353478510802,low,0.002955947360406769,0.002694377953192437,0.0033383214241362383,0.00296372
2025-03-25 05:25:00+00:00,2,0.0024654106711554527,6.078249777447179e-06,0.020213070432660137,0.003962353478510802,low,0.0029630384480813254,0.0028072891590623385,0.0032795187514104104,0.0026721563
2025-03-25 05:30:00+00:00,2,0.0026446697414935164,6.994278041571383e-06,0.020218151945968633,0.003962353478510802,low,0.0022890665269669,0.002899758466279431,0.0029066738299211373,0.0032629569
2025-03-25 05:35:00+00:00,2,0.00269106717743669,7.241842553477075e-06,0.020235587386861237,0.003962353478510802,low,0.0024702097890610276,0.002917984126883401,0.002738519174554868,0.0027015556
2025-03-25 05:40:00+00:00,2,0.002510712352894276,6.303676518975911e-06,0.020253171320211073,0.003962353478510802,low,0.0027391664895233753,0.0028439279908795837,0.0032024276190800536,0.0035963932
2025-03-25 05:45:00+00:00,2,0.0033011766457688094,1.0897767246569406e-05,0.02026395836212945,0.003962353478510802,low,0.0028914338645693043,0.002623083223918071,0.002841512439303546,0.0029619865
2025-03-25 05:50:00+00:00,2,0.003347639167360562,1.1206687994846515e-05,0.020269356781312278,0.003962353478510802,low,0.00294233991176938,0.0028018801367019077,0.0030886348981863754,0.0030974254
2025-03-25 05:55:00+00:00,2,0.0033659597299694147,1.1329684903775776e-05,0.020261582279901946,0.003962353478510802,low,0.0029174321474896145,0.0029550384181717777,0.0034019077070898585,0.0037994902
2025-03-25 06:00:00+00:00,2,0.00324097553802621,1.0503922438084281e-05,0.02028004191031158,0.003962353478510802,low,0.0026835476226739,0.002621915012989226,0.0029175399142201664,0.0035444878
2025-03-25 06:05:00+00:00,2,0.0041216408493094684,1.698792329069648e-05,0.02025208200534427,0.003962353478510802,low,0.0026682922398506737,0.0026660995024319757,0.0029814434411325297,0.00368925
2025-03-25 06:10:00+00:00,2,0.0040759708419249455,1.6613538304222352e-05,0.020225655239550284,0.003962353478510802,low,0.002705368246980985,0.0026632600083130948,0.0028605712094736703,0.0028409888
2025-03-25 06:15:00+00:00,2,0.004533305122759851,2.055085533604071e-05,0.020214902434550614,0.003962353478510802,low,0.002666450388361585,0.002622650326171963,0.0031194800941296993,0.0035171425
2025-03-25 06:20:00+00:00,2,0.00453538184042026,2.0569688438413867e-05,0.020199380029396224,0.003962353478510802,low,0.0025413549302096407,0.0024877145507461937,0.0026979325142583413,0.003873117
2025-03-25 06:25:00+00:00,2,0.004615281756775862,2.130082569442809e-05,0.020167768992826563,0.003962353478510802,low,0.0024654106711554527,0.0022362700854741727,0.002583864850737704,0.0034494568
2025-03-25 06:30:00+00:00,2,0.004496095447000094,2.021487426853498e-05,0.020193988568867324,0.003962353478510802,low,0.0026446697414935164,0.0024240450699458136,0.002631065372988331,0.002856394
2025-03-25 06:35:00+00:00,2,0.004636217426389615,2.149451202475875e-05,0.020197764178012532,0.003962353478510802,low,0.00269106717743669,0.0027879152182880094,0.003208152936772893,0.0029365155
2025-03-25 06:40:00+00:00,2,0.0046616102542536945,2.1730610162563196e-05,0.02020797806558015,0.003962353478510802,low,0.002510712352894276,0.0024745688548875587,0.0030621298401191277,0.0032433323
2025-03-25 06:45:00+00:00,2,0.0040382295900264435,1.630729822176514e-05,0.020318332345957004,0.003962353478510802,low,0.0033011766457688094,0.00325007259115906,0.0037111873167184617,0.0034562747
2025-03-25 06:50:00+00:00,2,0.004014234308093475,1.61140770802747e-05,0.020334509694272696,0.003962353478510802,low,0.003347639167360562,0.0032990594323856707,0.0036305149765955692,0.0042822175
2025-03-25 06:55:00+00:00,2,0.0040529958485857435,1.642677534865327e-05,0.020318647239760103,0.003962353478510802,low,0.0033659597299694147,0.0028278857968296552,0.003303201079603488,0.0033652293
2025-03-25 07:00:00+00:00,2,0.004067145343528997,1.6541671245389607e-05,0.02031896720848932,0.003962353478510802,low,0.00324097553802621,0.0028533394920205986,0.0034441368478164906,0.004404599
2025-03-25 07:05:00+00:00,2,0.003407147686042493,1.1608655354504713e-05,0.020476382632320985,0.003962353478510802,medium,0.0041216408493094684,0.002913359960549316,0.0035676105477352744,0.002691612
2025-03-25 07:10:00+00:00,2,0.003409060830175188,1.1621695743834743e-05,0.02045584939179661,0.003962353478510802,medium,0.0040759708419249455,0.0026664895107716764,0.0031552404721240687,0.0038681596
2025-03-25 07:15:00+00:00,2,0.002739272575301123,7.503614241796847e-06,0.02055761134503956,0.003962353478510802,medium,0.004533305122759851,0.0036409285130855206,0.004332323813516331,0.0054782988
2025-03-25 07:20:00+00:00,2,0.002947907301404129,8.690157457671774e-06,0.020560551530481946,0.003962353478510802,medium,0.00453538184042026,0.0026583907279319357,0.003327709062627612,0.005489106
2025-03-25 07:25:00+00:00,2,0.003789987663349761,1.4364006488343381e-05,0.020577266707660326,0.003962353478510802,medium,0.004615281756775862,0.0026804998742188677,0.0033408853823017775,0.0040508555
2025-03-25 07:30:00+00:00,2,0.003790288908886823,1.4366290012830465e-05,0.020574787506467237,0.003962353478510802,medium,0.004496095447000094,0.002815330885427143,0.003660605685418461,0.0053431457
2025-03-25 07:35:00+00:00,2,0.003495326977179597,1.2217310677399461e-05,0.020564628507543273,0.003962353478510802,medium,0.004636217426389615,0.003551995064577281,0.004811376759168064,0.005247901
2025-03-25 07:40:00+00:00,2,0.003437705397350509,1.181781839897282e-05,0.020579779919911636,0.003962353478510802,medium,0.0046616102542536945,0.0033122478245849567,0.0042827486644158134,0.0050337445
2025-03-25 07:45:00+00:00,2,0.0034668145400429456,1.2018803055053182e-05,0.020568145760425652,0.003962353478510802,medium,0.0040382295900264435,0.0034347731905464236,0.0042220297364515165,0.0041237157
2025-03-25 07:50:00+00:00,2,0.0033839879074582533,1.1451374157823689e-05,0.020503549557544968,0.003962353478510802,medium,0.004014234308093475,0.0032339206300916598,0.0036344923422435985,0.0032212813
2025-03-25 07:55:00+00:00,2,0.0033276174945322335,1.107303818991698e-05,0.0205143444539579,0.003962353478510802,medium,0.0040529958485857435,0.0027381163617181516,0.0030666036302996304,0.00383313
2025-03-25 08:00:00+00:00,2,0.003302236707693348,1.0904767273637403e-05,0.02048973356018228,0.003962353478510802,medium,0.004067145343528997,0.0028960658176568387,0.00352157934262403,0.0050706053
2025-03-25 08:05:00+00:00,2,0.0030797600971919333,9.484922256255666e-06,0.020432828211471254,0.003962353478510802,medium,0.003407147686042493,0.002932793633755486,0.0031612316037500287,0.003942861
2025-03-25 08:10:00+00:00,2,0.003293615246510064,1.0847901392043548e-05,0.020407647386082948,0.003962353478510802,low,0.003409060830175188,0.00286406038925618,0.0033895241241776483,0.0053777928
2025-03-25 08:15:00+00:00,2,0.0032850860360393213,1.0791790264180542e-05,0.020411360886831962,0.003962353478510802,low,0.002739272575301123,0.0024333372063795955,0.0030108296593407387,0.004177662
2025-03-25 08:20:00+00:00,2,0.0034873675394879564,1.2161732355474283e-05,0.020404871204073544,0.003962353478510802,low,0.002947907301404129,0.0027955664530538568,0.0033180970765541236,0.0042035794
2025-03-25 08:25:00+00:00,2,0.0023970436757507598,5.745818383456713e-06,0.020554453788466213,0.003962353478510802,medium,0.003789987663349761,0.002768810253375133,0.0031631634043601154,0.003914689
2025-03-25 08:30:00+00:00,2,0.0023928719889093884,5.725836355307172e-06,0.020528993786332148,0.003962353478510802,medium,0.003790288908886823,0.0030791931608067885,0.0034287497618860404,0.005101556
2025-03-25 08:35:00+00:00,2,0.0023602932178817867,5.5709840743787586e-06,0.02046248626090262,0.003962353478510802,medium,0.003495326977179597,0.002594119217561735,0.002970485323611342,0.004221364
2025-03-25 08:40:00+00:00,2,0.0035959185708803933,1.293063036840249e-05,0.020408777118080517,0.003962353478510802,low,0.003437705397350509,0.002598608715251849,0.0029683619273107083,0.0044223336
2025-03-25 08:45:00+00:00,2,0.0036229703216306883,1.3125913951416774e-05,0.020410604367076046,0.003962353478510802,low,0.0034668145400429456,0.0024158055850912103,0.002939348923301982,0.0044398117
2025-03-25 08:50:00+00:00,2,0.004082575880359877,1.6667425818896225e-05,0.020338873718609207,0.003962353478510802,low,0.0033839879074582533,0.002558508967972403,0.0029156867888841197,0.0046677846
2025-03-25 08:55:00+00:00,2,0.00408738635171098,1.6706727188153195e-05,0.020339947701713018,0.003962353478510802,low,0.0033276174945322335,0.002226636398588714,0.002746971999208615,0.003929318
2025-03-25 09:00:00+00:00,2,0.004190167195848204,1.7557501129162403e-05,0.020323015843705324,0.003962353478510802,low,0.003302236707693348,0.0026382257540436427,0.002832122146561333,0.0039794287
2025-03-25 09:05:00+00:00,2,0.004207332892573653,1.7701650068932185e-05,0.02032304698222124,0.003962353478510802,low,0.0030797600971919333,0.0027023433858942253,0.0028241762075976655,0.0031066067
2025-03-25 09:10:00+00:00,2,0.004112593564254384,1.6913425824746577e-05,0.020353734015433413,0.003962353478510802,low,0.003293615246510064,0.002778925321270848,0.0031322102734803285,0.0043523186
2025-03-25 09:15:00+00:00,2,0.0041319801364597475,1.7073259848097914e-05,0.02035583021593178,0.003962353478510802,low,0.0032850860360393213,0.002379297750280324,0.0028614482804383396,0.003673222
2025-03-25 09:20:00+00:00,2,0.003867788397292103,1.4959787086227415e-05,0.02042038727206232,0.003962353478510802,medium,0.0034873675394879564,0.00248948780653902,0.0028635493812775585,0.0032403644
2025-03-25 09:25:00+00:00,2,0.003838042625125407,1.4730571192279527e-05,0.020412480064431183,0.003962353478510802,low,0.0023970436757507598,0.003060200587664729,0.0031427031228384366,0.0040447754
2025-03-25 09:30:00+00:00,2,0.003976083723295023,1.5809241774651613e-05,0.020411318882042617,0.003962353478510802,low,0.0023928719889093884,0.0024794483154634275,0.00293520385568379,0.0035871412
2025-03-25 09:35:00+00:00,2,0.0039861716803333246,1.58895646650914e-05,0.020414528864062673,0.003962353478510802,low,0.0023602932178817867,0.0033419460701702426,0.003172664383621575,0.004186109
2025-03-25 09:40:00+00:00,2,0.0029159511382630347,8.502771040737487e-06,0.020600133430726312,0.003962353478510802,medium,0.0035959185708803933,0.004133956766232067,0.0036637462129938047,0.0030863076
2025-03-25 09:45:00+00:00,2,0.003221722729323905,1.037949734464227e-05,0.02060081203185114,0.003962353478510802,medium,0.0036229703216306883,0.003248803063048108,0.003534903854532872,0.004405059
2025-03-25 09:50:00+00:00,2,0.0026102897175093436,6.81361240933501e-06,0.020676907315236977,0.003962353478510802,medium,0.004082575880359877,0.003377677351096056,0.003672979978267143,0.0037909865
2025-03-25 09:55:00+00:00,2,0.002714827862986338,7.370290325646969e-06,0.020678957564795465,0.003962353478510802,medium,0.00408738635171098,0.003259802649735348,0.0036464518385445383,0.003889125
2025-03-25 10:00:00+00:00,2,0.0025526918927801564,6.516235899465537e-06,0.020696791672256944,0.003962353478510802,medium,0.004190167195848204,0.003173770546774205,0.003567825768072315,0.0032679022
2025-03-25 10:05:00+00:00,2,0.00251948657885534,6.347812621032186e-06,0.02069452858688041,0.003962353478510802,medium,0.004207332892573653,0.003101122342578613,0.003497352368179308,0.0034860994
2025-03-25 10:10:00+00:00,2,0.0027190668391207993,7.393324475606375e-06,0.020650829377865505,0.003962353478510802,medium,0.004112593564254384,0.002803926647795212,0.003078995380946221,0.0025605357
2025-03-25 10:15:00+00:00,2,0.0028947124031917094,8.379359897191922e-06,0.02065664576284251,0.003962353478510802,medium,0.0041319801364597475,0.003215784987122919,0.003482038884284373,0.003628477
2025-03-25 10:20:00+00:00,2,0.0032387593089851525,1.0489561861537984e-05,0.02066815673643479,0.003962353478510802,medium,0.003867788397292103,0.0031794836390822393,0.0034770468719143217,0.0039463486
2025-03-25 10:25:00+00:00,2,0.0032768417833836695,1.0737692073329069e-05,0.020647134674386697,0.003962353478510802,medium,0.003838042625125407,0.003024064843050046,0.0032078650846070985,0.0043295478
2025-03-25 10:30:00+00:00,2,0.003105044782482575,9.641303101222264e-06,0.020671341319250067,0.003962353478510802,medium,0.003976083723295023,0.0030544227886392422,0.003418056739541121,0.0032274758
2025-03-25 10:35:00+00:00,2,0.0030922215145747123,9.561833895198728e-06,0.02067282684663061,0.003962353478510802,medium,0.0039861716803333246,0.0027332286813625513,0.003068590109018689,0.003061653
2025-03-25 10:40:00+00:00,2,0.0031060350730806726,9.64745387520726e-06,0.020452379817589437,0.003962353478510802,medium,0.0029159511382630347,0.0024828921109230255,0.0030184986511117705,0.00293034
2025-03-25 10:45:00+00:00,2,0.003270227061332812,1.0694385032673442e-05,0.02049545629394602,0.003962353478510802,medium,0.003221722729323905,0.0029041020642647593,0.00301582037304171,0.0019692217
2025-03-25 10:50:00+00:00,2,0.0034278151702159406,1.174991684116254e-05,0.020493506952692166,0.003962353478510802,medium,0.0026102897175093436,0.0024766590682594384,0.0028924793575871785,0.0026512046
2025-03-25 10:55:00+00:00,2,0.0033318266618789336,1.1101068904807318e-05,0.0204532436517668,0.003962353478510802,medium,0.002714827862986338,0.0025039576774854018,0.002882762229390229,0.0024764757
2025-03-25 11:00:00+00:00,2,0.0033509154115988504,1.1228634095690694e-05,0.02044775221931734,0.003962353478510802,medium,0.0025526918927801564,0.0023404055562293562,0.0027433718628798796,0.0024376546
2025-03-25 11:05:00+00:00,2,0.0034149289567457085,1.1661739779620333e-05,0.020423024446745576,0.003962353478510802,medium,0.00251948657885534,0.0028889388058217433,0.0030714301341320926,0.0025554115
2025-03-25 11:10:00+00:00,2,0.0033434619874099978,1.1178738061255611e-05,0.0204616137720789,0.003962353478510802,medium,0.0027190668391207993,0.0027480606016601944,0.0029063361017763476,0.0024670078
2025-03-25 11:15:00+00:00,2,0.0033638727133990616,1.1315639631950766e-05,0.020489202271634765,0.003962353478510802,medium,0.0028947124031917094,0.0025861985647846987,0.002952267028989107,0.0026101987
2025-03-25 11:20:00+00:00,2,0.0030478946578031394,9.289661845064915e-06,0.02054457230649695,0.003962353478510802,medium,0.0032387593089851525,0.002909489981135352,0.0032637275140692283,0.002438529
2025-03-25 11:25:00+00:00,2,0.003006144599628512,9.036905353875666e-06,0.02054896116062782,0.003962353478510802,medium,0.0032768417833836695,0.0026408695896070773,0.0031117239499703444,0.002427268
2025-03-25 11:30:00+00:00,2,0.0030085612539746975,9.051440818917803e-06,0.02054788797590742,0.003962353478510802,medium,0.003105044782482575,0.0024232818960259863,0.003014832782679624,0.0027478829
2025-03-25 11:35:00+00:00,2,0.003076055288573477,9.462116138360858e-06,0.020548873275306745,0.003962353478510802,medium,0.0030922215145747123,0.0029971850892502845,0.0034124189875022228,0.0023719212
2025-03-25 11:40:00+00:00,2,0.003141296436916814,9.86774330458627e-06,0.020514348304036898,0.003962353478510802,medium,0.0031060350730806726,0.003235604171729575,0.003406348168813607,0.0025142068
2025-03-25 11:45:00+00:00,2,0.0027931760432596086,7.801832408639403e-06,0.02059484826388018,0.003962353478510802,medium,0.003270227061332812,0.0029526103353775457,0.003279207888236616,0.00257574
2025-03-25 11:50:00+00:00,2,0.0026594222032808256,7.072526455303042e-06,0.020600373435344675,0.003962353478510802,medium,0.0034278151702159406,0.0028125103592151006,0.0032036851606930573,0.0032541142
2025-03-25 11:55:00+00:00,2,0.0027190928682094624,7.393466025947562e-06,0.020599289398804597,0.003962353478510802,medium,0.0033318266618789336,0.002630714100308801,0.0029033490440162272,0.002877817
2025-03-25 12:00:00+00:00,2,0.002700251493466247,7.291358127966696e-06,0.02059371490369381,0.003962353478510802,medium,0.0033509154115988504,0.002649503341589281,0.0029784674066895937,0.002846683
2025-03-25 12:05:00+00:00,2,0.003154077479443118,9.948204746330252e-06,0.02046572834255504,0.003962353478510802,medium,0.0034149289567457085,0.0030463232186412788,0.0035561747579370335,0.002656773
2025-03-25 12:10:00+00:00,2,0.0029662189600971655,8.79845491923991e-06,0.020468867140892927,0.003962353478510802,medium,0.0033434619874099978,0.003102029216621541,0.0034011944146043827,0.002618571
2025-03-25 12:15:00+00:00,2,0.003059759298514686,9.362126964847083e-06,0.020492281300710846,0.003962353478510802,medium,0.0033638727133990616,0.0028931321678511666,0.0033013826861371673,0.0026651397
2025-03-25 12:20:00+00:00,2,0.0043765368281789875,1.915407460840699e-05,0.02047215204065162,0.003962353478510802,medium,0.0030478946578031394,0.002787644075056478,0.0031705188405110117,0.0020770426
2025-03-25 12:25:00+00:00,2,0.004470855835869141,1.9988551905125157e-05,0.020466657826885826,0.003962353478510802,medium,0.003006144599628512,0.002624590693045214,0.0030217322384089745,0.003127391
2025-03-25 12:30:00+00:00,2,0.0046703443004359755,2.1812115884614805e-05,0.0204149537494081,0.003962353478510802,low,0.0030085612539746975,0.0028397370180848155,0.003357974143183095,0.003335971
2025-03-25 12:35:00+00:00,2,0.004697623641414773,2.2067667876378992e-05,0.020418774753356926,0.003962353478510802,low,0.003076055288573477,0.003081131199237765,0.003424290778061794,0.003075636
2025-03-25 12:40:00+00:00,2,0.005350409110455244,2.8626877649242483e-05,0.020437139681249685,0.003962353478510802,medium,0.003141296436916814,0.003467391648847573,0.0036516344981879162,0.0034376574
2025-03-25 12:45:00+00:00,2,0.0060349466264574235,3.642058078418983e-05,0.020468513454191265,0.003962353478510802,medium,0.0027931760432596086,0.004238257405252448,0.003657438581352463,0.0021239128
2025-03-25 12:50:00+00:00,2,0.006216764962095863,3.864816659394277e-05,0.02045613006387541,0.003962353478510802,medium,0.0026594222032808256,0.0028433586079923967,0.0030620044794553315,0.0029586381
2025-03-25 12:55:00+00:00,2,0.007260055523384762,5.2708406202629595e-05,0.020464204754739288,0.003962353478510802,medium,0.0027190928682094624,0.0031245399086173675,0.0033410632833726596,0.003068704
2025-03-25 13:00:00+00:00,2,0.0074165207266501405,5.500477968883112e-05,0.020462839003011338,0.003962353478510802,medium,0.002700251493466247,0.002965446890401721,0.003192955884768246,0.003272574
2025-03-25 13:05:00+00:00,2,0.007217212255809348,5.208815274540466e-05,0.02049904859282639,0.003962353478510802,medium,0.003154077479443118,0.0029860281531315404,0.003357687973086971,0.0025487975
2025-03-25 13:10:00+00:00,2,0.007366388880341687,5.426368513642166e-05,0.020497621128876316,0.003962353478510802,medium,0.0029662189600971655,0.0032955692543919558,0.003546558897977451,0.003913861
2025-03-25 13:15:00+00:00,2,0.007747024898523745,6.0016394778346836e-05,0.020541844611461274,0.003962353478510802,medium,0.003059759298514686,0.0032872825364224758,0.003377882743460491,0.0029645143
2025-03-25 13:20:00+00:00,2,0.007061024669587167,4.985806938451856e-05,0.020795833686852016,0.003962353478510802,medium,0.0043765368281789875,0.004299931833358004,0.004146052418749932,0.0029736802
2025-03-25 13:25:00+00:00,2,0.0070933644220387,5.031581882384441e-05,0.02081396726691448,0.003962353478510802,medium,0.004470855835869141,0.004051133516104913,0.004566151691453866,0.00429282
2025-03-25 13:30:00+00:00,2,0.006962241330072077,4.847280433816381e-05,0.020855726532232118,0.003962353478510802,medium,0.0046703443004359755,0.0036196182155309223,0.004322629089853757,0.005329611
2025-03-25 13:35:00+00:00,2,0.006947194596671984,4.826351276402841e-05,0.020856670475969532,0.003962353478510802,medium,0.004697623641414773,0.004997837940247866,0.004904578621777342,0.0029468858
2025-03-25 13:40:00+00:00,2,0.006646820753963637,4.418022613532173e-05,0.021023751014038097,0.003962353478510802,medium,0.005350409110455244,0.004722432640588845,0.00459294523111016,0.004235276
2025-03-25 13:45:00+00:00,2,0.00641305384669017,4.112725964054759e-05,0.021238381924044505,0.003962353478510802,medium,0.0060349466264574235,0.004892221432549842,0.005119215682993098,0.005252781
2025-03-25 13:50:00+00:00,2,0.006242017448883552,3.896278183216672e-05,0.021219140169496813,0.003962353478510802,medium,0.006216764962095863,0.0051894252010606596,0.005375161171923445,0.0063308957
2025-03-25 13:55:00+00:00,2,0.0051230496878504434,2.6245638104184526e-05,0.021553987733929563,0.003962353478510802,medium,0.007260055523384762,0.004610829476822989,0.005677235654892626,0.008043014
2025-03-25 14:00:00+00:00,2,0.004901990391466901,2.4029509798033818e-05,0.0215376865377957,0.003962353478510802,medium,0.0074165207266501405,0.004488776155611832,0.005693409802636616,0.008085922
2025-03-25 14:05:00+00:00,2,0.0048736098167712245,2.375207264612885e-05,0.021041949609734635,0.003962353478510802,medium,0.007217212255809348,0.004770826007535786,0.005667483696653709,0.00980279
2025-03-25 14:10:00+00:00,2,0.005025039796128256,2.52510249526727e-05,0.0210541164466068,0.003962353478510802,medium,0.007366388880341687,0.0044997837191423345,0.0056276052420040365,0.010059883
2025-03-25 14:15:00+00:00,2,0.00448830185389487,2.0144853531676126e-05,0.02118072506911452,0.003962353478510802,medium,0.007747024898523745,0.004146795385877353,0.005365657505057768,0.009256791
2025-03-25 14:20:00+00:00,2,0.00467103719611829,2.181858848752062e-05,0.020971936693976154,0.003962353478510802,medium,0.007061024669587167,0.00493168012327119,0.0061729872433339,0.012569116
2025-03-25 14:25:00+00:00,2,0.004567140504487114,2.0858772387726815e-05,0.02100197225190162,0.003962353478510802,medium,0.0070933644220387,0.0038287473896281825,0.004746012497015314,0.010022627
2025-03-25 14:30:00+00:00,2,0.004567688348487691,2.0863776848910212e-05,0.02068570291184826,0.003962353478510802,medium,0.006962241330072077,0.0037955345903693087,0.004763411645679359,0.011706122
2025-03-25 14:35:00+00:00,2,0.004871715921351582,2.3733616018350494e-05,0.020219687874740815,0.003962353478510802,low,0.006947194596671984,0.004037188572727453,0.005573279834852372,0.010334046
2025-03-25 14:40:00+00:00,2,0.004564068431639986,2.083072064869268e-05,0.02018964323704331,0.003962353478510802,low,0.006646820753963637,0.004565018686243429,0.00529373079424843,0.014332365
2025-03-25 14:45:00+00:00,2,0.004267030956307793,1.8207553182088997e-05,0.020286469101338155,0.003962353478510802,low,0.00641305384669017,0.005298599196478149,0.005565005306815355,0.009468893
2025-03-25 14:50:00+00:00,2,0.0045421058038516175,2.0630725133382546e-05,0.020295430138704027,0.003962353478510802,low,0.006242017448883552,0.004367454265172253,0.0049463704396873484,0.0069799195
2025-03-25 14:55:00+00:00,2,0.004487656171212167,2.0139057911018647e-05,0.020174078499683647,0.003962353478510802,low,0.0051230496878504434,0.004418633082393708,0.004421152010393173,0.0044261203
2025-03-25 15:00:00+00:00,2,0.004475956484414431,2.0034186450371593e-05,0.020163367733659492,0.003962353478510802,low,0.004901990391466901,0.00474947265461369,0.004653724687073532,0.0038825937
2025-03-25 15:05:00+00:00,2,0.004474961031503512,2.002527623347498e-05,0.020150433573799323,0.003962353478510802,low,0.0048736098167712245,0.004778438925149816,0.004715686589062385,0.0037510372
2025-03-25 15:10:00+00:00,2,0.004174169548107098,1.7423691416344614e-05,0.020237436942499038,0.003962353478510802,low,0.005025039796128256,0.004513861742718944,0.004794336356519418,0.003954224
2025-03-25 15:15:00+00:00,2,0.0038779209855878912,1.503827117046296e-05,0.020292861061044932,0.003962353478510802,low,0.00448830185389487,0.004398199695294889,0.004374153032547526,0.004590459
2025-03-25 15:20:00+00:00,2,0.003864980371720862,1.4938073273787532e-05,0.01998681859740569,0.003962353478510802,low,0.00467103719611829,0.004139555566065973,0.0042797169531201594,0.00470982
2025-03-25 15:25:00+00:00,2,0.004153857988363416,1.725453618749056e-05,0.0199103528896715,0.003962353478510802,low,0.004567140504487114,0.003936522738857697,0.004392499383511405,0.0056574726
2025-03-25 15:30:00+00:00,2,0.004285556040330871,1.8365990574816412e-05,0.01988259463003455,0.003962353478510802,low,0.004567688348487691,0.0036366593552521823,0.004487971719693173,0.005980354
2025-03-25 15:35:00+00:00,2,0.003976435659294265,1.581204055250702e-05,0.019970016253720104,0.003962353478510802,low,0.004871715921351582,0.003949414415297758,0.004209328349789963,0.005826085
2025-03-25 15:40:00+00:00,2,0.004068031521888699,1.6548880463080084e-05,0.019960345999345517,0.003962353478510802,low,0.004564068431639986,0.003858535175965366,0.004765144850906024,0.0059056967
2025-03-25 15:45:00+00:00,2,0.003893257520742249,1.5157454122816085e-05,0.020033171206943996,0.003962353478510802,low,0.004267030956307793,0.003597794595990691,0.00446042659093077,0.005765157
2025-03-25 15:50:00+00:00,2,0.0035109099918580193,1.2326488970928479e-05,0.020091102969106163,0.003962353478510802,low,0.0045421058038516175,0.0038860041646529083,0.004961292152498294,0.004675129
2025-03-25 15:55:00+00:00,2,0.003389445165928772,1.1488338532837922e-05,0.01992973919607545,0.003962353478510802,low,0.004487656171212167,0.004156784434394131,0.005007832092183034,0.0055369185
2025-03-25 16:00:00+00:00,2,0.0034027398181224124,1.1578638269835749e-05,0.019924320557943635,0.003962353478510802,low,0.004475956484414431,0.0038920482377940635,0.00502708453350246,0.007973181
2025-03-25 16:05:00+00:00,2,0.004259036201720339,1.8139389367564412e-05,0.019919875698070286,0.003962353478510802,low,0.004474961031503512,0.003949107101882455,0.005009915143685016,0.007473418
2025-03-25 16:10:00+00:00,2,0.004755793882931711,2.261757545693068e-05,0.019932952982036206,0.003962353478510802,low,0.004174169548107098,0.003530470161455406,0.004894373936642462,0.0073798546
2025-03-25 16:15:00+00:00,2,0.004742587270184374,2.2492134015314875e-05,0.01993739513047408,0.003962353478510802,low,0.0038779209855878912,0.003516237341852781,0.004259222840412725,0.007082228
2025-03-25 16:20:00+00:00,2,0.00481596922925658,2.3193559617146215e-05,0.019744520476033336,0.003962353478510802,low,0.003864980371720862,0.003344434838262037,0.003918999427466965,0.0067175757
2025-03-25 16:25:00+00:00,2,0.004539294720532428,2.060519655985357e-05,0.019807209633205827,0.003962353478510802,low,0.004153857988363416,0.0037163434635656373,0.0047733357417280445,0.0049845763
2025-03-25 16:30:00+00:00,2,0.004594028470883157,2.1105097591285038e-05,0.01946614726857898,0.003962353478510802,low,0.004285556040330871,0.003324946916780406,0.0046629428008769045,0.007653108
2025-03-25 16:35:00+00:00,2,0.004680268904465733,2.1904917018108874e-05,0.019491544744329844,0.003962353478510802,low,0.003976435659294265,0.0036126646737051973,0.004932317334782871,0.008620374
2025-03-25 16:40:00+00:00,2,0.0045849389624149,2.102166528907022e-05,0.019334988534134578,0.003962353478510802,low,0.004068031521888699,0.003584852100272856,0.005615015664163936,0.007838146
2025-03-25 16:45:00+00:00,2,0.004381379084304828,1.919648268038381e-05,0.019353918111472815,0.003962353478510802,low,0.003893257520742249,0.0035731847088836884,0.005341771682629857,0.007949542
2025-03-25 16:50:00+00:00,2,0.004624735436336564,2.138817785610715e-05,0.01935232299548985,0.003962353478510802,low,0.0035109099918580193,0.0033735659304929785,0.004587949001932885,0.0065535423
2025-03-25 16:55:00+00:00,2,0.004601003273883534,2.1169231126287e-05,0.019332653446785968,0.003962353478510802,low,0.003389445165928772,0.0033234418218157646,0.004046816125556906,0.0062904377
2025-03-25 17:00:00+00:00,2,0.004593046690915488,2.1096077904929716e-05,0.019281432636944623,0.003962353478510802,low,0.0034027398181224124,0.0029918118534084173,0.003573995859811141,0.004935185
2025-03-25 17:05:00+00:00,2,0.003865513581900828,1.494219525185977e-05,0.019431300988747444,0.003962353478510802,low,0.004259036201720339,0.003666228150136505,0.004243677193754805,0.007998672
2025-03-25 17:10:00+00:00,2,0.003066114464885722,9.401057911781456e-06,0.019477191069073606,0.003962353478510802,low,0.004755793882931711,0.0043105885343032785,0.005028567216143242,0.0072875633
2025-03-25 17:15:00+00:00,2,0.0031476075223074084,9.907433114486184e-06,0.019479188224287625,0.003962353478510802,low,0.004742587270184374,0.004621128823445255,0.005260556020084823,0.0057121776
2025-03-25 17:20:00+00:00,2,0.0027183952151443543,7.38967254571972e-06,0.019523760445806386,0.003962353478510802,low,0.00481596922925658,0.004202043787245564,0.004633992714196216,0.0060108528
2025-03-25 17:25:00+00:00,2,0.0031073488634953124,9.65561695946561e-06,0.019518562814819316,0.003962353478510802,low,0.004539294720532428,0.0038364626928694243,0.00436832855865015,0.0055124606
2025-03-25 17:30:00+00:00,2,0.0028550713247218786,8.151432269249143e-06,0.019500438779837488,0.003962353478510802,low,0.004594028470883157,0.004094123341375537,0.004358236809953725,0.004656427
2025-03-25 17:35:00+00:00,2,0.0025481402522559296,6.493018745166914e-06,0.019542012686255293,0.003962353478510802,low,0.004680268904465733,0.003769689605407209,0.004127532806905275,0.006487933
2025-03-25 17:40:00+00:00,2,0.0029503657904034397,8.704658297182914e-06,0.019530229083561355,0.003962353478510802,low,0.0045849389624149,0.0033791248047776784,0.003823595108572177,0.0067968317
2025-03-25 17:45:00+00:00,2,0.003027342440768425,9.164802253677724e-06,0.0194322370602242,0.003962353478510802,low,0.004381379084304828,0.003242281755649996,0.0036367747652313446,0.007739009
2025-03-25 17:50:00+00:00,2,0.0026933412426608794,7.254087049418049e-06,0.019456205997324293,0.003962353478510802,low,0.004624735436336564,0.003638181052440643,0.004126561380704745,0.008406232
2025-03-25 17:55:00+00:00,2,0.0028885787823612727,8.343887381907733e-06,0.019456715261776017,0.003962353478510802,low,0.004601003273883534,0.0036126657851776782,0.004027473641699877,0.0073036356
2025-03-25 18:00:00+00:00,2,0.002952032213342907,8.714494188614222e-06,0.019444033864965,0.003962353478510802,low,0.004593046690915488,0.003092409994208964,0.0035925928126041913,0.0076536443
2025-03-25 18:05:00+00:00,2,0.0031278058582484,9.783169486893008e-06,0.019448351582831914,0.003962353478510802,low,0.003865513581900828,0.003311588349158536,0.0037327144103340916,0.0064940182
2025-03-25 18:10:00+00:00,2,0.003453549084083399,1.1927001276173284e-05,0.019410951508944087,0.003962353478510802,low,0.003066114464885722,0.003069728370008609,0.003715149794574428,0.006728938
2025-03-25 18:15:00+00:00,2,0.0033792065796712993,1.1419037108093801e-05,0.01937984124935743,0.003962353478510802,low,0.0031476075223074084,0.003013624936169903,0.003845123784921905,0.0061362814
2025-03-25 18:20:00+00:00,2,0.003354559074940406,1.1253066587265031e-05,0.01938243649914541,0.003962353478510802,low,0.0027183952151443543,0.0030308051524949556,0.003696769321858325,0.0058410754
2025-03-25 18:25:00+00:00,2,0.0029884722893458687,8.930966624188137e-06,0.01933004319612187,0.003962353478510802,low,0.0031073488634953124,0.0030360092698906104,0.003981625414935965,0.0059035174
2025-03-25 18:30:00+00:00,2,0.0032417275266689457,1.050879735716316e-05,0.01932773304691397,0.003962353478510802,low,0.0028550713247218786,0.0033063624251376423,0.0038103245235521633,0.0071803164
2025-03-25 18:35:00+00:00,2,0.0032599894829568035,1.0627531428988968e-05,0.01930378369639694,0.003962353478510802,low,0.0025481402522559296,0.0029563460618870804,0.003659456363517321,0.00554891
2025-03-25 18:40:00+00:00,2,0.00300561923103428,9.033746961963098e-06,0.01929680967539909,0.003962353478510802,low,0.0029503657904034397,0.0029722487549928207,0.0037917206325455474,0.006153739
2025-03-25 18:45:00+00:00,2,0.0030288587215991196,9.173985155407054e-06,0.01922269374545479,0.003962353478510802,low,0.003027342440768425,0.0037006642605046563,0.003959427277376885,0.006305979
2025-03-25 18:50:00+00:00,2,0.0037361760955146655,1.3959011816695212e-05,0.01922892042370017,0.003962353478510802,low,0.0026933412426608794,0.003518116795317281,0.0040178134595284555,0.0071865367
2025-03-25 18:55:00+00:00,2,0.0035869365637366947,1.2866113912271207e-05,0.019260433601177084,0.003962353478510802,low,0.0028885787823612727,0.003378550563499841,0.0037869484365895137,0.005831591
2025-03-25 19:00:00+00:00,2,0.003663558123942682,1.3421658127506425e-05,0.01926954913932521,0.003962353478510802,low,0.002952032213342907,0.003387229419202177,0.0038093940466016082,0.0052982164
2025-03-25 19:05:00+00:00,2,0.0034561005923887424,1.1944631304709817e-05,0.01924630837772583,0.003962353478510802,low,0.0031278058582484,0.003434716247542352,0.00434012496437152,0.006132207
2025-03-25 19:10:00+00:00,2,0.005090537375059657,2.5913570766879263e-05,0.01929870102527602,0.003962353478510802,low,0.003453549084083399,0.0036739102542771595,0.003762191636591754,0.0075145834
2025-03-25 19:15:00+00:00,2,0.005127736559130365,2.6293682219842115e-05,0.0192500018825674,0.003962353478510802,low,0.0033792065796712993,0.003574508980365536,0.003841818644768256,0.0071105273
2025-03-25 19:20:00+00:00,2,0.005216682193193056,2.7213773104777504e-05,0.019242533139654423,0.003962353478510802,low,0.003354559074940406,0.0035686133263701865,0.0033570000326056315,0.0073567675
2025-03-25 19:25:00+00:00,2,0.005217644927483275,2.7223818589291946e-05,0.019237193584871477,0.003962353478510802,low,0.0029884722893458687,0.003142905020279005,0.0029536145808891395,0.006495207
2025-03-25 19:30:00+00:00,2,0.005307185541426053,2.816621837112175e-05,0.019277856554243408,0.003962353478510802,low,0.0032417275266689457,0.0033464631965052,0.003207500732722856,0.005196473
2025-03-25 19:35:00+00:00,2,0.005281785758624713,2.7897260800010837e-05,0.019253897814044796,0.003962353478510802,low,0.0032599894829568035,0.0031594927178413795,0.00299913594053515,0.0050736913
2025-03-25 19:40:00+00:00,2,0.0053943456627895715,2.9098965129656666e-05,0.01920193484950368,0.003962353478510802,low,0.00300561923103428,0.0033737305755442127,0.003161221017466795,0.005350657
2025-03-25 19:45:00+00:00,2,0.005342576576242145,2.8543124473011238e-05,0.019197074723713587,0.003962353478510802,low,0.0030288587215991196,0.0031732382900091023,0.002994109063949161,0.0055129365
2025-03-25 19:50:00+00:00,2,0.004845653697131558,2.3480359752524742e-05,0.019238427475255823,0.003962353478510802,low,0.0037361760955146655,0.003498339178015296,0.003610215780037866,0.0061906963
2025-03-25 19:55:00+00:00,2,0.005171750270344,2.674700085880324e-05,0.01921339965550663,0.003962353478510802,low,0.0035869365637366947,0.004013105292793236,0.0035813670366875916,0.004961494
2025-03-25 20:00:00+00:00,2,0.005081739788853785,2.582407928161971e-05,0.019223832241917753,0.003962353478510802,low,0.003663558123942682,0.003690872336516477,0.003686236977943267,0.005079002
2025-03-25 20:05:00+00:00,2,0.0053487462438481575,2.8609086381079773e-05,0.01922387653037179,0.003962353478510802,low,0.0034561005923887424,0.004042347228242057,0.0036117788765659,0.00585125
2025-03-25 20:10:00+00:00,2,0.0038565122197248315,1.4872686500886946e-05,0.019466626127577383,0.003962353478510802,low,0.005090537375059657,0.005509850953263744,0.005093365810925639,0.005009476
2025-03-25 20:15:00+00:00,2,0.0037974337600391378,1.4420503161884984e-05,0.019478107127476846,0.003962353478510802,low,0.005127736559130365,0.004651866083178488,0.005088709528037443,0.0049693524
2025-03-25 20:20:00+00:00,2,0.0037329861959321023,1.393518593901963e-05,0.019488469016936263,0.003962353478510802,low,0.005216682193193056,0.004141724693805788,0.004539493046997993,0.0064799623
2025-03-25 20:25:00+00:00,2,0.003903550598976688,1.5237707278771261e-05,0.019485905576389684,0.003962353478510802,low,0.005217644927483275,0.003395246878644596,0.00395246968895499,0.0070700743
2025-03-25 20:30:00+00:00,2,0.0038842668756324723,1.5087529161135648e-05,0.019553338607514868,0.003962353478510802,low,0.005307185541426053,0.0035262787153870164,0.0038947038404429004,0.005896982
2025-03-25 20:35:00+00:00,2,0.003992347710535271,1.5938840241816217e-05,0.019528649860606487,0.003962353478510802,low,0.005281785758624713,0.003716794164072381,0.0042059585202924915,0.00830838
2025-03-25 20:40:00+00:00,2,0.003743320470724781,1.4012448146547196e-05,0.019487427033653724,0.003962353478510802,low,0.0053943456627895715,0.00333108367033866,0.0038727317314755944,0.008708108
2025-03-25 20:45:00+00:00,2,0.0037144181080013567,1.3796901881048379e-05,0.019387300349158382,0.003962353478510802,low,0.005342576576242145,0.004216709460162491,0.004358532310331848,0.0044434164
2025-03-25 20:50:00+00:00,2,0.003735940573757629,1.3957251970648484e-05,0.01938445959102009,0.003962353478510802,low,0.004845653697131558,0.003503482711760114,0.0041296440493252635,0.005993191
2025-03-25 20:55:00+00:00,2,0.0032525080129868554,1.0578808374543701e-05,0.019464708347770303,0.003962353478510802,low,0.005171750270344,0.004644658469816846,0.00568489240800663,0.004633247
2025-03-25 21:00:00+00:00,2,0.003460181639090879,1.1972856975501641e-05,0.01945318235977207,0.003962353478510802,low,0.005081739788853785,0.003904702522601045,0.004974240874575458,0.006620074
2025-03-25 21:05:00+00:00,2,0.0032253840886128627,1.0403102519077026e-05,0.01952263585556747,0.003962353478510802,low,0.0053487462438481575,0.003963698152488916,0.004668162675278009,0.0051668826
2025-03-25 21:10:00+00:00,2,0.0032521476287294755,1.0576464199050751e-05,0.019519904729994188,0.003962353478510802,low,0.0038565122197248315,0.003467950220898128,0.004255358912021048,0.006809425
2025-03-25 21:15:00+00:00,2,0.003361482419276037,1.1299564055101878e-05,0.01947912746655009,0.003962353478510802,low,0.0037974337600391378,0.003287178710209331,0.003861091164134401,0.006620232
2025-03-25 21:20:00+00:00,2,0.0036073237868320426,1.3012784903044268e-05,0.01946312938272622,0.003962353478510802,low,0.0037329861959321023,0.0033367726160630647,0.0039196765043203905,0.006409002
2025-03-25 21:25:00+00:00,2,0.003497439111356788,1.2232080337648161e-05,0.019487415288543752,0.003962353478510802,low,0.003903550598976688,0.003131199610733854,0.0035496788470189126,0.0066224677
2025-03-25 21:30:00+00:00,2,0.003572406105151417,1.2762085380123115e-05,0.019460057447362802,0.003962353478510802,low,0.0038842668756324723,0.002969452574042738,0.0034510304968587316,0.0046545425
2025-03-25 21:35:00+00:00,2,0.0034951248113402815,1.2215897446846439e-05,0.019441114524999567,0.003962353478510802,low,0.003992347710535271,0.003016665493381202,0.0035260488579536933,0.0050794575
2025-03-25 21:40:00+00:00,2,0.003874250574616179,1.5009817514913793e-05,0.01943554139169431,0.003962353478510802,low,0.003743320470724781,0.0033200301199183134,0.003842469028918578,0.00505931
2025-03-25 21:45:00+00:00,2,0.003875623100824576,1.5020454419645102e-05,0.019366157204482908,0.003962353478510802,low,0.0037144181080013567,0.003330004556479825,0.0037623309739996556,0.0049619717
2025-03-25 21:50:00+00:00,2,0.003938832363526581,1.5514400387964392e-05,0.019363669131052176,0.003962353478510802,low,0.003735940573757629,0.002832206391258771,0.003445632099522141,0.0044388273
2025-03-25 21:55:00+00:00,2,0.004212951906050539,1.774896376269487e-05,0.019355730085619777,0.003962353478510802,low,0.0032525080129868554,0.0026808559479722964,0.0032121591010926542,0.0036949592
2025-03-25 22:00:00+00:00,2,0.004574367122118921,2.092483456792254e-05,0.01937098862810889,0.003962353478510802,low,0.003460181639090879,0.0038220107050158277,0.0038233761039818135,0.0028736661
2025-03-25 22:05:00+00:00,2,0.005192394844810433,2.696096422441396e-05,0.01939946441124013,0.003962353478510802,low,0.0032253840886128627,0.003865824568636673,0.003836599176816411,0.0054210518
2025-03-25 22:10:00+00:00,2,0.00496340351820749,2.463537448455449e-05,0.01939436200853376,0.003962353478510802,low,0.0032521476287294755,0.0032511635482901967,0.0034426195071409716,0.004640176
2025-03-25 22:15:00+00:00,2,0.004893248584740368,2.394388171206362e-05,0.019310526395310938,0.003962353478510802,low,0.003361482419276037,0.0029252140980324617,0.0033626239846291845,0.004170465
2025-03-25 22:20:00+00:00,2,0.004686611089583989,2.1964323505011626e-05,0.019276982752013543,0.003962353478510802,low,0.0036073237868320426,0.0032117294908049245,0.0035802444797474985,0.0053078607
2025-03-25 22:25:00+00:00,2,0.004689834032522674,2.199454325260789e-05,0.019290295471648282,0.003962353478510802,low,0.003497439111356788,0.003426906190553254,0.0040329324059563635,0.0061139176
2025-03-25 22:30:00+00:00,2,0.0043869535157888525,1.9245361149692172e-05,0.019368092502586653,0.003962353478510802,low,0.003572406105151417,0.004352250335047985,0.004695378066673727,0.006792066
2025-03-25 22:35:00+00:00,2,0.00435050255101361,1.8926872446375928e-05,0.01937175191818441,0.003962353478510802,low,0.0034951248113402815,0.004514991580452023,0.004934085295395042,0.007915609
2025-03-25 22:40:00+00:00,2,0.004018164657477861,1.614564721460417e-05,0.01940299580419878,0.003962353478510802,low,0.003874250574616179,0.004209798498627423,0.0048016000472999925,0.0061310576
2025-03-25 22:45:00+00:00,2,0.0040150262585739215,1.6120435857038102e-05,0.019369068192747398,0.003962353478510802,low,0.003875623100824576,0.003773999640953391,0.004632766411510774,0.00804135
2025-03-25 22:50:00+00:00,2,0.003966532811664609,1.5733382546011947e-05,0.019313538271642207,0.003962353478510802,low,0.003938832363526581,0.0033086139106713952,0.004047460160334331,0.006311018
2025-03-25 22:55:00+00:00,2,0.003860480132867012,1.4903306856260902e-05,0.019371029785121213,0.003962353478510802,low,0.004212951906050539,0.0032368159227992134,0.004114528704125655,0.004652184
2025-03-25 23:00:00+00:00,3,0.0033006819079971954,1.0894501057780007e-05,0.01948172152908862,0.0039114148956292455,low,0.004574367122118921,0.003292861164321654,0.0037727373977133345,0.0055498676
2025-03-25 23:05:00+00:00,3,0.002162269822405259,4.67541078488447e-06,0.019613767978689228,0.0039114148956292455,low,0.005192394844810433,0.004300862476571049,0.005355831350675385,0.00686712
2025-03-25 23:10:00+00:00,3,0.0021179347505424955,4.485647607555503e-06,0.019613697217945304,0.0039114148956292455,low,0.00496340351820749,0.0037046376853682836,0.004463517587218448,0.004797242
2025-03-25 23:15:00+00:00,3,0.0021094702837634177,4.449864878080914e-06,0.019594192351979803,0.0039114148956292455,low,0.004893248584740368,0.003499912254143181,0.0046366541104205265,0.0053812047
2025-03-25 23:20:00+00:00,3,0.00257738091587432,6.64289238551315e-06,0.019598393091715575,0.0039114148956292455,low,0.004686611089583989,0.003306631248702839,0.003923242382290897,0.0037576107
2025-03-25 23:25:00+00:00,3,0.002772059132575461,7.684311834495017e-06,0.019528796912352445,0.0039114148956292455,low,0.004689834032522674,0.003109992523047184,0.003810025074546399,0.0036331932
2025-03-25 23:30:00+00:00,3,0.0028014505281585477,7.848125061719807e-06,0.019517507422660726,0.0039114148956292455,low,0.0043869535157888525,0.0029044404746451763,0.0035026184211252773,0.0035138668
2025-03-25 23:35:00+00:00,3,0.0028346976406949625,8.035510714161588e-06,0.019491224391576994,0.0039114148956292455,low,0.00435050255101361,0.0024614125239188663,0.003371422678762868,0.0031741615
2025-03-25 23:40:00+00:00,3,0.002923895278490104,8.549163599576722e-06,0.0194937409073949,0.0039114148956292455,low,0.004018164657477861,0.0027556924458602638,0.0033482860307709047,0.003335287
2025-03-25 23:45:00+00:00,3,0.00318365106129834,1.0135634080106048e-05,0.019493089927889597,0.0039114148956292455,low,0.0040150262585739215,0.0026034900137619933,0.0033837317364655358,0.0034558282
2025-03-25 23:50:00+00:00,3,0.0032483846361841366,1.0552002744597145e-05,0.019495357140979053,0.0039114148956292455,low,0.003966532811664609,0.0029213771045872782,0.0035901950835622413,0.0038097838
2025-03-25 23:55:00+00:00,3,0.003048623663291881,9.294106240383206e-06,0.019470834206706363,0.0039114148956292455,low,0.003860480132867012,0.002940221545426187,0.003450639763108203,0.0034948608
2025-03-26 00:00:00+00:00,3,0.0030286442111230245,9.172685757569007e-06,0.019428136978026405,0.0039114148956292455,low,0.0033006819079971954,0.0027947290505046848,0.003730347466412224,0.0035770056
2025-03-26 00:05:00+00:00,3,0.002873449649619362,8.256712888897633e-06,0.019282383632663207,0.0039114148956292455,low,0.002162269822405259,0.003176718034912982,0.0038721254253801848,0.0030453387
2025-03-26 00:10:00+00:00,3,0.0028860239264977294,8.329134104317372e-06,0.01924318123721541,0.0039114148956292455,low,0.0021179347505424955,0.002712224232927335,0.003697174491059285,0.0030458528
2025-03-26 00:15:00+00:00,3,0.003213903675623883,1.0329176836188705e-05,0.019233679045956166,0.0039114148956292455,low,0.0021094702837634177,0.0025931543421195465,0.003340945237265113,0.0025483235
2025-03-26 00:20:00+00:00,3,0.002825807781447936,7.985189617691707e-06,0.019200420027463555,0.0039114148956292455,low,0.00257738091587432,0.002529199744461222,0.0034678682297086933,0.0027208065
2025-03-26 00:25:00+00:00,3,0.0027428548282135124,7.523252608654177e-06,0.01923809245914311,0.0039114148956292455,low,0.002772059132575461,0.002642650265142523,0.003474254337861537,0.0030449335
2025-03-26 00:30:00+00:00,3,0.0027081400607855146,7.33402258883137e-06,0.019238801380858185,0.0039114148956292455,low,0.0028014505281585477,0.0027596641178314774,0.003558944630699864,0.0035490743
2025-03-26 00:35:00+00:00,3,0.002755983457024911,7.5954448153949806e-06,0.01923412926534167,0.0039114148956292455,low,0.0028346976406949625,0.00259080059798112,0.0034436075015668176,0.0033571755
2025-03-26 00:40:00+00:00,3,0.002707555496224536,7.330856765135692e-06,0.019217653693844112,0.0039114148956292455,low,0.002923895278490104,0.0030633906583163993,0.0036507490228758427,0.003482506
2025-03-26 00:45:00+00:00,3,0.002505669263008046,6.278378455583285e-06,0.019245822515630315,0.0039114148956292455,low,0.00318365106129834,0.0028626602745843036,0.0034922614806685006,0.004044216
2025-03-26 00:50:00+00:00,3,0.0023799697494518925,5.664256008306105e-06,0.019240292179160796,0.0039114148956292455,low,0.0032483846361841366,0.0027225526105472196,0.0033596700052504693,0.0043206587
2025-03-26 00:55:00+00:00,3,0.0023465984797020195,5.50652442493983e-06,0.019241364169759374,0.0039114148956292455,low,0.003048623663291881,0.002702267454044499,0.0033333173935343598,0.0039098426
2025-03-26 01:00:00+00:00,3,0.002255267382159448,5.086230965032328e-06,0.019251136235044493,0.0039114148956292455,low,0.0030286442111230245,0.0026351466198153944,0.0035079655402681393,0.0040779454
2025-03-26 01:05:00+00:00,3,0.0030649291431200047,9.393790652346325e-06,0.01923094338619921,0.0039114148956292455,low,0.002873449649619362,0.0027002818438665033,0.003488871800797868,0.004297902
2025-03-26 01:10:00+00:00,3,0.00304507182399885,9.272462413311684e-06,0.019203378480759464,0.0039114148956292455,low,0.0028860239264977294,0.002468150630087489,0.0029759260765372907,0.0037113742
2025-03-26 01:15:00+00:00,3,0.002963559019222095,8.782682060412627e-06,0.019251143521029957,0.0039114148956292455,low,0.003213903675623883,0.002405004559433093,0.0031795899035818014,0.003924255
2025-03-26 01:20:00+00:00,3,0.0029831130099032674,8.898963229854131e-06,0.01919591962157633,0.0039114148956292455,low,0.002825807781447936,0.0022750527107082167,0.002962389125810283,0.003920245
2025-03-26 01:25:00+00:00,3,0.002793750292193677,7.805040695132255e-06,0.019224832723585925,0.0039114148956292455,low,0.0027428548282135124,0.003003333571055783,0.003160220282030823,0.0039992062
2025-03-26 01:30:00+00:00,3,0.0027833761037673937,7.747182535023357e-06,0.01908711113823399,0.0039114148956292455,low,0.0027081400607855146,0.0025564941283979094,0.002973716688962948,0.0042971047
2025-03-26 01:35:00+00:00,3,0.0028585378194773796,8.171238465382491e-06,0.019060890231965135,0.0039114148956292455,low,0.002755983457024911,0.002644494289210592,0.0029493850770162438,0.004135939
2025-03-26 01:40:00+00:00,3,0.0028710398526389843,8.24286983544128e-06,0.01906036741832058,0.0039114148956292455,low,0.002707555496224536,0.0027890442784685955,0.0032378977688260354,0.0045588883
2025-03-26 01:45:00+00:00,3,0.0028812192914848067,8.30142460562421e-06,0.019033584579185223,0.0039114148956292455,low,0.002505669263008046,0.0025791301011209465,0.0029780226405937017,0.00442638
2025-03-26 01:50:00+00:00,3,0.0028917123573703224,8.362000357768227e-06,0.019035305702639723,0.0039114148956292455,low,0.0023799697494518925,0.0025173859854336527,0.0028963746440431215,0.0036126096
2025-03-26 01:55:00+00:00,3,0.0029253219571720355,8.557508553112827e-06,0.019027141166867288,0.0039114148956292455,low,0.0023465984797020195,0.0022977260501062025,0.00283361588811516,0.003233747
2025-03-26 02:00:00+00:00,3,0.0029516662351518216,8.712333563735327e-06,0.01902820914358484,0.0039114148956292455,low,0.002255267382159448,0.0023131836109510314,0.003084653719284581,0.0030023868
2025-03-26 02:05:00+00:00,3,0.0021251197059986744,4.516133764823892e-06,0.019113955480252267,0.0039114148956292455,low,0.0030649291431200047,0.002723987302092145,0.0036019340025049743,0.0045310766
2025-03-26 02:10:00+00:00,3,0.0021595446651783085,4.663633160900093e-06,0.019110116828691397,0.0039114148956292455,low,0.00304507182399885,0.003020549665721308,0.0037551684313324196,0.004403721
2025-03-26 02:15:00+00:00,3,0.0019465246032932143,3.788958031225805e-06,0.019149590549802035,0.0039114148956292455,low,0.002963559019222095,0.0029415603819050572,0.0037144287580207834,0.0035160927
2025-03-26 02:20:00+00:00,3,0.0022637832370989677,5.124714544570281e-06,0.019112109786110963,0.0039114148956292455,low,0.0029831130099032674,0.003316418321239944,0.0038422548375249095,0.004254574
2025-03-26 02:25:00+00:00,3,0.002275449711988419,5.177671391788178e-06,0.019094639763302532,0.0039114148956292455,low,0.002793750292193677,0.003113454232990848,0.0036032554204166733,0.003777923
2025-03-26 02:30:00+00:00,3,0.00224874692997294,5.056862755062723e-06,0.01908008714119648,0.0039114148956292455,low,0.0027833761037673937,0.0024813024912220556,0.003173202566960005,0.003104702
2025-03-26 02:35:00+00:00,3,0.0020570503479460296,4.231456133984881e-06,0.019100501770102665,0.0039114148956292455,low,0.0028585378194773796,0.0027926380538809224,0.00344349092423632,0.0038721345
2025-03-26 02:40:00+00:00,3,0.0023103414879332555,5.337677790865649e-06,0.01909342654238799,0.0039114148956292455,low,0.0028710398526389843,0.0031501307998309876,0.003882453754320481,0.0044406946
2025-03-26 02:45:00+00:00,3,0.0021794205355013365,4.7498738705649315e-06,0.01910427092654489,0.0039114148956292455,low,0.0028812192914848067,0.0031131226318136854,0.003737356894209771,0.004155882
2025-03-26 02:50:00+00:00,3,0.002149427773896179,4.620039755196285e-06,0.019097414232210824,0.0039114148956292455,low,0.0028917123573703224,0.0027529598546914896,0.003606024264579433,0.0035611645
2025-03-26 02:55:00+00:00,3,0.002109666043895844,4.450690816767141e-06,0.019051468145782825,0.0039114148956292455,low,0.0029253219571720355,0.0029550172651510854,0.0036674748430599027,0.004103837
2025-03-26 03:00:00+00:00,3,0.002151029618420641,4.6269284193228495e-06,0.01905626343404089,0.0039114148956292455,low,0.0029516662351518216,0.0028970349434406985,0.003995699746993851,0.0038470353
2025-03-26 03:05:00+00:00,3,0.002123988361947319,4.5113265616876565e-06,0.01905572295007658,0.0039114148956292455,low,0.0021251197059986744,0.002959859903307165,0.003925137990359468,0.0033330899
2025-03-26 03:10:00+00:00,3,0.0021283064766156722,4.529688458404216e-06,0.018999429747348546,0.0039114148956292455,low,0.0021595446651783085,0.0026708789800007084,0.00388332480742115,0.0030369149
2025-03-26 03:15:00+00:00,3,0.002073416917343786,4.299057713127407e-06,0.018999067605308916,0.0039114148956292455,low,0.0019465246032932143,0.0030431058140787215,0.003969004422023947,0.0032404833
2025-03-26 03:20:00+00:00,3,0.0019367150139333628,3.7508650451949058e-06,0.01890214070342268,0.0039114148956292455,low,0.0022637832370989677,0.003071296991131368,0.003985146962670502,0.0033733586
2025-03-26 03:25:00+00:00,3,0.0019629059056116495,3.85299959428509e-06,0.01889766397662807,0.0039114148956292455,low,0.002275449711988419,0.0027701326304570987,0.003507787694907033,0.0025881785
2025-03-26 03:30:00+00:00,3,0.0019513032600567072,3.8075844127079336e-06,0.018893223497208685,0.0039114148956292455,low,0.00224874692997294,0.0023942904772699235,0.0030997799839008987,0.0026479752
2025-03-26 03:35:00+00:00,3,0.002097667857434541,4.400210440114017e-06,0.01888847472211263,0.0039114148956292455,low,0.0020570503479460296,0.0025580460882609515,0.0031096501606183873,0.0028407327
2025-03-26 03:40:00+00:00,3,0.0020145588600432116,4.058447400578604e-06,0.018814701463230967,0.0039114148956292455,low,0.0023103414879332555,0.0028056289644314996,0.0033891580151477483,0.0027278706
2025-03-26 03:45:00+00:00,3,0.0020171015393753346,4.068698620150345e-06,0.018804880047300274,0.0039114148956292455,low,0.0021794205355013365,0.0026796291769780275,0.00363708232092298,0.002773102
2025-03-26 03:50:00+00:00,3,0.002766116757204604,7.651401914488114e-06,0.018765379528273087,0.0039114148956292455,low,0.002149427773896179,0.0028268387819595413,0.003691276532473798,0.002580174
2025-03-26 03:55:00+00:00,3,0.0029853042802443024,8.912041645644953e-06,0.01869350458713655,0.0039114148956292455,low,0.002109666043895844,0.002965849766503911,0.0035270011068797317,0.0025313778
2025-03-26 04:00:00+00:00,3,0.002926175916220285,8.562505492667625e-06,0.0187032212679397,0.0039114148956292455,low,0.002151029618420641,0.0024000413140705837,0.003202965361959166,0.0025085905
2025-03-26 04:05:00+00:00,3,0.0030215401080437663,9.129704624517135e-06,0.01868677103071519,0.0039114148956292455,low,0.002123988361947319,0.0029834970773486218,0.0037479488517436015,0.0032171796
2025-03-26 04:10:00+00:00,3,0.0029959071846841724,8.975459859242243e-06,0.01862666525625185,0.0039114148956292455,low,0.0021283064766156722,0.0024205718736704735,0.0031929203431431317,0.0026662175
2025-03-26 04:15:00+00:00,3,0.0029276212349195483,8.570966095151861e-06,0.018631745290676696,0.0039114148956292455,low,0.002073416917343786,0.002553960566025674,0.0032229485121086,0.0027109978
2025-03-26 04:20:00+00:00,3,0.002771424667556444,7.680794687940346e-06,0.018641096950078463,0.0039114148956292455,low,0.0019367150139333628,0.002395743616014292,0.0028901687010304085,0.0025252318
2025-03-26 04:25:00+00:00,3,0.002734535314947277,7.4776833886938046e-06,0.018631010462085304,0.0039114148956292455,low,0.0019629059056116495,0.0028195321001100344,0.003423430078574206,0.0032098063
2025-03-26 04:30:00+00:00,3,0.002781823648546673,7.738542811613525e-06,0.018530463464725658,0.0039114148956292455,low,0.0019513032600567072,0.0020946653186961497,0.0026856469153182317,0.002448601
2025-03-26 04:35:00+00:00,3,0.0029365546891909826,8.62335344260955e-06,0.018543331317167663,0.0039114148956292455,low,0.002097667857434541,0.0023817301611470582,0.0027187218052821096,0.0024547465
2025-03-26 04:40:00+00:00,3,0.0027279349642011725,7.441629168911253e-06,0.018575155600119266,0.0039114148956292455,low,0.0020145588600432116,0.0026621364531256276,0.003027751689248262,0.0027052385
2025-03-26 04:45:00+00:00,3,0.00358877396882093,1.2879298599286732e-05,0.018575492756204785,0.0039114148956292455,low,0.0020171015393753346,0.0028043322414052435,0.0034455932634863008,0.003402137
2025-03-26 04:50:00+00:00,3,0.003233217067697335,1.0453692606849355e-05,0.018666481178952157,0.0039114148956292455,low,0.002766116757204604,0.002878676071224116,0.0033563166529322437,0.0029541792
2025-03-26 04:55:00+00:00,3,0.0030425701039399353,9.257232837389068e-06,0.018696846951461902,0.0039114148956292455,low,0.0029853042802443024,0.00246448179599626,0.0031273625595880706,0.002792053
2025-03-26 05:00:00+00:00,3,0.0030928715335213157,9.565854322866495e-06,0.01863871826499411,0.0039114148956292455,low,0.002926175916220285,0.0019839189701707565,0.002840281793706708,0.0024885368
2025-03-26 05:05:00+00:00,3,0.0031173219650160663,9.717696233571628e-06,0.018654538617515537,0.0039114148956292455,low,0.0030215401080437663,0.0021382688866145795,0.0026889721247421194,0.0025085618
2025-03-26 05:10:00+00:00,3,0.0033437637666469495,1.1180756127140995e-05,0.018650047018121563,0.0039114148956292455,low,0.0029959071846841724,0.0021634562043170483,0.0027649490595553806,0.0026403838
2025-03-26 05:15:00+00:00,3,0.0033448805877575425,1.1188226146357243e-05,0.018635532306300134,0.0039114148956292455,low,0.0029276212349195483,0.0022214489594479195,0.002914610993008551,0.002819583
2025-03-26 05:20:00+00:00,3,0.003353917725582196,1.1248764109974451e-05,0.01861272858537053,0.0039114148956292455,low,0.002771424667556444,0.0019052789903366047,0.0026542660677398443,0.002275746
2025-03-26 05:25:00+00:00,3,0.0033539358872063966,1.124888593549096e-05,0.018596038217378926,0.0039114148956292455,low,0.002734535314947277,0.002075756908798035,0.0026521951341865455,0.002468422
2025-03-26 05:30:00+00:00,3,0.003339050819404055,1.1149260374562891e-05,0.018597763130663473,0.0039114148956292455,low,0.002781823648546673,0.0020660927238999372,0.002597348457987415,0.0022529017
2025-03-26 05:35:00+00:00,3,0.0031182894648792503,9.72372918677692e-06,0.018611194302862122,0.0039114148956292455,low,0.0029365546891909826,0.0021780983455129926,0.002866291935140849,0.002361273
2025-03-26 05:40:00+00:00,3,0.0031257014885643125,9.77000979561316e-06,0.01857350267666887,0.0039114148956292455,low,0.0027279349642011725,0.0021542152627526544,0.003014819519593724,0.002884318
2025-03-26 05:45:00+00:00,3,0.0026766737355463956,7.164582286563896e-06,0.018696733402975105,0.0039114148956292455,low,0.00358877396882093,0.0031405502056320186,0.0034154319149739608,0.003005028
2025-03-26 05:50:00+00:00,3,0.002473587409086017,6.118634670388875e-06,0.018714535742428488,0.0039114148956292455,low,0.003233217067697335,0.0025660566607011324,0.0035438241661461993,0.0032244164
2025-03-26 05:55:00+00:00,3,0.0027691468979343394,7.668174542339375e-06,0.018716781465534436,0.0039114148956292455,low,0.0030425701039399353,0.002137553357955112,0.003105688995644401,0.0030172095
2025-03-26 06:00:00+00:00,3,0.0027695795614010193,7.670570946930262e-06,0.018702038526362114,0.0039114148956292455,low,0.0030928715335213157,0.002254952570932175,0.0029061909563350046,0.0032116724
2025-03-26 06:05:00+00:00,3,0.002671158761587545,7.135089129605908e-06,0.01872404133163305,0.0039114148956292455,low,0.0031173219650160663,0.002119768679439231,0.0027160111316287903,0.0028493826
2025-03-26 06:10:00+00:00,3,0.0025140122590670867,6.320257638739596e-06,0.018753292845618153,0.0039114148956292455,low,0.0033437637666469495,0.002221799334477437,0.0027658088320690302,0.0032630377
2025-03-26 06:15:00+00:00,3,0.0026394353971247626,6.9666192155951544e-06,0.018744634774033868,0.0039114148956292455,low,0.0033448805877575425,0.0022832561711839815,0.002858915047334884,0.003800688
2025-03-26 06:20:00+00:00,3,0.0026232144726021167,6.881254169269202e-06,0.018740969681991987,0.0039114148956292455,low,0.003353917725582196,0.0021801660492606575,0.0027356598337199456,0.0035321205
2025-03-26 06:25:00+00:00,3,0.002628780783441908,6.910488407393452e-06,0.018734547593690684,0.0039114148956292455,low,0.0033539358872063966,0.0019334619302543135,0.00253767390883134,0.0031494466
2025-03-26 06:30:00+00:00,3,0.0033013123659807455,1.0898663337777388e-05,0.018709136158499062,0.0039114148956292455,low,0.003339050819404055,0.002136649652045885,0.002655866088291751,0.0028626989
2025-03-26 06:35:00+00:00,3,0.0037535627214321694,1.4089233103725274e-05,0.01867775254178584,0.0039114148956292455,low,0.0031182894648792503,0.0022382898493739567,0.0028879826329728207,0.002899611
2025-03-26 06:40:00+00:00,3,0.0038050654256124917,1.4478522893191571e-05,0.018666583376634915,0.0039114148956292455,low,0.0031257014885643125,0.0025715006553241907,0.002966278605775218,0.003233297
2025-03-26 06:45:00+00:00,3,0.003415472712215552,1.1665453847889059e-05,0.018596630205010786,0.0039114148956292455,low,0.0026766737355463956,0.0027540605725249238,0.003078520534474551,0.002987355
2025-03-26 06:50:00+00:00,3,0.0034156302266682434,1.1666529845329756e-05,0.018578099868667295,0.0039114148956292455,low,0.002473587409086017,0.0025214399369271993,0.0029377995553584745,0.00339321
2025-03-26 06:55:00+00:00,3,0.003289797926616566,1.0822770397970657e-05,0.01861871096685098,0.0039114148956292455,low,0.0027691468979343394,0.002511378467925699,0.002966969204269587,0.003164334
2025-03-26 07:00:00+00:00,3,0.003241866307630859,1.050969715655214e-05,0.018626134691620232,0.0039114148956292455,low,0.0027695795614010193,0.002689558197813062,0.0032420232182693645,0.0038031735
2025-03-26 07:05:00+00:00,3,0.003274248215017587,1.0720701373545855e-05,0.018459059825126852,0.0039114148956292455,low,0.002671158761587545,0.0027774072207641396,0.0032621713630559307,0.004302411
2025-03-26 07:10:00+00:00,3,0.003182257560697288,1.0126763182615055e-05,0.018476815523461563,0.0039114148956292455,low,0.0025140122590670867,0.002630584325328444,0.0029745172441962863,0.0037458232
2025-03-26 07:15:00+00:00,3,0.0030846748500229257,9.51521893036396e-06,0.01837871314024663,0.0039114148956292455,low,0.0026394353971247626,0.0024568282206796463,0.002790418044559358,0.00404535
2025-03-26 07:20:00+00:00,3,0.003107200355346311,9.654694048264242e-06,0.01837213951482511,0.0039114148956292455,low,0.0026232144726021167,0.0022546876306514005,0.0027337581024984526,0.0038392525
2025-03-26 07:25:00+00:00,3,0.0031538109355981393,9.946523417498411e-06,0.018346469313010247,0.0039114148956292455,low,0.002628780783441908,0.002263309942324713,0.0027102982004685657,0.0035771318
2025-03-26 07:30:00+00:00,3,0.002420161431830341,5.857181356119086e-06,0.018458482192924192,0.0039114148956292455,low,0.0033013123659807455,0.003149061772490892,0.003605981545057818,0.0027592839
2025-03-26 07:35:00+00:00,3,0.0016038523250614673,2.572342280605075e-06,0.018478451263327072,0.0039114148956292455,low,0.0037535627214321694,0.0039298095956106956,0.0042193198105992535,0.004504304
2025-03-26 07:40:00+00:00,3,0.0014863899908104045,2.209355204781354e-06,0.01847130877029268,0.0039114148956292455,low,0.0038050654256124917,0.002701319059616286,0.00397120652445409,0.004860558
2025-03-26 07:45:00+00:00,3,0.0014761258147623889,2.178947421007926e-06,0.018471405214764886,0.0039114148956292455,low,0.003415472712215552,0.002524579329659809,0.003653881997333082,0.005038583
2025-03-26 07:50:00+00:00,3,0.002029375079119598,4.118363211751674e-06,0.018458013097168147,0.0039114148956292455,low,0.0034156302266682434,0.002822124009228083,0.0041440063319259654,0.004727081
2025-03-26 07:55:00+00:00,3,0.0018224800807797857,3.321433644839094e-06,0.018467603881295872,0.0039114148956292455,low,0.003289797926616566,0.0027473717311346296,0.004175547617599405,0.0038053067
2025-03-26 08:00:00+00:00,3,0.0018632903941131083,3.471851092794183e-06,0.018463502361728158,0.0039114148956292455,low,0.003241866307630859,0.002430785879698918,0.0029368215743114843,0.0031925223
2025-03-26 08:05:00+00:00,3,0.0018177212435289709,3.3041105191765085e-06,0.018434992152063786,0.0039114148956292455,low,0.003274248215017587,0.0029210722122080786,0.0035506729773920093,0.0024950944
2025-03-26 08:10:00+00:00,3,0.0018081280950207428,3.26932720800334e-06,0.01843631685903696,0.0039114148956292455,low,0.003182257560697288,0.0026306961455179203,0.003220878118384081,0.0032822068
2025-03-26 08:15:00+00:00,3,0.0017963565924478692,3.22689700723092e-06,0.018433358385818933,0.0039114148956292455,low,0.0030846748500229257,0.002652412701485629,0.0032358634860787695,0.003692085
2025-03-26 08:20:00+00:00,3,0.0017927069400758221,3.2137981729960173e-06,0.018398370768706415,0.0039114148956292455,low,0.003107200355346311,0.0026109580494442213,0.0032539680179069232,0.00374585
2025-03-26 08:25:00+00:00,3,0.0017432901598130213,3.0390605813009096e-06,0.01822568114453838,0.0039114148956292455,low,0.0031538109355981393,0.0027416160065814976,0.003111683757085722,0.0041327174
2025-03-26 08:30:00+00:00,3,0.0018873816166633554,3.5622093669187807e-06,0.01822653165607182,0.0039114148956292455,low,0.002420161431830341,0.0022841983403112487,0.002718251106543654,0.0036111819
2025-03-26 08:35:00+00:00,3,0.0019016684101270341,3.616342742075082e-06,0.01821560300111856,0.0039114148956292455,low,0.0016038523250614673,0.0025261864765148143,0.0026884583181922745,0.0025660798
2025-03-26 08:40:00+00:00,3,0.002050148170449199,4.203107520796197e-06,0.018209359804597737,0.0039114148956292455,low,0.0014863899908104045,0.002275493254330624,0.0024731489164233444,0.0026776295
2025-03-26 08:45:00+00:00,3,0.002088382509521941,4.361341506077159e-06,0.01820310289412215,0.0039114148956292455,low,0.0014761258147623889,0.0023799893729899383,0.0026421541387142253,0.002651852
2025-03-26 08:50:00+00:00,3,0.001568819497496051,2.461194615723762e-06,0.01825829226814925,0.0039114148956292455,low,0.002029375079119598,0.0032860828482643573,0.0029656978886345425,0.002796438
2025-03-26 08:55:00+00:00,3,0.0016199903108195723,2.6243686071492946e-06,0.018256527286737104,0.0039114148956292455,low,0.0018224800807797857,0.002310615079196231,0.002707374004528432,0.0039216583
2025-03-26 09:00:00+00:00,3,0.0016197217059014184,2.623498404568201e-06,0.018261106299474247,0.0039114148956292455,low,0.0018632903941131083,0.002458785238555135,0.002756942009821866,0.0036220949
2025-03-26 09:05:00+00:00,3,0.0016262830364818862,2.6447965147487436e-06,0.018266584900018232,0.0039114148956292455,low,0.0018177212435289709,0.0025160577940287645,0.0029529081325464592,0.004209681
2025-03-26 09:10:00+00:00,3,0.0016176067494191556,2.616651595766407e-06,0.018229624382931492,0.0039114148956292455,low,0.0018081280950207428,0.0023661464246156694,0.0026291314412191552,0.0036254711
2025-03-26 09:15:00+00:00,3,0.0016612121606189426,2.7596258425882556e-06,0.018227007656856118,0.0039114148956292455,low,0.0017963565924478692,0.00212952393636451,0.002556923998707989,0.0034095084
2025-03-26 09:20:00+00:00,3,0.002420393859121931,5.858306433275153e-06,0.018153570248309624,0.0039114148956292455,low,0.0017927069400758221,0.0023416498068251513,0.002392568112256984,0.0032366195
2025-03-26 09:25:00+00:00,3,0.002427058727586681,5.89061406715468e-06,0.01815127255539473,0.0039114148956292455,low,0.0017432901598130213,0.002422531722129584,0.0025575019776366663,0.0037278924
2025-03-26 09:30:00+00:00,3,0.002305108017015265,5.313522970108046e-06,0.01816708092185973,0.0039114148956292455,low,0.0018873816166633554,0.0023537940689903323,0.0025154764936797963,0.0026733798
2025-03-26 09:35:00+00:00,3,0.002410351008198656,5.809791982724277e-06,0.018161870811181757,0.0039114148956292455,low,0.0019016684101270341,0.0021508377404174345,0.0024572708774925718,0.0031905882
2025-03-26 09:40:00+00:00,3,0.002295283018495998,5.2683241349961e-06,0.017968117921632568,0.0039114148956292455,low,0.002050148170449199,0.0024849837144487155,0.0026423242231870727,0.0026303057
2025-03-26 09:45:00+00:00,3,0.0024761503659270307,6.131320634680569e-06,0.01796074560057735,0.0039114148956292455,low,0.002088382509521941,0.00203296467293029,0.0024035611276802538,0.0029100284
2025-03-26 09:50:00+00:00,3,0.0028422982120101864,8.078659125996302e-06,0.017865021840064634,0.0039114148956292455,low,0.001568819497496051,0.002073961507954667,0.0023712847341259744,0.0024414842
2025-03-26 09:55:00+00:00,3,0.0028403695526649482,8.067699195706078e-06,0.017866684918875483,0.0039114148956292455,low,0.0016199903108195723,0.0020025815892616154,0.002291031631215024,0.0015637976
2025-03-26 10:00:00+00:00,3,0.002817914458785199,7.94064189703068e-06,0.017847520851818715,0.0039114148956292455,low,0.0016197217059014184,0.0020561060119350856,0.0022906680998849294,0.002628014
2025-03-26 10:05:00+00:00,3,0.0028161531401476032,7.930718508763207e-06,0.017849685441356962,0.0039114148956292455,low,0.0016262830364818862,0.0022424249140011203,0.0022928842367506757,0.002362051
2025-03-26 10:10:00+00:00,3,0.002815767194740956,7.928544894979353e-06,0.01783318342062881,0.0039114148956292455,low,0.0016176067494191556,0.001986550327385774,0.0021448192778272496,0.0022409651
2025-03-26 10:15:00+00:00,3,0.002906334454588773,8.44677996192982e-06,0.01783003572956549,0.0039114148956292455,low,0.0016612121606189426,0.0021428722833595417,0.0023266800348665513,0.0021389476
2025-03-26 10:20:00+00:00,3,0.0024227144075395853,5.869545100499883e-06,0.01790113493908585,0.0039114148956292455,low,0.002420393859121931,0.002416259579179124,0.0026037203463104455,0.0020123804
2025-03-26 10:25:00+00:00,3,0.002431343170738847,5.9114296138984305e-06,0.017906108964683008,0.0039114148956292455,low,0.002427058727586681,0.0026298240015268596,0.002806655064968651,0.0018681148
2025-03-26 10:30:00+00:00,3,0.0024742575402341687,6.12195037540564e-06,0.017875880689265527,0.0039114148956292455,low,0.002305108017015265,0.0025422833958007166,0.002619206975090493,0.002307255
2025-03-26 10:35:00+00:00,3,0.0024939584580609755,6.219828790533878e-06,0.017882219623964156,0.0039114148956292455,low,0.002410351008198656,0.0023153763186968277,0.0024623627220826476,0.0020861784
2025-03-26 10:40:00+00:00,3,0.002473607107858148,6.11873212404635e-06,0.01787788619328225,0.0039114148956292455,low,0.002295283018495998,0.0025823374215502184,0.0024898445422472915,0.0018475166
2025-03-26 10:45:00+00:00,3,0.0024491930646153215,5.99854666775979e-06,0.017842090847731296,0.0039114148956292455,low,0.0024761503659270307,0.0023876094143012033,0.0024767094970595703,0.0017041706
2025-03-26 10:50:00+00:00,3,0.002076592528451023,4.312236529218613e-06,0.017900392511412917,0.0039114148956292455,low,0.0028422982120101864,0.0022094777770178798,0.0024428087954343055,0.0016568189
2025-03-26 10:55:00+00:00,3,0.002280330835600281,5.199908719789475e-06,0.017886191289942968,0.0039114148956292455,low,0.0028403695526649482,0.00234206612805647,0.0025012697551886898,0.0017895938
2025-03-26 11:00:00+00:00,3,0.002271241263689087,5.158536877884e-06,0.017887381210050537,0.0039114148956292455,low,0.002817914458785199,0.0024207843456558963,0.002484417655169644,0.0018452381
2025-03-26 11:05:00+00:00,3,0.0021943552869132265,4.815195125204029e-06,0.017893970387902226,0.0039114148956292455,low,0.0028161531401476032,0.002300281164970925,0.0024504997995855302,0.0020522815
2025-03-26 11:10:00+00:00,3,0.002437051285507627,5.939218968194378e-06,0.01784818341829675,0.0039114148956292455,low,0.002815767194740956,0.0020322852787045724,0.002261559957587177,0.0020026853
2025-03-26 11:15:00+00:00,3,0.0025260440844084167,6.380898716374757e-06,0.017831926261128377,0.0039114148956292455,low,0.002906334454588773,0.002345218537570447,0.0024534162761481663,0.0023090711
2025-03-26 11:20:00+00:00,3,0.0028069974272113976,7.879234556371405e-06,0.017771623880397706,0.0039114148956292455,low,0.0024227144075395853,0.002511529201710377,0.002563958185101071,0.0020039442
2025-03-26 11:25:00+00:00,3,0.0031559016104881145,9.959714975081475e-06,0.01777083216384845,0.0039114148956292455,low,0.002431343170738847,0.0022783876447825457,0.0023876315594156235,0.0020907752
2025-03-26 11:30:00+00:00,3,0.0032766060387912767,1.073614713344346e-05,0.017777169563545248,0.0039114148956292455,low,0.0024742575402341687,0.002138014925710836,0.0023764243059152916,0.001954997
2025-03-26 11:35:00+00:00,3,0.0037525710197762923,1.4081789258464883e-05,0.01778852926958898,0.0039114148956292455,low,0.0024939584580609755,0.002890910195730406,0.002654937738531979,0.0026467002
2025-03-26 11:40:00+00:00,3,0.0038169297937056296,1.4568953050077701e-05,0.017778922717329955,0.0039114148956292455,low,0.002473607107858148,0.0027666816854288894,0.0025790917628609293,0.0025745195
2025-03-26 11:45:00+00:00,3,0.0037014119947346973,1.3700450754765893e-05,0.017710007550923945,0.0039114148956292455,low,0.0024491930646153215,0.0028705808055127994,0.0027152443903594365,0.002522796
2025-03-26 11:50:00+00:00,3,0.0037939095385551014,1.4393749586739384e-05,0.017691420851664336,0.0039114148956292455,low,0.002076592528451023,0.002507029157457214,0.002442678342036276,0.0025505116
2025-03-26 11:55:00+00:00,3,0.003662120720092905,1.3411128168533777e-05,0.017720459324617233,0.0039114148956292455,low,0.002280330835600281,0.002311086725732303,0.002396603987831836,0.0025316216
2025-03-26 12:00:00+00:00,3,0.003662044729312256,1.3410571599483676e-05,0.01771689333195474,0.0039114148956292455,low,0.002271241263689087,0.0024948182789773237,0.0024512631338132755,0.0025329764
2025-03-26 12:05:00+00:00,3,0.0037275753781072724,1.3894818199471574e-05,0.01770162793611665,0.0039114148956292455,low,0.0021943552869132265,0.0025847561957184685,0.0024461690400973367,0.0024138573
2025-03-26 12:10:00+00:00,3,0.0035919808736830585,1.2902326596904909e-05,0.017700794678208714,0.0039114148956292455,low,0.002437051285507627,0.0026307419920307664,0.002538500825693536,0.001872741
2025-03-26 12:15:00+00:00,3,0.0034862305187361416,1.2153803229767265e-05,0.01769301707642718,0.0039114148956292455,low,0.0025260440844084167,0.002862756516646849,0.0026542785595568595,0.0021853705
2025-03-26 12:20:00+00:00,3,0.003295906165525827,1.0862997451951159e-05,0.017731897474822837,0.0039114148956292455,low,0.0028069974272113976,0.0028021546196745316,0.002545929444784574,0.0023342764
2025-03-26 12:25:00+00:00,3,0.003146143321804833,9.898217801337149e-06,0.017796777388529538,0.0039114148956292455,low,0.0031559016104881145,0.0035755750498342935,0.003130423458463732,0.0030721314
2025-03-26 12:30:00+00:00,3,0.0029818726502794978,8.891564502484875e-06,0.017824490567911477,0.0039114148956292455,low,0.0032766060387912767,0.0033145851645028676,0.0029729315482860765,0.0030015924
2025-03-26 12:35:00+00:00,3,0.002424645800726265,5.87890725897951e-06,0.01791790854690156,0.0039114148956292455,low,0.0037525710197762923,0.003943307179334049,0.0032600204899069975,0.0033587078
2025-03-26 12:40:00+00:00,3,0.0044329665826137316,1.9651192722570066e-05,0.017910647747479226,0.0039114148956292455,low,0.0038169297937056296,0.0036075466092102375,0.00326319109496975,0.0035468512
2025-03-26 12:45:00+00:00,3,0.004492329117055649,2.0181020895945983e-05,0.017875765320676754,0.0039114148956292455,low,0.0037014119947346973,0.0033098205824068183,0.0031235048200183926,0.003322737
2025-03-26 12:50:00+00:00,3,0.004593801594653899,2.1103013091044705e-05,0.017897139293254104,0.0039114148956292455,low,0.0037939095385551014,0.003877168257710991,0.0033812003539009992,0.003728296
2025-03-26 12:55:00+00:00,3,0.006546716339516773,4.28594948300959e-05,0.01788944775050365,0.0039114148956292455,low,0.003662120720092905,0.0030149316424412124,0.0027513791096212712,0.0024845032
2025-03-26 13:00:00+00:00,3,0.008165499439727152,6.667538110018443e-05,0.017888754087621063,0.0039114148956292455,low,0.003662044729312256,0.0031572012068236013,0.002925097467622014,0.0034950909
2025-03-26 13:05:00+00:00,3,0.008447751573064669,7.136450664021659e-05,0.01781275512215465,0.0039114148956292455,low,0.0037275753781072724,0.002920814063836706,0.002790581285387902,0.0035666418
2025-03-26 13:10:00+00:00,3,0.008468219993028738,7.171074985033165e-05,0.017816340923931796,0.0039114148956292455,low,0.0035919808736830585,0.002627970239972218,0.0025865120197273487,0.0037971719
2025-03-26 13:15:00+00:00,3,0.008577638130087587,7.357587589073246e-05,0.017771734004639616,0.0039114148956292455,low,0.0034862305187361416,0.0030605087473623304,0.0028544119332577357,0.0037952967
2025-03-26 13:20:00+00:00,3,0.008825461856333755,7.788877697760205e-05,0.017496545684825126,0.0039114148956292455,low,0.003295906165525827,0.0033510225047379875,0.0030123364646064384,0.0039655967
2025-03-26 13:25:00+00:00,3,0.009338992787998514,8.721678629428828e-05,0.017510995154847376,0.0039114148956292455,low,0.003146143321804833,0.0036831081375558136,0.003318870435443764,0.0040498027
2025-03-26 13:30:00+00:00,3,0.009637275961414208,9.287708795645214e-05,0.017458290655829833,0.0039114148956292455,low,0.0029818726502794978,0.003122333044268051,0.0029961533384798376,0.004178148
2025-03-26 13:35:00+00:00,3,0.009643511215355676,9.299730856069072e-05,0.017460317467839135,0.0039114148956292455,low,0.002424645800726265,0.004178656931998291,0.003016094004543182,0.003990598
2025-03-26 13:40:00+00:00,3,0.008979373644357,8.062915104497311e-05,0.01765830166826952,0.0039114148956292455,low,0.0044329665826137316,0.004215277495677074,0.0034824765958773526,0.005381261
2025-03-26 13:45:00+00:00,3,0.009119884322895296,8.317229006299138e-05,0.01741560868622357,0.0039114148956292455,low,0.004492329117055649,0.003338177752453142,0.002983460031373064,0.005801747
2025-03-26 13:50:00+00:00,3,0.009012836179825533,8.12312160043721e-05,0.017400070154434493,0.0039114148956292455,low,0.004593801594653899,0.0036063932127273477,0.0037899925068289137,0.006429952
2025-03-26 13:55:00+00:00,3,0.00859144261753431,7.38128862503848e-05,0.017612025137543563,0.0039114148956292455,low,0.006546716339516773,0.004999427914522518,0.005118733396368305,0.004618131
2025-03-26 14:00:00+00:00,3,0.00717282574231435,5.1449429129607406e-05,0.01821203240219862,0.0039114148956292455,low,0.008165499439727152,0.006857830606614127,0.0071689483082172665,0.005591468
2025-03-26 14:05:00+00:00,3,0.0071647030821345775,5.133297025514871e-05,0.018345860539551114,0.0039114148956292455,low,0.008447751573064669,0.0055662513627470385,0.006325731581150438,0.006787938
2025-03-26 14:10:00+00:00,3,0.007145920028362537,5.106417305175284e-05,0.018299428095754165,0.0039114148956292455,low,0.008468219993028738,0.005286984333873637,0.006303871813690054,0.0069252513
2025-03-26 14:15:00+00:00,3,0.007027139104166093,4.938068398930024e-05,0.018149215152288258,0.0039114148956292455,low,0.008577638130087587,0.004675954673781722,0.005846263270380288,0.006939016
2025-03-26 14:20:00+00:00,3,0.006686304429106425,4.47066669186882e-05,0.018280038799035853,0.0039114148956292455,low,0.008825461856333755,0.005420172808243976,0.0062354991174556305,0.006874859
2025-03-26 14:25:00+00:00,3,0.005845010039235828,3.416414235876761e-05,0.01853472197750838,0.0039114148956292455,low,0.009338992787998514,0.006695994308187377,0.00704900127529695,0.0047961124
2025-03-26 14:30:00+00:00,3,0.005551636279624197,3.082066538123959e-05,0.018686792026501593,0.0039114148956292455,low,0.009637275961414208,0.005803105560521575,0.006539539899289833,0.0051272213
2025-03-26 14:35:00+00:00,3,0.005598789744037743,3.134644659794221e-05,0.018697499348158585,0.0039114148956292455,low,0.009643511215355676,0.005821834015319414,0.0068240518517078685,0.005881371
2025-03-26 14:40:00+00:00,3,0.005448475342525485,2.9685883558108196e-05,0.018661847248256577,0.0039114148956292455,low,0.008979373644357,0.005504431905548825,0.00642759629669654,0.0054188627
2025-03-26 14:45:00+00:00,3,0.005195205594087218,2.6990161164835127e-05,0.018583553382873513,0.0039114148956292455,low,0.009119884322895296,0.00482076155582869,0.00593485973778541,0.0051648775
2025-03-26 14:50:00+00:00,3,0.005324179099714001,2.8346883085831388e-05,0.018575006744317682,0.0039114148956292455,low,0.009012836179825533,0.005122354604530223,0.006041364997910854,0.0044660834
2025-03-26 14:55:00+00:00,3,0.004130459995006442,1.706069977034862e-05,0.01891429823154078,0.0039114148956292455,low,0.00859144261753431,0.005192934865581074,0.00643383698799441,0.0057588266
2025-03-26 15:00:00+00:00,3,0.003996407930410452,1.5971276346247555e-05,0.01894988241521055,0.0039114148956292455,low,0.00717282574231435,0.004361451235409169,0.005527642943478087,0.006287142
2025-03-26 15:05:00+00:00,3,0.00354974512450882,1.2600690448974137e-05,0.019082753903608318,0.0039114148956292455,low,0.0071647030821345775,0.00472761973687372,0.005923911032697256,0.0071166665
2025-03-26 15:10:00+00:00,3,0.004006338066096779,1.605074469985608e-05,0.018991635441181917,0.0039114148956292455,low,0.007145920028362537,0.004097755851747689,0.005447812880278543,0.0071599493
2025-03-26 15:15:00+00:00,3,0.00397438487528901,1.5795735136926038e-05,0.018937524682536358,0.0039114148956292455,low,0.007027139104166093,0.003951154240378878,0.0055035335368605305,0.0066210814
2025-03-26 15:20:00+00:00,3,0.004156269714661484,1.727457794101226e-05,0.018895711072236043,0.0039114148956292455,low,0.006686304429106425,0.004232625297125115,0.005499829555068531,0.0057021007
2025-03-26 15:25:00+00:00,3,0.004496779896303999,2.0221029435803806e-05,0.018890243215866038,0.0039114148956292455,low,0.005845010039235828,0.003482108384083334,0.005138920219838531,0.0062652384
2025-03-26 15:30:00+00:00,3,0.004710392991344409,2.218780213290653e-05,0.018951334643608955,0.0039114148956292455,low,0.005551636279624197,0.004764934487963425,0.0059749570559764,0.00558433
2025-03-26 15:35:00+00:00,3,0.004776324306957484,2.281327388523289e-05,0.018899981810943163,0.0039114148956292455,low,0.005598789744037743,0.0034840532862506777,0.004887579041508307,0.0052633914
2025-03-26 15:40:00+00:00,3,0.004771483289731671,2.276705278418857e-05,0.01889761110899145,0.0039114148956292455,low,0.005448475342525485,0.0034701206406886034,0.004942001479242622,0.0050881747
2025-03-26 15:45:00+00:00,3,0.004850419277907255,2.3526567171494342e-05,0.01881837039482579,0.0039114148956292455,low,0.005195205594087218,0.0031084525816444794,0.005074737754645115,0.005669344
2025-03-26 15:50:00+00:00,3,0.004924869209991254,2.425433673551987e-05,0.01878156099752883,0.0039114148956292455,low,0.005324179099714001,0.003936537660871791,0.005173277811951069,0.0067564594
2025-03-26 15:55:00+00:00,3,0.005068030492910261,2.5684933077068217e-05,0.018832745934966484,0.0039114148956292455,low,0.004130459995006442,0.004341862121656707,0.005166296389219411,0.007003684
2025-03-26 16:00:00+00:00,3,0.005263920653030039,2.7708860641396196e-05,0.018842376003205704,0.0039114148956292455,low,0.003996407930410452,0.0043780228530852765,0.004863462173912795,0.0057218745
2025-03-26 16:05:00+00:00,3,0.005415759274859507,2.9330448523226774e-05,0.01888721553753167,0.0039114148956292455,low,0.00354974512450882,0.0038420197272229424,0.005252505324362143,0.004927895
2025-03-26 16:10:00+00:00,3,0.005068267254639982,2.5687332964455906e-05,0.018955454888086136,0.0039114148956292455,low,0.004006338066096779,0.0033684446697208213,0.004686121197422767,0.0044325157
2025-03-26 16:15:00+00:00,3,0.005122237464908921,2.6237316646916576e-05,0.0189575131562169,0.0039114148956292455,low,0.00397438487528901,0.0031884855540533857,0.0047235770881025345,0.0052316086
2025-03-26 16:20:00+00:00,3,0.005515346341112594,3.0419045262424076e-05,0.01895743657757157,0.0039114148956292455,low,0.004156269714661484,0.0032544270345042643,0.005084841310984969,0.005107237
2025-03-26 16:25:00+00:00,3,0.005374687362360067,2.8887264243113013e-05,0.018968599895693043,0.0039114148956292455,low,0.004496779896303999,0.0031028090728221908,0.005047093316569662,0.0047693863
2025-03-26 16:30:00+00:00,3,0.0049602885749792085,2.460446274706927e-05,0.019051900071440198,0.0039114148956292455,low,0.004710392991344409,0.0032369608424183474,0.004798974471701053,0.004858936
2025-03-26 16:35:00+00:00,3,0.004765827348892096,2.2713110319447866e-05,0.019084301029555897,0.0039114148956292455,low,0.004776324306957484,0.003661448936859294,0.0052265972552504,0.0059739095
2025-03-26 16:40:00+00:00,3,0.005012349893042487,2.512365145028303e-05,0.019061423817432567,0.0039114148956292455,low,0.004771483289731671,0.0031724579480371835,0.005017820015894978,0.00577542
2025-03-26 16:45:00+00:00,3,0.00490384227954441,2.404766910264731e-05,0.019039437422506317,0.0039114148956292455,low,0.004850419277907255,0.003332405157082217,0.005481264303897002,0.0054158666
2025-03-26 16:50:00+00:00,3,0.004839347677265145,2.3419285941451554e-05,0.019096462532848527,0.0039114148956292455,low,0.004924869209991254,0.0032156592601522284,0.005435057238503286,0.0048717214
2025-03-26 16:55:00+00:00,3,0.004346133570719052,1.8888877014531137e-05,0.0192059603768004,0.0039114148956292455,low,0.005068030492910261,0.003504001625686077,0.005444859044910921,0.005559278
2025-03-26 17:00:00+00:00,3,0.004062707887903723,1.6505595382435135e-05,0.019265652229232797,0.0039114148956292455,low,0.005263920653030039,0.004768738223935134,0.006239239801494858,0.0043388065
2025-03-26 17:05:00+00:00,3,0.0037389881471967083,1.3980032364877473e-05,0.019181187917249546,0.0039114148956292455,low,0.005415759274859507,0.0035587550322642107,0.004962480964902252,0.004388377
2025-03-26 17:10:00+00:00,3,0.003738464164381637,1.3976114308365692e-05,0.019036255606652105,0.0039114148956292455,low,0.005068267254639982,0.003339191474477123,0.005364404798389636,0.004606262
2025-03-26 17:15:00+00:00,3,0.003646023665267417,1.329348856769005e-05,0.019056035466479864,0.0039114148956292455,low,0.005122237464908921,0.0029977885257183984,0.005064394121160326,0.004846686
2025-03-26 17:20:00+00:00,3,0.0027145124125915712,7.368577638113714e-06,0.019147059493246642,0.0039114148956292455,low,0.005515346341112594,0.0038697662678594384,0.006212587694656179,0.0040346356
2025-03-26 17:25:00+00:00,3,0.0024179931990119616,5.8466911104681005e-06,0.019185667819655004,0.0039114148956292455,low,0.005374687362360067,0.0036343111344609457,0.006004749024037593,0.0050057797
2025-03-26 17:30:00+00:00,3,0.0024178687418696266,5.846089252910211e-06,0.01914351747950014,0.0039114148956292455,low,0.0049602885749792085,0.0032566852606264046,0.005229705139503381,0.005082825
2025-03-26 17:35:00+00:00,3,0.0024647375707374415,6.074931292604704e-06,0.019105463592596943,0.0039114148956292455,low,0.004765827348892096,0.003425925446380314,0.005532219178857887,0.004818136
2025-03-26 17:40:00+00:00,3,0.001863235302075424,3.4716457909000964e-06,0.01916872098260597,0.0039114148956292455,low,0.005012349893042487,0.0029898817300096914,0.004794736697655564,0.0037130276
2025-03-26 17:45:00+00:00,3,0.002029884481196531,4.12043100700251e-06,0.01916641238698045,0.0039114148956292455,low,0.00490384227954441,0.0032575281341205155,0.005505870240440549,0.0045020836
2025-03-26 17:50:00+00:00,3,0.001959252018521142,3.83866847207917e-06,0.019149568907780457,0.0039114148956292455,low,0.004839347677265145,0.002824999116846628,0.004934424199884811,0.00412668
2025-03-26 17:55:00+00:00,3,0.001966040710058009,3.865316073605401e-06,0.019146502549642612,0.0039114148956292455,low,0.004346133570719052,0.002961987892668797,0.0045943471171579426,0.0043321475
2025-03-26 18:00:00+00:00,3,0.002826890520168375,7.991310013017826e-06,0.019146145128856828,0.0039114148956292455,low,0.004062707887903723,0.0027896793985977644,0.004250874836236312,0.0038767236
2025-03-26 18:05:00+00:00,3,0.002683655027383754,7.202004306002099e-06,0.019156090598811067,0.0039114148956292455,low,0.0037389881471967083,0.0028341492264563266,0.0040303199672313385,0.004016402
2025-03-26 18:10:00+00:00,3,0.0036065421709263264,1.300714643066998e-05,0.019156045623206736,0.0039114148956292455,low,0.003738464164381637,0.0026707065314053044,0.003936146217077105,0.0038843935
2025-03-26 18:15:00+00:00,3,0.0037007069149695726,1.369523167050361e-05,0.01914467401532192,0.0039114148956292455,low,0.003646023665267417,0.0026725319330663314,0.0036549002921290306,0.003920338
2025-03-26 18:20:00+00:00,3,0.004569566325389767,2.088093640213614e-05,0.019146508619858615,0.0039114148956292455,low,0.0027145124125915712,0.0031158454235552494,0.004107437651054115,0.004822473
2025-03-26 18:25:00+00:00,3,0.004580496307908838,2.0980946426766495e-05,0.0190861448133757,0.0039114148956292455,low,0.0024179931990119616,0.0022588649676951746,0.003615705541091749,0.00355643
2025-03-26 18:30:00+00:00,3,0.004636156641592585,2.149394840538304e-05,0.019083210381683383,0.0039114148956292455,low,0.0024178687418696266,0.0024123600259510973,0.003793231600131499,0.003818694
2025-03-26 18:35:00+00:00,3,0.005218292558069642,2.7230577221605005e-05,0.01909451888986693,0.0039114148956292455,low,0.0024647375707374415,0.002502113996017267,0.0034482585051996877,0.003811212
2025-03-26 18:40:00+00:00,3,0.005220719572243822,2.7255912852009714e-05,0.019031732753554405,0.0039114148956292455,low,0.001863235302075424,0.002336550439242703,0.003586170266878835,0.0032198194
2025-03-26 18:45:00+00:00,3,0.0054766330079885775,2.999350910419001e-05,0.01903436346561456,0.0039114148956292455,low,0.002029884481196531,0.0027088318617897104,0.003733585451197911,0.0033292808
2025-03-26 18:50:00+00:00,3,0.005874411494590225,3.450871040777376e-05,0.019060182863144128,0.0039114148956292455,low,0.001959252018521142,0.0035992831589101884,0.003667036562869409,0.0032789062
2025-03-26 18:55:00+00:00,3,0.005899413476402183,3.48030793655557e-05,0.019029187806503166,0.0039114148956292455,low,0.001966040710058009,0.0035409561729143123,0.004323464234016316,0.0033616866
2025-03-26 19:00:00+00:00,3,0.005620482749714468,3.1589826339837904e-05,0.01912724991000148,0.0039114148956292455,low,0.002826890520168375,0.004148325300421002,0.004405003746614814,0.0035227619
2025-03-26 19:05:00+00:00,3,0.0057659810731988375,3.324653773648722e-05,0.01908859978754248,0.0039114148956292455,low,0.002683655027383754,0.0033423228653450005,0.004326101794172936,0.0037549383
2025-03-26 19:10:00+00:00,3,0.005864876285347391,3.439677384243021e-05,0.019184218229390395,0.0039114148956292455,low,0.0036065421709263264,0.004795159434927287,0.004816052023554399,0.003946879
2025-03-26 19:15:00+00:00,3,0.00579477405377387,3.3579406334290845e-05,0.019204029205230663,0.0039114148956292455,low,0.0037007069149695726,0.004626107798658273,0.004763497330668506,0.0037835261
2025-03-26 19:20:00+00:00,3,0.0052263237926525015,2.7314460385645632e-05,0.019396305373580593,0.0039114148956292455,low,0.004569566325389767,0.004112914827827771,0.005830098395471581,0.0046288436
2025-03-26 19:25:00+00:00,3,0.00552101570216074,3.048161438350545e-05,0.019399250079313028,0.0039114148956292455,low,0.004580496307908838,0.004227170232926857,0.005514281355008196,0.005101522
2025-03-26 19:30:00+00:00,3,0.005497774799534894,3.0225527746400952e-05,0.019368894380418524,0.0039114148956292455,low,0.004636156641592585,0.003967958314518611,0.005120337800660687,0.0054546725
2025-03-26 19:35:00+00:00,3,0.005231272810678301,2.736621521974205e-05,0.019524438466396444,0.0039114148956292455,low,0.005218292558069642,0.0036141562146030978,0.005046009546017141,0.0052388078
2025-03-26 19:40:00+00:00,3,0.005228644313732745,2.733872135952977e-05,0.019504589651996328,0.0039114148956292455,low,0.005220719572243822,0.0035186670973037745,0.005385145491558029,0.005318674
2025-03-26 19:45:00+00:00,3,0.0049814421527376,2.481476592107102e-05,0.019573617869211232,0.0039114148956292455,low,0.0054766330079885775,0.003415118316704045,0.005278681510029601,0.0051622353
2025-03-26 19:50:00+00:00,3,0.0043636217832974476,1.9041195067667998e-05,0.019591841908497824,0.0039114148956292455,low,0.005874411494590225,0.004576391029502855,0.006591563381298223,0.005351899
2025-03-26 19:55:00+00:00,3,0.004454848312859884,1.984567349059055e-05,0.019597115962009644,0.0039114148956292455,low,0.005899413476402183,0.003857980015864295,0.0062906345067206175,0.0060969624
2025-03-26 20:00:00+00:00,3,0.004479503843428666,2.0065954683292186e-05,0.019596424605830092,0.0039114148956292455,low,0.005620482749714468,0.0037295072293643755,0.0056363541438210945,0.005932442
2025-03-26 20:05:00+00:00,3,0.00435425095145318,1.895950134823092e-05,0.019638649349706924,0.0039114148956292455,low,0.0057659810731988375,0.003792576730010491,0.005724654168869923,0.0059108296
2025-03-26 20:10:00+00:00,3,0.0035317397647120583,1.2473185765648385e-05,0.019404057105369115,0.0039114148956292455,low,0.005864876285347391,0.004527107802512152,0.006172187535206132,0.0052356687
2025-03-26 20:15:00+00:00,3,0.0035675729429251323,1.2727576703091488e-05,0.019392794069700243,0.0039114148956292455,low,0.00579477405377387,0.003983722337896896,0.00604032889833148,0.0056178644
2025-03-26 20:20:00+00:00,3,0.0036799106496550596,1.3541742389444723e-05,0.019398900727259253,0.0039114148956292455,low,0.0052263237926525015,0.0033426455613498256,0.004769739453381369,0.005316275
2025-03-26 20:25:00+00:00,3,0.0032037373679483392,1.0263933122788551e-05,0.019483036196495145,0.0039114148956292455,low,0.00552101570216074,0.004170056824142584,0.0057663231902784695,0.0054425546
2025-03-26 20:30:00+00:00,3,0.0031755379905916716,1.008404152969099e-05,0.019421981847769488,0.0039114148956292455,low,0.005497774799534894,0.004139497778666442,0.005640890780353373,0.010057854
2025-03-26 20:35:00+00:00,3,0.002694259106113588,7.259032130875989e-06,0.019510834217117225,0.0039114148956292455,low,0.005231272810678301,0.004244536873661897,0.00577470435031487,0.008496324
2025-03-26 20:40:00+00:00,3,0.0027091718250898886,7.339611977860878e-06,0.01945941349893761,0.0039114148956292455,low,0.005228644313732745,0.003956385158985982,0.005028601155939497,0.0059803794
2025-03-26 20:45:00+00:00,3,0.002880860618796507,8.299357904932592e-06,0.019478145649367267,0.0039114148956292455,low,0.0049814421527376,0.003994814869070264,0.004509828803685276,0.0072279796
2025-03-26 20:50:00+00:00,3,0.0030376387380552736,9.227249102934035e-06,0.01947822129155316,0.0039114148956292455,low,0.0043636217832974476,0.003836615164943876,0.004147063271097973,0.00695897
2025-03-26 20:55:00+00:00,3,0.0028517029163920935,8.132209523359172e-06,0.01942023755416603,0.0039114148956292455,low,0.004454848312859884,0.003535484505363482,0.004009676664131064,0.0064698295
2025-03-26 21:00:00+00:00,3,0.0028038885373516983,7.861790929892247e-06,0.019448951970058838,0.0039114148956292455,low,0.004479503843428666,0.0037740361498113145,0.004767610962315659,0.004754411
2025-03-26 21:05:00+00:00,3,0.002712365282296776,7.356925424608867e-06,0.019391414678870015,0.0039114148956292455,low,0.00435425095145318,0.0035061498093219025,0.00433459676890773,0.0070379823
2025-03-26 21:10:00+00:00,3,0.0028359450014234996,8.042584051098932e-06,0.019342128409593064,0.0039114148956292455,low,0.0035317397647120583,0.0033725924123017355,0.00432339854870641,0.0061293594
2025-03-26 21:15:00+00:00,3,0.0028589440015604813,8.173560804058658e-06,0.01934909650012133,0.0039114148956292455,low,0.0035675729429251323,0.0029428377899949963,0.003983932390818463,0.005894924
2025-03-26 21:20:00+00:00,3,0.0026439336511302276,6.990385151578817e-06,0.01938875720298969,0.0039114148956292455,low,0.0036799106496550596,0.0036151864695176004,0.004504192816463753,0.005982924
2025-03-26 21:25:00+00:00,3,0.0026429066696715985,6.98495566459462e-06,0.01935497159072979,0.0039114148956292455,low,0.0032037373679483392,0.0036402528839146807,0.0046486038746299,0.006497363
2025-03-26 21:30:00+00:00,3,0.002688683163069282,7.229017151372239e-06,0.019292741932230444,0.0039114148956292455,low,0.0031755379905916716,0.0033886122012968555,0.0044557207605501175,0.0065664584
2025-03-26 21:35:00+00:00,3,0.0031544432542443238,9.950512244247519e-06,0.019287116003614747,0.0039114148956292455,low,0.002694259106113588,0.003176551612448056,0.004246532199028469,0.005577368
2025-03-26 21:40:00+00:00,3,0.0031637728520676135,1.0009458659480042e-05,0.019287196207690455,0.0039114148956292455,low,0.0027091718250898886,0.003887248752512512,0.005006536945839526,0.0062852087
2025-03-26 21:45:00+00:00,3,0.0028758714597462414,8.270636652982976e-06,0.019336509870238973,0.0039114148956292455,low,0.002880860618796507,0.0033179094175959,0.004587180348603345,0.00578478
2025-03-26 21:50:00+00:00,3,0.002945934159047765,8.678528069444462e-06,0.019356422753572015,0.0039114148956292455,low,0.0030376387380552736,0.0030049868221938406,0.003954890524089434,0.005191287
2025-03-26 21:55:00+00:00,3,0.0032290766089773104,1.0426935746644407e-05,0.019357144102606045,0.0039114148956292455,low,0.0028517029163920935,0.0028840932091673847,0.003868546521280921,0.0063426285
2025-03-26 22:00:00+00:00,3,0.003125221049386732,9.767006607529909e-06,0.0193429746080598,0.0039114148956292455,low,0.0028038885373516983,0.0026479132390828403,0.00369212021731658,0.005584652
2025-03-26 22:05:00+00:00,3,0.0031324768191142507,9.812411022288133e-06,0.019312710481789636,0.0039114148956292455,low,0.002712365282296776,0.003240340194549127,0.004086875033387296,0.006196659
2025-03-26 22:10:00+00:00,3,0.003298870591546932,1.0882547179773204e-05,0.019276515537441804,0.0039114148956292455,low,0.0028359450014234996,0.002640077670996598,0.00346696867890767,0.0051079774
2025-03-26 22:15:00+00:00,3,0.0032394738363582475,1.0494190736449621e-05,0.019268148123780974,0.0039114148956292455,low,0.0028589440015604813,0.0027817397529099155,0.004086168030929758,0.0055811885
2025-03-26 22:20:00+00:00,3,0.0034366071584158824,1.1810268761275286e-05,0.019232823664896925,0.0039114148956292455,low,0.0026439336511302276,0.0026594903850472567,0.003915580363930181,0.0055645984
2025-03-26 22:25:00+00:00,3,0.0034637005959000213,1.1997221818038162e-05,0.019218943795248054,0.0039114148956292455,low,0.0026429066696715985,0.0028862434228938347,0.004236747732174626,0.005466194
2025-03-26 22:30:00+00:00,3,0.003530486663898241,1.246433608396333e-05,0.01914880735280639,0.0039114148956292455,low,0.002688683163069282,0.0031758657265887158,0.004396808256956411,0.0058328924
2025-03-26 22:35:00+00:00,3,0.003762259640543379,1.4154597602861596e-05,0.01922829837854336,0.0039114148956292455,low,0.0031544432542443238,0.002893848261643209,0.003887834091960136,0.0046278634
2025-03-26 22:40:00+00:00,3,0.0037547239140416524,1.4097951670676265e-05,0.01915712866529103,0.0039114148956292455,low,0.0031637728520676135,0.0026022192108685637,0.003917865371973234,0.0053030187
2025-03-26 22:45:00+00:00,3,0.0037317286398672288,1.3925798641605317e-05,0.0191611794051198,0.0039114148956292455,low,0.0028758714597462414,0.002404441672570806,0.0037355466585899492,0.004229109
2025-03-26 22:50:00+00:00,3,0.0035562103220765887,1.2646631854844075e-05,0.01917903098429325,0.0039114148956292455,low,0.002945934159047765,0.002394252563810975,0.0034068406342656924,0.003619833
2025-03-26 22:55:00+00:00,3,0.0033790828613603605,1.1418200983939321e-05,0.019167081149538797,0.0039114148956292455,low,0.0032290766089773104,0.0025919781898192324,0.0037448282282441813,0.005303044
2025-03-26 23:00:00+00:00,3,0.0033659479403489964,1.1329605537139651e-05,0.019052370947670882,0.0039114148956292455,low,0.003125221049386732,0.002515936423596609,0.00395896630536693,0.0041875984
2025-03-26 23:05:00+00:00,3,0.003358855988739584,1.1281913553091769e-05,0.01886351592231155,0.0039114148956292455,low,0.0031324768191142507,0.002460456247639217,0.0038015406198610067,0.0041512516
2025-03-26 23:10:00+00:00,3,0.0030082127460430226,9.049343925455702e-06,0.018916427357206063,0.0039114148956292455,low,0.003298870591546932,0.003331532588437997,0.004280669447331362,0.0038704732
2025-03-26 23:15:00+00:00,3,0.0030213928427215374,9.128814710048932e-06,0.01891591502265619,0.0039114148956292455,low,0.0032394738363582475,0.002783572158708274,0.003959940248223095,0.0034955642
2025-03-26 23:20:00+00:00,3,0.0028234863062186273,7.972074921404109e-06,0.018967009552939094,0.0039114148956292455,low,0.0034366071584158824,0.0031894467863199175,0.004111375599127328,0.004228038
2025-03-26 23:25:00+00:00,3,0.002791694115716795,7.79355603572778e-06,0.018957069371881668,0.0039114148956292455,low,0.0034637005959000213,0.002828135716022129,0.003563446680942722,0.0035751334
2025-03-26 23:30:00+00:00,3,0.004565759298401247,2.0846157970937448e-05,0.01897091979765776,0.0039114148956292455,low,0.003530486663898241,0.0033176440038920714,0.003840823688073736,0.002227071
2025-03-26 23:35:00+00:00,3,0.0039898973703080265,1.5919281025590905e-05,0.019103800242118815,0.0039114148956292455,low,0.003762259640543379,0.003214564022170193,0.003896425292726243,0.0044303434
2025-03-26 23:40:00+00:00,3,0.004017105199428948,1.6137134183279086e-05,0.019103609165667813,0.0039114148956292455,low,0.0037547239140416524,0.0030087923184825994,0.003607028707030875,0.0037927295
2025-03-26 23:45:00+00:00,3,0.0040527932131266455,1.64251328283654e-05,0.01910382576814797,0.0039114148956292455,low,0.0037317286398672288,0.002738694159799223,0.0033307924935962606,0.00378469
2025-03-26 23:50:00+00:00,3,0.0041258155836997245,1.7022354230699502e-05,0.019098389429617165,0.0039114148956292455,low,0.0035562103220765887,0.0025310173089348235,0.003223395415132557,0.0030012275
2025-03-26 23:55:00+00:00,3,0.004064551330279987,1.652057751648081e-05,0.019075950668857474,0.0039114148956292455,low,0.0033790828613603605,0.0027415782863908036,0.0033253268891555725,0.003184891
2025-03-27 00:00:00+00:00,3,0.004176882332308147,1.7446346017947942e-05,0.019063786171876068,0.0039114148956292455,low,0.0033659479403489964,0.002401090867762013,0.0032512066827354584,0.0032866767
2025-03-27 00:05:00+00:00,3,0.004239302791840883,1.7971688160909907e-05,0.019037823817850314,0.0039114148956292455,low,0.003358855988739584,0.003453360107742581,0.0035825783434261225,0.0041538295
2025-03-27 00:10:00+00:00,3,0.004239187560071311,1.7970711169463355e-05,0.01903667303596808,0.0039114148956292455,low,0.0030082127460430226,0.002565898221532569,0.0028962975438192574,0.0036070964
2025-03-27 00:15:00+00:00,3,0.004289054797889225,1.839599105929658e-05,0.01903919092231385,0.0039114148956292455,low,0.0030213928427215374,0.0023331625752674528,0.0027830996453356866,0.0032047287
2025-03-27 00:20:00+00:00,3,0.004214622234365264,1.7763040578406045e-05,0.019002016575015764,0.0039114148956292455,low,0.0028234863062186273,0.00266790695960987,0.0028850537504594405,0.0033104017
2025-03-27 00:25:00+00:00,3,0.00422915060926993,1.7885714875888218e-05,0.018959950510788966,0.0039114148956292455,low,0.002791694115716795,0.0027459297885806667,0.003068717779140108,0.0034726742
2025-03-27 00:30:00+00:00,3,0.002657995529994605,7.0649402374713e-06,0.0193104591058416,0.0039114148956292455,low,0.004565759298401247,0.0031657690023616327,0.0038973207084552737,0.0043791607
2025-03-27 00:35:00+00:00,3,0.003065709373551852,9.39857396308369e-06,0.019309038142854455,0.0039114148956292455,low,0.0039898973703080265,0.003131517152780127,0.003639986391559556,0.0052644406
2025-03-27 00:40:00+00:00,3,0.003016875208491035,9.101536023607824e-06,0.019301187884124896,0.0039114148956292455,low,0.004017105199428948,0.0033526421750913167,0.003668266265945034,0.004755665
2025-03-27 00:45:00+00:00,3,0.0031394623704271737,9.856223975328208e-06,0.01926773618586298,0.0039114148956292455,low,0.0040527932131266455,0.0028013192992879456,0.003357017454132706,0.005036186
2025-03-27 00:50:00+00:00,3,0.003637751937594728,1.3233239159474197e-05,0.019267039998178626,0.0039114148956292455,low,0.0041258155836997245,0.003070349689886296,0.00358331739881165,0.004291418
2025-03-27 00:55:00+00:00,3,0.0036827422137189307,1.3562590212707409e-05,0.019264432646636173,0.0039114148956292455,low,0.004064551330279987,0.0028948415800993553,0.003473917935036545,0.004247147
2025-03-27 01:00:00+00:00,3,0.0035624557211496187,1.269109076515165e-05,0.019279564400353867,0.0039114148956292455,low,0.004176882332308147,0.003180581128641318,0.0036701822023356857,0.0032299932
2025-03-27 01:05:00+00:00,3,0.003544027498610136,1.256013091090482e-05,0.019291285882271327,0.0039114148956292455,low,0.004239302791840883,0.003466293011911618,0.0037842287783587058,0.0041728243
2025-03-27 01:10:00+00:00,3,0.003630275103242954,1.3178897325225642e-05,0.019288247648334988,0.0039114148956292455,low,0.004239187560071311,0.00291088447908215,0.0033861766640129473,0.0028694775
2025-03-27 01:15:00+00:00,3,0.0035613183798765273,1.2682988602846373e-05,0.01924987286190291,0.0039114148956292455,low,0.004289054797889225,0.0032395379151896058,0.003662347768763633,0.0026030343
2025-03-27 01:20:00+00:00,3,0.003637233201876748,1.3229465364834582e-05,0.019257582529432094,0.0039114148956292455,low,0.004214622234365264,0.002671668730112624,0.0033532669710187057,0.0026416292
2025-03-27 01:25:00+00:00,3,0.003729385426980889,1.390831566297743e-05,0.01923128143517225,0.0039114148956292455,low,0.00422915060926993,0.0025522464549253936,0.003448807338566236,0.0037130434
2025-03-27 01:30:00+00:00,3,0.0033976979862625854,1.1544351605852828e-05,0.01930349057883109,0.0039114148956292455,low,0.002657995529994605,0.003028888948656813,0.003440216459414547,0.0038003763
2025-03-27 01:35:00+00:00,3,0.0030189624963657597,9.11413455446298e-06,0.019355673151556806,0.0039114148956292455,low,0.003065709373551852,0.0027320136518141115,0.0032580714497640003,0.0026281956
2025-03-27 01:40:00+00:00,3,0.0030433866614352208,9.262202371001818e-06,0.019347003204547256,0.0039114148956292455,low,0.003016875208491035,0.002558544258200285,0.0031681736315712565,0.0022051104
2025-03-27 01:45:00+00:00,3,0.003297042393697708,1.0870488545839914e-05,0.01936035906815157,0.0039114148956292455,low,0.0031394623704271737,0.002558966164796234,0.0033877229053708383,0.0035387122
2025-03-27 01:50:00+00:00,3,0.002776193432231587,7.7072499731658e-06,0.01946247192528696,0.0039114148956292455,low,0.003637751937594728,0.0031592313593198484,0.00371023382703839,0.0030269797
2025-03-27 01:55:00+00:00,3,0.00324102583269952,1.0504248448225615e-05,0.01947240177750421,0.0039114148956292455,low,0.0036827422137189307,0.0032528944104915918,0.00372375697451483,0.0036390987
2025-03-27 02:00:00+00:00,3,0.0032398941478685686,1.0496914089392999e-05,0.01947579172376598,0.0039114148956292455,low,0.0035624557211496187,0.002522545572795188,0.003315741520732707,0.0029726012
2025-03-27 02:05:00+00:00,3,0.0032043188786349927,1.0267659475976618e-05,0.01937317865632998,0.0039114148956292455,low,0.003544027498610136,0.003009451394871438,0.003427699615890684,0.0032721153
2025-03-27 02:10:00+00:00,3,0.0031457167088205394,9.895533612152726e-06,0.019389247851719627,0.0039114148956292455,low,0.003630275103242954,0.002848553054261834,0.003377219614791797,0.0033915488
2025-03-27 02:15:00+00:00,3,0.0033005292812189114,1.0893493536183424e-05,0.01935091501045519,0.0039114148956292455,low,0.0035613183798765273,0.00329901409234158,0.003542798040767639,0.0031079564
2025-03-27 02:20:00+00:00,3,0.00333419828571039,1.1116878208434102e-05,0.019369692486275267,0.0039114148956292455,low,0.003637233201876748,0.0033102519169698414,0.0035241413969031095,0.0032418033
2025-03-27 02:25:00+00:00,3,0.003215541980781554,1.0339710230168562e-05,0.019389313051437537,0.0039114148956292455,low,0.003729385426980889,0.002868769478537131,0.003179191374009409,0.0033106243
2025-03-27 02:30:00+00:00,3,0.003169358525567,1.0044833463584228e-05,0.019401595748748352,0.0039114148956292455,low,0.0033976979862625854,0.002596027920161851,0.0031162796226434667,0.0032177458
2025-03-27 02:35:00+00:00,3,0.0032108494644143433,1.0309554283129875e-05,0.0193800149442403,0.0039114148956292455,low,0.0030189624963657597,0.002469340516012107,0.002900701385699517,0.002940426
2025-03-27 02:40:00+00:00,3,0.0031939393346439434,1.0201248473385795e-05,0.019373328715848556,0.0039114148956292455,low,0.0030433866614352208,0.0024842030194010024,0.0029913826064451843,0.0033643453
2025-03-27 02:45:00+00:00,3,0.002752416146167463,7.575794641683347e-06,0.019426594328084745,0.0039114148956292455,low,0.003297042393697708,0.002866835692652156,0.003217093416145946,0.0033976673
2025-03-27 02:50:00+00:00,3,0.002608332163418677,6.8033966747243575e-06,0.01944564380672393,0.0039114148956292455,low,0.002776193432231587,0.0032364496546457102,0.0032321785236993014,0.0030105612
2025-03-27 02:55:00+00:00,3,0.0019052558856396946,3.629999989764697e-06,0.01952232493530578,0.0039114148956292455,low,0.00324102583269952,0.002890109756599506,0.003285786748971051,0.0032386358
2025-03-27 03:00:00+00:00,3,0.0018915632646365065,3.578011584122318e-06,0.019521553314046737,0.0039114148956292455,low,0.0032398941478685686,0.0026081295722022303,0.0031187623544800427,0.0024639864
2025-03-27 03:05:00+00:00,3,0.0025098068373589025,6.299130360853497e-06,0.01952105470924233,0.0039114148956292455,low,0.0032043188786349927,0.0027818289397910484,0.00323064301173052,0.003033858
2025-03-27 03:10:00+00:00,3,0.0024992382622411927,6.2461918914503775e-06,0.019523699257739727,0.0039114148956292455,low,0.0031457167088205394,0.0027011234703246284,0.003370139211028235,0.0029876058
2025-03-27 03:15:00+00:00,3,0.0022899933361209502,5.2440694794783596e-06,0.019533623505300225,0.0039114148956292455,low,0.0033005292812189114,0.0025290785701142823,0.003221067596999093,0.00341187
2025-03-27 03:20:00+00:00,3,0.002061608224205462,4.250228470111598e-06,0.01952375862063277,0.0039114148956292455,low,0.00333419828571039,0.002517086757554727,0.003226928335426856,0.002082196
2025-03-27 03:25:00+00:00,3,0.0020866959313301514,4.354299909829808e-06,0.01952197478343383,0.0039114148956292455,low,0.003215541980781554,0.00265221360429604,0.0032721964901948645,0.0026618731
2025-03-27 03:30:00+00:00,3,0.0020213529996191667,4.085867949069402e-06,0.019529718080565618,0.0039114148956292455,low,0.003169358525567,0.002738382757205231,0.003399892683212498,0.003229779
2025-03-27 03:35:00+00:00,3,0.0019741457613021707,3.897251486867327e-06,0.019536199154086303,0.0039114148956292455,low,0.0032108494644143433,0.0025547049036868234,0.0031473874922411447,0.0031666525
2025-03-27 03:40:00+00:00,3,0.0022939807103464806,5.262347499441743e-06,0.019498447020592242,0.0039114148956292455,low,0.0031939393346439434,0.002527320543593038,0.0030479902077275457,0.0029513533
2025-03-27 03:45:00+00:00,3,0.002315353102201378,5.3608599878735455e-06,0.019499191982210257,0.0039114148956292455,low,0.002752416146167463,0.0026211512945958845,0.0030976393089828143,0.0021215412
2025-03-27 03:50:00+00:00,3,0.002311064965872698,5.341021276484174e-06,0.01950170300198187,0.0039114148956292455,low,0.002608332163418677,0.0024636777874311832,0.003031936657174873,0.0028457858
2025-03-27 03:55:00+00:00,3,0.0023160937625166644,5.364290316768599e-06,0.019501294317369283,0.0039114148956292455,low,0.0019052558856396946,0.002252192116251691,0.002900289882673233,0.0023305805
2025-03-27 04:00:00+00:00,3,0.002291604102494941,5.251449362571643e-06,0.019494669193345356,0.0039114148956292455,low,0.0018915632646365065,0.002587473036596132,0.00297012019301054,0.002529042
2025-03-27 04:05:00+00:00,3,0.0017911927768993175,3.208371564016288e-06,0.01956679280721289,0.0039114148956292455,low,0.0025098068373589025,0.0029282527047276162,0.0035015829091380006,0.0028634088
2025-03-27 04:10:00+00:00,3,0.0017684883027337304,3.1275508769060305e-06,0.019567609361894795,0.0039114148956292455,low,0.0024992382622411927,0.00278063335044567,0.0034764925940926135,0.0025671397
2025-03-27 04:15:00+00:00,3,0.0017662220589178973,3.119540361408176e-06,0.019557797908076678,0.0039114148956292455,low,0.0022899933361209502,0.0025440691106704,0.003447068293391749,0.002830002
2025-03-27 04:20:00+00:00,3,0.002043580525148376,4.176221362765712e-06,0.019536543043784618,0.0039114148956292455,low,0.002061608224205462,0.002510440801452555,0.003201613932389994,0.0028686526
2025-03-27 04:25:00+00:00,3,0.002020009183967567,4.080437103313315e-06,0.019534809949435676,0.0039114148956292455,low,0.0020866959313301514,0.0024240193955833707,0.00303452624992247,0.0024017468
2025-03-27 04:30:00+00:00,3,0.002056305065713558,4.228390523279239e-06,0.019536841398822204,0.0039114148956292455,low,0.0020213529996191667,0.0024600180629362053,0.0032129650603108374,0.0024551703
2025-03-27 04:35:00+00:00,3,0.0021825931815342985,4.763712996080011e-06,0.019523322423063028,0.0039114148956292455,low,0.0019741457613021707,0.0024770099034466353,0.002999164267431575,0.0020338087
2025-03-27 04:40:00+00:00,3,0.0018380608349592748,3.3784676330111865e-06,0.019529294311718116,0.0039114148956292455,low,0.0022939807103464806,0.002775440079860455,0.003671582702138869,0.0027730595
2025-03-27 04:45:00+00:00,3,0.0018416118056687547,3.3915340427785314e-06,0.01953229759467165,0.0039114148956292455,low,0.002315353102201378,0.0023391916463964568,0.003197257733241748,0.002703856
2025-03-27 04:50:00+00:00,3,0.0018250984676733974,3.3309844167037838e-06,0.019442377409656073,0.0039114148956292455,low,0.002311064965872698,0.00234162529495528,0.0031154323300841016,0.002169336
2025-03-27 04:55:00+00:00,3,0.001969083588190638,3.877290177281718e-06,0.019410119235176868,0.0039114148956292455,low,0.0023160937625166644,0.0021724493619277975,0.0029735368372826023,0.0023044876
2025-03-27 05:00:00+00:00,3,0.0020157958406323696,4.063432871110761e-06,0.01940956132497261,0.0039114148956292455,low,0.002291604102494941,0.001927833500188647,0.002909964945307653,0.0024746235
2025-03-27 05:05:00+00:00,3,0.0017911393764387213,3.2081802658292913e-06,0.019414892420507954,0.0039114148956292455,low,0.0017911927768993175,0.0024947973948584324,0.003443206122199486,0.0021705972
2025-03-27 05:10:00+00:00,3,0.0017582002923027787,3.0912682678535764e-06,0.019417606112942364,0.0039114148956292455,low,0.0017684883027337304,0.0023549788512510507,0.0029958205575541224,0.0017316084
2025-03-27 05:15:00+00:00,3,0.0023005763037811807,5.2926513295194795e-06,0.019417930715692255,0.0039114148956292455,low,0.0017662220589178973,0.002377991587262189,0.0030330755515010042,0.001940871
2025-03-27 05:20:00+00:00,3,0.002036076727325571,4.145608439556806e-06,0.019446643432131788,0.0039114148956292455,low,0.002043580525148376,0.002511723678993232,0.0029005556788021065,0.0017512826
2025-03-27 05:25:00+00:00,3,0.002061829838540198,4.2511422830947e-06,0.019447661902531898,0.0039114148956292455,low,0.002020009183967567,0.0025093767004357092,0.003297309893781784,0.0019527655
2025-03-27 05:30:00+00:00,3,0.002003381043363846,4.013535604909612e-06,0.01944679972526068,0.0039114148956292455,low,0.002056305065713558,0.0021860800146630203,0.002819021734592374,0.0018926681
2025-03-27 05:35:00+00:00,3,0.0019058446089283176,3.632243673381132e-06,0.019424223999644007,0.0039114148956292455,low,0.0021825931815342985,0.0024975968622631024,0.002808529134489601,0.0019190515
2025-03-27 05:40:00+00:00,3,0.001962290984434095,3.85058590759133e-06,0.019424988411265668,0.0039114148956292455,low,0.0018380608349592748,0.0022096668575203606,0.0027543905537481253,0.0021574409
2025-03-27 05:45:00+00:00,3,0.002111666892271576,4.459137063915895e-06,0.019287894772895973,0.0039114148956292455,low,0.0018416118056687547,0.002273269635838137,0.002590305275573108,0.0018644235
2025-03-27 05:50:00+00:00,3,0.002270933265608577,5.157137896847636e-06,0.019258331473659893,0.0039114148956292455,low,0.0018250984676733974,0.0023895152203783575,0.0025594906372391367,0.0021372337
2025-03-27 05:55:00+00:00,3,0.002142287034198621,4.589393736895524e-06,0.019271034898616,0.0039114148956292455,low,0.001969083588190638,0.0027268978229736396,0.002761235250954735,0.0023716826
2025-03-27 06:00:00+00:00,3,0.00211227311674799,4.461697719736269e-06,0.019267294812093286,0.0039114148956292455,low,0.0020157958406323696,0.0026849297520330937,0.0029799052037016416,0.0032499444
2025-03-27 06:05:00+00:00,3,0.0022456891597876344,5.043119802387691e-06,0.019246519990173676,0.0039114148956292455,low,0.0017911393764387213,0.0025113492117725114,0.0028182489209179137,0.0029186567
2025-03-27 06:10:00+00:00,3,0.0023815267279124392,5.671669555761329e-06,0.01920817376270033,0.0039114148956292455,low,0.0017582002923027787,0.0020317818401366992,0.0027521549797377967,0.0028417096
2025-03-27 06:15:00+00:00,3,0.0018594159020421906,3.4574274967673732e-06,0.019265525128129443,0.0039114148956292455,low,0.0023005763037811807,0.002515891343188467,0.0032860149871936054,0.0017751863
2025-03-27 06:20:00+00:00,3,0.0019189365090704542,3.682317325843501e-06,0.019263145773887942,0.0039114148956292455,low,0.002036076727325571,0.002358816754538571,0.0032111920577097054,0.0023966604
2025-03-27 06:25:00+00:00,3,0.0018797136147650534,3.5333232735331032e-06,0.019266909711284638,0.0039114148956292455,low,0.002061829838540198,0.0022802637551108734,0.0029207870455268286,0.0024682903
2025-03-27 06:30:00+00:00,3,0.0018938617893167087,3.5867124770338853e-06,0.01926245817087595,0.0039114148956292455,low,0.002003381043363846,0.0021031575240506336,0.002600022916366606,0.0020786417
2025-03-27 06:35:00+00:00,3,0.002077308327489528,4.315209887457341e-06,0.019266784694778483,0.0039114148956292455,low,0.0019058446089283176,0.0022475934631294094,0.0025355384459643557,0.0017680067
2025-03-27 06:40:00+00:00,3,0.002388411750566909,5.704510690246086e-06,0.01927201989646606,0.0039114148956292455,low,0.001962290984434095,0.00224926189403903,0.0025814582966134777,0.0017000266
2025-03-27 06:45:00+00:00,3,0.0022269253389829826,4.959196465404473e-06,0.019217633557430003,0.0039114148956292455,low,0.002111666892271576,0.00198940474310097,0.002287960337002575,0.0010073218
2025-03-27 06:50:00+00:00,3,0.002118432126328186,4.4877546738593605e-06,0.019233352135699537,0.0039114148956292455,low,0.002270933265608577,0.002191176068734767,0.0024482009743728482,0.0010862751
2025-03-27 06:55:00+00:00,3,0.00217537171374788,4.732242092974388e-06,0.019190987605077335,0.0039114148956292455,low,0.002142287034198621,0.002370620052255702,0.002489218823125423,0.0018320224
2025-03-27 07:00:00+00:00,3,0.002168766756857137,4.7035492456486245e-06,0.019183841537839152,0.0039114148956292455,low,0.00211227311674799,0.002169547597651661,0.002354518505040891,0.0018543107
2025-03-27 07:05:00+00:00,3,0.0020375504707084943,4.151611920684406e-06,0.01919209635253368,0.0039114148956292455,low,0.0022456891597876344,0.002435441870146372,0.002540524943548526,0.002000971
2025-03-27 07:10:00+00:00,3,0.002559271845936696,6.549872381404222e-06,0.019191283209184087,0.0039114148956292455,low,0.0023815267279124392,0.0023994240360207413,0.0026879270039346166,0.002018969
2025-03-27 07:15:00+00:00,3,0.002746095515962535,7.541040582789541e-06,0.019174234450005018,0.0039114148956292455,low,0.0018594159020421906,0.0021300387798894598,0.002586860150306452,0.0016934245
2025-03-27 07:20:00+00:00,3,0.002805317384965862,7.869805630391702e-06,0.019179933479098178,0.0039114148956292455,low,0.0019189365090704542,0.002156085031614682,0.0023689246121672636,0.0017334293
2025-03-27 07:25:00+00:00,3,0.0028228437900009815,7.968447062747105e-06,0.01917906787852147,0.0039114148956292455,low,0.0018797136147650534,0.0022138351481135006,0.002407388833605505,0.0020446167
2025-03-27 07:30:00+00:00,3,0.002816403558232814,7.932129002826455e-06,0.019071715809648646,0.0039114148956292455,low,0.0018938617893167087,0.0020716898275091045,0.002318919648748095,0.0019967628
2025-03-27 07:35:00+00:00,3,0.0026782331835129474,7.172932985269896e-06,0.019011443113521983,0.0039114148956292455,low,0.002077308327489528,0.002389400878879051,0.0026184674589605464,0.0013809076
2025-03-27 07:40:00+00:00,3,0.002861299771368049,8.18703638163085e-06,0.019043023359929964,0.0039114148956292455,low,0.002388411750566909,0.0022939870844725712,0.002847381469597608,0.0023600347
2025-03-27 07:45:00+00:00,3,0.003131787187781061,9.808090989549606e-06,0.019042352327513928,0.0039114148956292455,low,0.0022269253389829826,0.0020579715720915803,0.0023841696687386445,0.0022767903
2025-03-27 07:50:00+00:00,3,0.0032000192020457023,1.0240122893461214e-05,0.019045814742466326,0.0039114148956292455,low,0.002118432126328186,0.002019991131985649,0.00226511110959495,0.0022549524
2025-03-27 07:55:00+00:00,3,0.0031837171175750547,1.0136054684740413e-05,0.01903164409485517,0.0039114148956292455,low,0.00217537171374788,0.0020066817122080735,0.0023827286900948374,0.0016807175
2025-03-27 08:00:00+00:00,3,0.003250373379868293,1.056492710855643e-05,0.019031910787885156,0.0039114148956292455,low,0.002168766756857137,0.0019393760308504373,0.0024455109492294716,0.0021165689
2025-03-27 08:05:00+00:00,3,0.003242843340278736,1.0516032929590152e-05,0.019020185933688327,0.0039114148956292455,low,0.0020375504707084943,0.0023707282013857075,0.002568652634443097,0.0018056142
2025-03-27 08:10:00+00:00,3,0.0027367908115350776,7.490023946102829e-06,0.019097865336573618,0.0039114148956292455,low,0.002559271845936696,0.002601112565524911,0.00263959885121688,0.0015667122
2025-03-27 08:15:00+00:00,3,0.002592867728475387,6.722963057369113e-06,0.019122685177458337,0.0039114148956292455,low,0.002746095515962535,0.002480741166347821,0.0028658158137386306,0.0024513335
2025-03-27 08:20:00+00:00,3,0.0025128216155089057,6.314272471368788e-06,0.019133346801977917,0.0039114148956292455,low,0.002805317384965862,0.0021903723851832563,0.0027365821359800887,0.0023326841
2025-03-27 08:25:00+00:00,3,0.0025033946126133706,6.266984586461647e-06,0.01912742973674672,0.0039114148956292455,low,0.0028228437900009815,0.0021940604591077963,0.002813018208649657,0.0020327151
2025-03-27 08:30:00+00:00,3,0.0025269653293502046,6.3855537757379885e-06,0.01912603700641378,0.0039114148956292455,low,0.002816403558232814,0.001993548679868163,0.0026292696856061457,0.0016673406
2025-03-27 08:35:00+00:00,3,0.0025573593393333535,6.540086790475526e-06,0.019132055821666088,0.0039114148956292455,low,0.0026782331835129474,0.0023868271420717574,0.0029473361942197076,0.0012158112
2025-03-27 08:40:00+00:00,3,0.002043767670059633,4.17698628918098e-06,0.019199333839060348,0.0039114148956292455,low,0.002861299771368049,0.0027494082242901906,0.0031713196063463123,0.001390505
2025-03-27 08:45:00+00:00,3,0.001596229685461768,2.547949208749375e-06,0.019241630017587306,0.0039114148956292455,low,0.003131787187781061,0.0027023658287884554,0.003254507276155315,0.00168525
2025-03-27 08:50:00+00:00,3,0.0013787809599719895,1.901036935581281e-06,0.01920585376613227,0.0039114148956292455,low,0.0032000192020457023,0.0025909560256093607,0.003017177050501411,0.001130236
2025-03-27 08:55:00+00:00,3,0.0014660452952333682,2.1492888076758934e-06,0.019209843778467774,0.0039114148956292455,low,0.0031837171175750547,0.0026754029523239865,0.0031177351158998196,0.0018070026
2025-03-27 09:00:00+00:00,3,0.0016317452752241984,2.662592643216495e-06,0.019217354246976393,0.0039114148956292455,low,0.003250373379868293,0.002516865159810828,0.0028491368810987447,0.0025291604
2025-03-27 09:05:00+00:00,3,0.002051695093605649,4.209452757125493e-06,0.019208836387519388,0.0039114148956292455,low,0.003242843340278736,0.0029614726544040532,0.0029779861379281916,0.0020566457
2025-03-27 09:10:00+00:00,3,0.0020573608578855055,4.232733699559383e-06,0.01920804928023665,0.0039114148956292455,low,0.0027367908115350776,0.002667259141213665,0.002840140923371186,0.0017847824
2025-03-27 09:15:00+00:00,3,0.002123131401602667,4.507686948471305e-06,0.019213879213899596,0.0039114148956292455,low,0.002592867728475387,0.002611678915918594,0.0027624386652324415,0.00126021
2025-03-27 09:20:00+00:00,3,0.0021412240247712052,4.5848403242574e-06,0.019214198764016453,0.0039114148956292455,low,0.0025128216155089057,0.0026293542693127093,0.0028929645195966114,0.0018111692
2025-03-27 09:25:00+00:00,3,0.0022828306992203054,5.211316001302669e-06,0.019211623886057717,0.0039114148956292455,low,0.0025033946126133706,0.002342385718772489,0.0026502953158439833,0.0016829758
2025-03-27 09:30:00+00:00,3,0.0022522651957513607,5.072698511992915e-06,0.019199704059686143,0.0039114148956292455,low,0.0025269653293502046,0.002561663648344587,0.0027836856335271528,0.0018051941
2025-03-27 09:35:00+00:00,3,0.002164555813518517,4.685301869836809e-06,0.01920831340882764,0.0039114148956292455,low,0.0025573593393333535,0.002906189620974949,0.0029324978244361934,0.001867925
2025-03-27 09:40:00+00:00,3,0.0021927844682099657,4.808303724022862e-06,0.019198653562999476,0.0039114148956292455,low,0.002043767670059633,0.002195107660170703,0.0028230958812416823,0.0019204741
2025-03-27 09:45:00+00:00,3,0.0022327113370575807,4.98499991462545e-06,0.019194450589594615,0.0039114148956292455,low,0.001596229685461768,0.002284203229024335,0.0026053893383063188,0.0020477623
2025-03-27 09:50:00+00:00,3,0.0036352629199993165,1.3215136497521956e-05,0.01919126523202456,0.0039114148956292455,low,0.0013787809599719895,0.002493592582169374,0.0027772687460636404,0.0019525876
2025-03-27 09:55:00+00:00,3,0.003586891721313505,1.286579222042736e-05,0.019197474265998212,0.0039114148956292455,low,0.0014660452952333682,0.002399222579342942,0.002763356296952651,0.0018635195
2025-03-27 10:00:00+00:00,3,0.003489728299824981,1.2178203606599353e-05,0.019218371379813377,0.0039114148956292455,low,0.0016317452752241984,0.0030595353687585852,0.0033235865974155965,0.0019128975
2025-03-27 10:05:00+00:00,3,0.0034136349285748455,1.165290342558619e-05,0.01924952081494149,0.0039114148956292455,low,0.002051695093605649,0.002423679006086731,0.002938297764484556,0.002057669
2025-03-27 10:10:00+00:00,3,0.003415526059509597,1.1665818263189154e-05,0.01925007114936962,0.0039114148956292455,low,0.0020573608578855055,0.0030954178498510073,0.0034529899764119453,0.0022509196
2025-03-27 10:15:00+00:00,3,0.0036183403055773723,1.309238656696575e-05,0.019259315033308064,0.0039114148956292455,low,0.002123131401602667,0.0026865331775912825,0.003401245496473299,0.0022809803
2025-03-27 10:20:00+00:00,3,0.0035897300784904235,1.2886162036418862e-05,0.019181031464290798,0.0039114148956292455,low,0.0021412240247712052,0.0024351485653438323,0.003297789107590628,0.002051761
2025-03-27 10:25:00+00:00,3,0.003549374443983661,1.2598058943604323e-05,0.019193936393389746,0.0039114148956292455,low,0.0022828306992203054,0.0023721226544964093,0.002973277326273772,0.0018172151
2025-03-27 10:30:00+00:00,3,0.004006125654667322,1.6049042760983683e-05,0.019193431468119856,0.0039114148956292455,low,0.0022522651957513607,0.0022133780983515047,0.0028719941361614295,0.0018094074
2025-03-27 10:35:00+00:00,3,0.004016205591961675,1.6129907356904233e-05,0.01917902014960254,0.0039114148956292455,low,0.002164555813518517,0.002481583648354835,0.003054979198122775,0.0020515975
2025-03-27 10:40:00+00:00,3,0.004061852429852647,1.649864516189985e-05,0.019186669284195716,0.0039114148956292455,low,0.0021927844682099657,0.00252439297040313,0.003270249931438567,0.0020449755
2025-03-27 10:45:00+00:00,3,0.004350803697282441,1.892949281228656e-05,0.01916456659349055,0.0039114148956292455,low,0.0022327113370575807,0.0022926460842480354,0.0030856123088989595,0.0018465003
2025-03-27 10:50:00+00:00,3,0.0032819619345125163,1.077127413958914e-05,0.01932462518594967,0.0039114148956292455,low,0.0036352629199993165,0.003643982747131688,0.003455725347729749,0.0025464578
2025-03-27 10:55:00+00:00,3,0.003295331721559066,1.0859211155113436e-05,0.01932203693243507,0.0039114148956292455,low,0.003586891721313505,0.002826037781760625,0.0034079509258788283,0.002487915
2025-03-27 11:00:00+00:00,3,0.003433801223091872,1.1790990839707236e-05,0.019328304638586348,0.0039114148956292455,low,0.003489728299824981,0.0025838676338390777,0.0031597516351205847,0.002502081
2025-03-27 11:05:00+00:00,3,0.0034934043293273825,1.2203873808163298e-05,0.019345961762644127,0.0039114148956292455,low,0.0034136349285748455,0.0028696322248236484,0.0035449604993918545,0.0023908322
2025-03-27 11:10:00+00:00,3,0.003790197274175705,1.4365595377168945e-05,0.019346899302575656,0.0039114148956292455,low,0.003415526059509597,0.0025269395057840316,0.0032821252641973843,0.0023225574
2025-03-27 11:15:00+00:00,3,0.003554690948201805,1.2635827737227847e-05,0.0193795464899786,0.0039114148956292455,low,0.0036183403055773723,0.002614770910995899,0.0031886786427969814,0.0024143418
2025-03-27 11:20:00+00:00,3,0.0035528083706709212,1.2622447318709367e-05,0.019363072715094385,0.0039114148956292455,low,0.0035897300784904235,0.002578744328555703,0.003235736245131412,0.0021066992
2025-03-27 11:25:00+00:00,3,0.0034977876177005973,1.2234518218539619e-05,0.01936733909454774,0.0039114148956292455,low,0.003549374443983661,0.0031899462174845767,0.0036460717216795654,0.0029115719
2025-03-27 11:30:00+00:00,3,0.0030160953006252117,9.096830862453485e-06,0.019450318863889905,0.0039114148956292455,low,0.004006125654667322,0.004155696107596684,0.004489960343359119,0.0041054594
2025-03-27 11:35:00+00:00,3,0.003109349751852847,9.668055879347361e-06,0.019435660330053894,0.0039114148956292455,low,0.004016205591961675,0.0035959919962660915,0.00454457248736528,0.0038687813
2025-03-27 11:40:00+00:00,3,0.003408121651196724,1.1615293189355885e-05,0.019455286974469247,0.0039114148956292455,low,0.004061852429852647,0.0033049187975891714,0.00437899691147956,0.002147181
2025-03-27 11:45:00+00:00,3,0.003424153841318998,1.1724829529019651e-05,0.019499014304852968,0.0039114148956292455,low,0.004350803697282441,0.003974615534212928,0.005156500322451389,0.0036547391
2025-03-27 11:50:00+00:00,3,0.0034212504863594547,1.1704954890414805e-05,0.019491028094685277,0.0039114148956292455,low,0.0032819619345125163,0.004491960674039903,0.004696684979133536,0.003286896
2025-03-27 11:55:00+00:00,3,0.0034346323077741945,1.179669908960629e-05,0.019467932957910782,0.0039114148956292455,low,0.003295331721559066,0.003829654466722953,0.00427072535462847,0.0027532945
2025-03-27 12:00:00+00:00,3,0.0033488074700824934,1.1214511471680311e-05,0.019499123420395642,0.0039114148956292455,low,0.003433801223091872,0.003840730706564755,0.004329080836776734,0.0030271327
2025-03-27 12:05:00+00:00,3,0.0032259396396384877,1.0406686558590897e-05,0.019535990254006777,0.0039114148956292455,low,0.0034934043293273825,0.004692264733684311,0.004447497535887572,0.0033861662
2025-03-27 12:10:00+00:00,3,0.00302937999905132,9.177143178652174e-06,0.0195634580029446,0.0039114148956292455,low,0.003790197274175705,0.003935835559396134,0.004562876420612568,0.0037669358
2025-03-27 12:15:00+00:00,3,0.003198681584360735,1.0231563878128502e-05,0.019540259752063048,0.0039114148956292455,low,0.003554690948201805,0.0038990682483336144,0.004375891343959349,0.004570668
2025-03-27 12:20:00+00:00,3,0.00331720513158088,1.1003849884986524e-05,0.01948516866060878,0.0039114148956292455,low,0.0035528083706709212,0.00404054540434412,0.0043862160583581205,0.0049529183
2025-03-27 12:25:00+00:00,3,0.003732057221547012,1.3928251104901205e-05,0.01942597814388391,0.0039114148956292455,low,0.0034977876177005973,0.003466059100542594,0.004265440747841929,0.0045085973
2025-03-27 12:30:00+00:00,3,0.0038402639904840945,1.4747627516608821e-05,0.019408131997593215,0.0039114148956292455,low,0.0030160953006252117,0.003498126537407149,0.0038777371455273493,0.0041348976
2025-03-27 12:35:00+00:00,3,0.004671008376094492,2.1818319249544905e-05,0.01932177939751184,0.0039114148956292455,low,0.003109349751852847,0.004175767195577253,0.004458325263632525,0.004296412
2025-03-27 12:40:00+00:00,3,0.004805000598019568,2.3088030746968404e-05,0.019379229380917885,0.0039114148956292455,low,0.003408121651196724,0.0032600579979640398,0.004212795331422557,0.004252773
2025-03-27 12:45:00+00:00,3,0.004634357586985469,2.1477270244049785e-05,0.01944828880994712,0.0039114148956292455,low,0.003424153841318998,0.0031920366231100784,0.004167676396274289,0.0034836833
2025-03-27 12:50:00+00:00,3,0.00487700149604078,2.3785143592384006e-05,0.019421930426491756,0.0039114148956292455,low,0.0034212504863594547,0.0031251138765355335,0.004113287645635296,0.0032351352
2025-03-27 12:55:00+00:00,3,0.005090608757509861,2.5914297522036094e-05,0.019426424904618485,0.0039114148956292455,low,0.0034346323077741945,0.0033085982085899104,0.00426590301144379,0.0030533008
2025-03-27 13:00:00+00:00,3,0.005175259887267529,2.678331490076032e-05,0.019442730107575388,0.0039114148956292455,low,0.0033488074700824934,0.0034870790013173023,0.004534615397848765,0.0029665986
2025-03-27 13:05:00+00:00,3,0.005473828988537977,2.9962803795758694e-05,0.019446510832634403,0.0039114148956292455,low,0.0032259396396384877,0.003082996852774139,0.004003023461155181,0.0022550244
2025-03-27 13:10:00+00:00,3,0.006018112749332569,3.621768106367921e-05,0.019468017506020594,0.0039114148956292455,low,0.00302937999905132,0.003162076820170435,0.003940245622531282,0.0024126053
2025-03-27 13:15:00+00:00,3,0.006094070506860142,3.713769534258262e-05,0.01949101105192997,0.0039114148956292455,low,0.003198681584360735,0.003920034663653064,0.004616117666057747,0.0027430875
2025-03-27 13:20:00+00:00,3,0.006334603724922628,4.012720435180364e-05,0.01948878267530853,0.0039114148956292455,low,0.00331720513158088,0.004593919182755209,0.004608968257217138,0.0031134996
2025-03-27 13:25:00+00:00,3,0.0063861614132378055,4.078305759592749e-05,0.019529430615105488,0.0039114148956292455,low,0.003732057221547012,0.004719868251154153,0.004988000224575204,0.0034352895
2025-03-27 13:30:00+00:00,3,0.006619211889008339,4.381396603158934e-05,0.01955841636355371,0.0039114148956292455,low,0.0038402639904840945,0.005330775555841728,0.005414443057066154,0.0037520996
2025-03-27 13:35:00+00:00,3,0.00606461810981235,3.677959281786392e-05,0.019729940980060697,0.0039114148956292455,low,0.004671008376094492,0.006333298005571102,0.006993682088614891,0.003943269
2025-03-27 13:40:00+00:00,3,0.006178617482968269,3.817531400084114e-05,0.019467700671179155,0.0039114148956292455,low,0.004805000598019568,0.0071294293725820595,0.00710738655343462,0.0038013314
2025-03-27 13:45:00+00:00,3,0.006297210408447027,3.965485892825357e-05,0.019481585843642662,0.0039114148956292455,low,0.004634357586985469,0.0065758248232748,0.006926824633059587,0.0032557826
2025-03-27 13:50:00+00:00,3,0.0061652228523350365,3.800997281895416e-05,0.019490857138484845,0.0039114148956292455,low,0.00487700149604078,0.006708016796666274,0.006933889330071029,0.0036791433
2025-03-27 13:55:00+00:00,3,0.006094520119583411,3.714317548800699e-05,0.018985278171960544,0.0039114148956292455,low,0.005090608757509861,0.00528879722725933,0.00623809390890138,0.0044722804
2025-03-27 14:00:00+00:00,3,0.006012082139151586,3.614513164790551e-05,0.018388248634293433,0.0039114148956292455,low,0.005175259887267529,0.005519945132394004,0.006052446710009286,0.0050582457
2025-03-27 14:05:00+00:00,3,0.005686381949419851,3.233493967468791e-05,0.018351160200905808,0.0039114148956292455,low,0.005473828988537977,0.006509639422633423,0.006364611925156185,0.007679069
2025-03-27 14:10:00+00:00,3,0.005242253959030691,2.7481226570972958e-05,0.018534039948917554,0.0039114148956292455,low,0.006018112749332569,0.005978899067728708,0.00644309819405296,0.005542032
2025-03-27 14:15:00+00:00,3,0.005722854430205117,3.275106282931833e-05,0.01853270976620274,0.0039114148956292455,low,0.006094070506860142,0.005228763096642961,0.00644010380564735,0.004225718
2025-03-27 14:20:00+00:00,3,0.005477734825717252,3.0005578820875614e-05,0.018494622935859156,0.0039114148956292455,low,0.006334603724922628,0.005121503042421093,0.0056052799085286225,0.0052463976
2025-03-27 14:25:00+00:00,3,0.0053542878025170885,2.866839787218327e-05,0.018302047192919668,0.0039114148956292455,low,0.0063861614132378055,0.004678281166009435,0.005804323616597768,0.0036820006
2025-03-27 14:30:00+00:00,3,0.005015693782655577,2.5157184121369816e-05,0.018261120686454673,0.0039114148956292455,low,0.006619211889008339,0.004554511270792138,0.005134955878074943,0.0036337215
2025-03-27 14:35:00+00:00,3,0.005183199695093444,2.6865559079216775e-05,0.018249735760658334,0.0039114148956292455,low,0.00606461810981235,0.004614255364424636,0.0051595976527980545,0.0033060953
2025-03-27 14:40:00+00:00,3,0.004862227278541288,2.364125410819102e-05,0.018344959317984254,0.0039114148956292455,low,0.006178617482968269,0.005939119863949167,0.006344365051746831,0.0034295071
2025-03-27 14:45:00+00:00,3,0.004824145122979927,2.327237616757101e-05,0.018330705274169908,0.0039114148956292455,low,0.006297210408447027,0.006436039902253111,0.0067649696459542285,0.0044018235
2025-03-27 14:50:00+00:00,3,0.004746264111368889,2.252702301486831e-05,0.01834863125160587,0.0039114148956292455,low,0.0061652228523350365,0.005211219942095965,0.00667724999041781,0.00643516
2025-03-27 14:55:00+00:00,3,0.005186049377097841,2.6895108141696897e-05,0.01799363989037081,0.0039114148956292455,low,0.006094520119583411,0.004761170258888917,0.0060778683802986695,0.006981534
2025-03-27 15:00:00+00:00,3,0.005300766621324212,2.80981267737449e-05,0.017967286672029598,0.0039114148956292455,low,0.006012082139151586,0.004584205553841262,0.006018337777720119,0.0055967737
2025-03-27 15:05:00+00:00,3,0.005350114127397325,2.8623721176176442e-05,0.017826021713743322,0.0039114148956292455,low,0.005686381949419851,0.004417279955882208,0.005748065973609455,0.0038698975
2025-03-27 15:10:00+00:00,3,0.0054475912395811005,2.9676250313560754e-05,0.01788652258957263,0.0039114148956292455,low,0.005242253959030691,0.004489551938097241,0.005712550124827352,0.003536644
2025-03-27 15:15:00+00:00,3,0.004887374570346328,2.3886430190867952e-05,0.01807848749531676,0.0039114148956292455,low,0.005722854430205117,0.004284041639291368,0.005920943558590637,0.004289822
2025-03-27 15:20:00+00:00,3,0.005035407834080045,2.5355332055514687e-05,0.01809281596219325,0.0039114148956292455,low,0.005477734825717252,0.0047738500653517636,0.006670811855650166,0.0034715002
2025-03-27 15:25:00+00:00,3,0.0049461494611415385,2.446439449195073e-05,0.018151286096728086,0.0039114148956292455,low,0.0053542878025170885,0.004274313305854403,0.006295736869456514,0.003928336
2025-03-27 15:30:00+00:00,3,0.005037322791360972,2.5374620904364695e-05,0.018105387249804764,0.0039114148956292455,low,0.005015693782655577,0.004432476811072465,0.00641202213833429,0.004038156
2025-03-27 15:35:00+00:00,3,0.004793574148216102,2.297835311444573e-05,0.01812655421791815,0.0039114148956292455,low,0.005183199695093444,0.005003008977243483,0.006105372305646418,0.004578412
2025-03-27 15:40:00+00:00,3,0.004604253820129545,2.119915324017751e-05,0.018179463769005404,0.0039114148956292455,low,0.004862227278541288,0.005184949850479228,0.00599255706693302,0.0052629146
2025-03-27 15:45:00+00:00,3,0.004464327416386583,1.9930219280700904e-05,0.018229014533189015,0.0039114148956292455,low,0.004824145122979927,0.004561682443273941,0.006928185825412735,0.007443228
2025-03-27 15:50:00+00:00,3,0.004852203397196609,2.3543877807766316e-05,0.018189348771642282,0.0039114148956292455,low,0.004746264111368889,0.005227666591561416,0.006597621619616447,0.00707489
2025-03-27 15:55:00+00:00,3,0.004261989422507998,1.8164553837570058e-05,0.01826487023977154,0.0039114148956292455,low,0.005186049377097841,0.004256432436611774,0.006393550091579518,0.0086063845
2025-03-27 16:00:00+00:00,3,0.004180165279929181,1.747378176752541e-05,0.018301645849004667,0.0039114148956292455,low,0.005300766621324212,0.004391469397568419,0.006188615665298843,0.005485775
2025-03-27 16:05:00+00:00,3,0.004542478649330758,2.0634112279625792e-05,0.018269922847840677,0.0039114148956292455,low,0.005350114127397325,0.003902401114014915,0.005792874782500216,0.006991592
2025-03-27 16:10:00+00:00,3,0.004262340219192187,1.8167544144143302e-05,0.018263438776993685,0.0039114148956292455,low,0.0054475912395811005,0.003658725764478095,0.0053073149482146895,0.006353647
2025-03-27 16:15:00+00:00,3,0.00409844287319932,1.6797233984878296e-05,0.01830088536580311,0.0039114148956292455,low,0.004887374570346328,0.0033515592331865747,0.005403639711735155,0.007534788
2025-03-27 16:20:00+00:00,3,0.003913684029320468,1.531692268135809e-05,0.018314768454891734,0.0039114148956292455,low,0.005035407834080045,0.0032560876658680664,0.005621573152710248,0.006841088
2025-03-27 16:25:00+00:00,3,0.004131078931989655,1.7065813142328793e-05,0.01826780096293534,0.0039114148956292455,low,0.0049461494611415385,0.0031282396204571107,0.005552428361994953,0.00734863
2025-03-27 16:30:00+00:00,3,0.004368737052252808,1.9085863431726556e-05,0.01819318186125921,0.0039114148956292455,low,0.005037322791360972,0.0030450353087298366,0.0056465025163905365,0.007016222
2025-03-27 16:35:00+00:00,3,0.004389341765805181,1.9266321137041748e-05,0.01813110716543088,0.0039114148956292455,low,0.004793574148216102,0.0030539939157120206,0.005478787264975774,0.0063381903
2025-03-27 16:40:00+00:00,3,0.004367601424735419,1.9075942205350866e-05,0.01813628968076351,0.0039114148956292455,low,0.004604253820129545,0.0030653364730391687,0.004828556160497905,0.006860548
2025-03-27 16:45:00+00:00,3,0.004437986742193044,1.9695726323881224e-05,0.01813010267374189,0.0039114148956292455,low,0.004464327416386583,0.0027501670507968116,0.004389030163947918,0.006057144
2025-03-27 16:50:00+00:00,3,0.0041899401817912674,1.7555598726989042e-05,0.018169808744416958,0.0039114148956292455,low,0.004852203397196609,0.0029785158188713684,0.004538598554910206,0.0059261597
2025-03-27 16:55:00+00:00,3,0.004496349323952924,2.0217157243011912e-05,0.01805782671409253,0.0039114148956292455,low,0.004261989422507998,0.0034963231792104732,0.004802979263571465,0.005573702
2025-03-27 17:00:00+00:00,3,0.004390937294389036,1.9280330323256505e-05,0.018019854658362783,0.0039114148956292455,low,0.004180165279929181,0.003999409225192487,0.0050616879332946296,0.0052672806
2025-03-27 17:05:00+00:00,3,0.003976046541291278,1.5808946098514336e-05,0.018030356197880557,0.0039114148956292455,low,0.004542478649330758,0.003297605478153459,0.004502461671725524,0.0056385454
2025-03-27 17:10:00+00:00,3,0.003918511171110012,1.535472979811396e-05,0.018056395186766487,0.0039114148956292455,low,0.004262340219192187,0.003426207339549324,0.004625549620285903,0.005555375
2025-03-27 17:15:00+00:00,3,0.004127573962414281,1.703686681520033e-05,0.01804112863737267,0.0039114148956292455,low,0.00409844287319932,0.0034240517876235914,0.005010662344261927,0.0058478694
2025-03-27 17:20:00+00:00,3,0.004042726111225915,1.6343634410387805e-05,0.01789772669852882,0.0039114148956292455,low,0.003913684029320468,0.00300573100861043,0.004532050777921803,0.0053552333
2025-03-27 17:25:00+00:00,3,0.003742140785748789,1.4003617660364564e-05,0.017941323834116507,0.0039114148956292455,low,0.004131078931989655,0.0030479551548151904,0.004548168372347681,0.0059210104
2025-03-27 17:30:00+00:00,3,0.003286377376922539,1.0800276263548266e-05,0.01804087766494492,0.0039114148956292455,low,0.004368737052252808,0.0030215414861458033,0.004382987685799895,0.0052869404
2025-03-27 17:35:00+00:00,3,0.003499302995322788,1.2245121453075035e-05,0.018035804885336636,0.0039114148956292455,low,0.004389341765805181,0.003229332778208107,0.004409137441380846,0.0053746835
2025-03-27 17:40:00+00:00,3,0.003582896322073948,1.2837146054731024e-05,0.017968786662978582,0.0039114148956292455,low,0.004367601424735419,0.0032784332021767427,0.00447020014616608,0.005254076
2025-03-27 17:45:00+00:00,3,0.0035220705088994443,1.2404980669659189e-05,0.01800968295616713,0.0039114148956292455,low,0.004437986742193044,0.0032629048634321353,0.004687820039759106,0.0050399816
2025-03-27 17:50:00+00:00,3,0.0033424448557456215,1.1171937613700368e-05,0.01800772785762347,0.0039114148956292455,low,0.0041899401817912674,0.0033428421797660327,0.004634333362108283,0.004547134
2025-03-27 17:55:00+00:00,3,0.0029127471724259826,8.484096090475556e-06,0.018094567855151296,0.0039114148956292455,low,0.004496349323952924,0.0032823775641965076,0.005198954319481122,0.004597401
2025-03-27 18:00:00+00:00,3,0.0031966047302174993,1.0218281801248892e-05,0.01809668192927478,0.0039114148956292455,low,0.004390937294389036,0.0029361194722413884,0.00439792139570583,0.003553489
2025-03-27 18:05:00+00:00,3,0.003164108031655581,1.0011579635987357e-05,0.018081002692220544,0.0039114148956292455,low,0.003976046541291278,0.0030438539888956494,0.004261891096705064,0.0037050988
2025-03-27 18:10:00+00:00,3,0.0030886613285770245,9.539828802647189e-06,0.018094530185402226,0.0039114148956292455,low,0.003918511171110012,0.0029486960780013964,0.0036383526893343713,0.003835432
2025-03-27 18:15:00+00:00,3,0.003210922626745806,1.0310024114948187e-05,0.018144577723323806,0.0039114148956292455,low,0.004127573962414281,0.002768005015565988,0.0036052499309001626,0.0034141531
2025-03-27 18:20:00+00:00,3,0.003211673392958627,1.031484598303838e-05,0.018146726364485288,0.0039114148956292455,low,0.004042726111225915,0.0026290638446848313,0.0036541790358214487,0.004716915
2025-03-27 18:25:00+00:00,3,0.003224228612169558,1.0395650143532836e-05,0.01816722398911109,0.0039114148956292455,low,0.003742140785748789,0.0028610193644842533,0.003815330456251285,0.0046877703
2025-03-27 18:30:00+00:00,3,0.0031761186749429196,1.0087729837321167e-05,0.01817766359937785,0.0039114148956292455,low,0.003286377376922539,0.002538051996268411,0.0035357223307370495,0.003912536
2025-03-27 18:35:00+00:00,3,0.0029374085546205763,8.628369016758142e-06,0.01820605525704026,0.0039114148956292455,low,0.003499302995322788,0.002807064751760352,0.0036895734284390787,0.003222787
2025-03-27 18:40:00+00:00,3,0.00292109572240312,8.532800219441804e-06,0.018227528477647973,0.0039114148956292455,low,0.003582896322073948,0.0028800027419472627,0.003921310181145755,0.0046737916
2025-03-27 18:45:00+00:00,3,0.002725443484214348,7.4280421856464444e-06,0.01823823538186503,0.0039114148956292455,low,0.0035220705088994443,0.0030961285938004,0.0038957387778477772,0.0042243176
2025-03-27 18:50:00+00:00,3,0.0027559061321747146,7.595018609358195e-06,0.01821020405530508,0.0039114148956292455,low,0.0033424448557456215,0.0027893466701025206,0.00382504005373856,0.0070115067
2025-03-27 18:55:00+00:00,3,0.002786879841952143,7.7666992534792e-06,0.018221749802956485,0.0039114148956292455,low,0.0029127471724259826,0.002803026353115519,0.0035543479366629497,0.0061962274
2025-03-27 19:00:00+00:00,3,0.0027435550185305937,7.5270941397044065e-06,0.018158107518063973,0.0039114148956292455,low,0.0031966047302174993,0.0028527802892794603,0.003571739622068546,0.0040256917
2025-03-27 19:05:00+00:00,3,0.002756927313857373,7.60064821389283e-06,0.018158530603715486,0.0039114148956292455,low,0.003164108031655581,0.0026718038595724106,0.0035242078307666834,0.0046160594
2025-03-27 19:10:00+00:00,3,0.002899676722224246,8.408125093409147e-06,0.01799846396230549,0.0039114148956292455,low,0.0030886613285770245,0.002897209938326819,0.0034868245893278325,0.0040349877
2025-03-27 19:15:00+00:00,3,0.002382933026802925,5.67836981022815e-06,0.018051052412593097,0.0039114148956292455,low,0.003210922626745806,0.002620795024825698,0.003199388011903509,0.0043852204
2025-03-27 19:20:00+00:00,3,0.002713981715969546,7.365696754617001e-06,0.017853223443636383,0.0039114148956292455,low,0.003211673392958627,0.002682341014527327,0.0033121396785706914,0.0048674745
2025-03-27 19:25:00+00:00,3,0.0026266418430032903,6.899247371415722e-06,0.017873520391554088,0.0039114148956292455,low,0.003224228612169558,0.002642420185229981,0.003324785909888524,0.0043099835
2025-03-27 19:30:00+00:00,3,0.0027464416892070114,7.542941952214262e-06,0.01786116556566465,0.0039114148956292455,low,0.0031761186749429196,0.0026384263819420484,0.0032570880260847763,0.0037846954
2025-03-27 19:35:00+00:00,3,0.002722744415105253,7.4133371499868465e-06,0.01768779917959146,0.0039114148956292455,low,0.0029374085546205763,0.002596317342188507,0.003329216221602835,0.003819202
2025-03-27 19:40:00+00:00,3,0.0026393541558227115,6.966190359858618e-06,0.017706486996886196,0.0039114148956292455,low,0.00292109572240312,0.0024418025464158057,0.0031181363918440946,0.0038411221
2025-03-27 19:45:00+00:00,3,0.0026883628277486276,7.227294693620597e-06,0.017608741094290923,0.0039114148956292455,low,0.002725443484214348,0.0024900608204087905,0.0031637086968217772,0.0037873962
2025-03-27 19:50:00+00:00,3,0.00262425648390076,6.886722093295178e-06,0.017455596235518112,0.0039114148956292455,low,0.0027559061321747146,0.0026287166389480266,0.0032035278193640517,0.0035452992
2025-03-27 19:55:00+00:00,3,0.0025425230739835165,6.464423581738591e-06,0.01746412854308706,0.0039114148956292455,low,0.002786879841952143,0.002884973069065579,0.0033333626408242416,0.004340478
2025-03-27 20:00:00+00:00,3,0.0023056211597772677,5.315888932412672e-06,0.01748296703758941,0.0039114148956292455,low,0.0027435550185305937,0.0030625171403863964,0.003286470220986216,0.0042333617
2025-03-27 20:05:00+00:00,3,0.002291416639679145,5.250590216598463e-06,0.017438071687072444,0.0039114148956292455,low,0.002756927313857373,0.002912488958749343,0.0031485021265389742,0.0049524833
2025-03-27 20:10:00+00:00,3,0.002218310695610722,4.920902342260925e-06,0.017261403658259906,0.0039114148956292455,low,0.002899676722224246,0.003083358121665912,0.0037563267333404803,0.0051294416
2025-03-27 20:15:00+00:00,3,0.0022349639630575126,4.995063916165743e-06,0.017260922822320952,0.0039114148956292455,low,0.002382933026802925,0.0027942880152947236,0.003253911376065027,0.0036973546
2025-03-27 20:20:00+00:00,3,0.0019057622933874299,3.631929918897316e-06,0.017285509066769743,0.0039114148956292455,low,0.002713981715969546,0.002817534540286743,0.003266464092625326,0.003153609
2025-03-27 20:25:00+00:00,3,0.0019373529360395213,3.7533363987809536e-06,0.017201173337165407,0.0039114148956292455,low,0.0026266418430032903,0.003623454008746955,0.0035952636074402682,0.0032362123
2025-03-27 20:30:00+00:00,3,0.001809261587783215,3.2734274930278402e-06,0.01721448952394168,0.0039114148956292455,low,0.0027464416892070114,0.002305721233453159,0.0026959162483898937,0.0032086172
2025-03-27 20:35:00+00:00,3,0.0040000428978722415,1.6000343184818162e-05,0.01711447813249943,0.0039114148956292455,low,0.002722744415105253,0.002615606966190207,0.0031389838997613086,0.0036588996
2025-03-27 20:40:00+00:00,3,0.0041064544360801,1.6862968035601933e-05,0.017121540549005186,0.0039114148956292455,low,0.0026393541558227115,0.0022489028834646947,0.0029019027041493565,0.0036902933
2025-03-27 20:45:00+00:00,3,0.004086932618020841,1.670301822424268e-05,0.017102055189313344,0.0039114148956292455,low,0.0026883628277486276,0.00217352742523759,0.002783259499504574,0.004329143
2025-03-27 20:50:00+00:00,3,0.004168294982654721,1.7374683062424517e-05,0.017103899174254426,0.0039114148956292455,low,0.00262425648390076,0.0022522606192425403,0.002722231642804102,0.0041991356
2025-03-27 20:55:00+00:00,3,0.004219729036814808,1.780611314413803e-05,0.01707672497467287,0.0039114148956292455,low,0.0025425230739835165,0.002300101463164415,0.002721357916800174,0.0036411155
2025-03-27 21:00:00+00:00,3,0.004220789408478405,1.7815063230723484e-05,0.01705591013949588,0.0039114148956292455,low,0.0023056211597772677,0.0021744692365820452,0.002662263947830052,0.00303044
2025-03-27 21:05:00+00:00,3,0.004289215741397757,1.8397371676254315e-05,0.017040464577934636,0.0039114148956292455,low,0.002291416639679145,0.0020517984055956097,0.0025783205083277022,0.0028041305
2025-03-27 21:10:00+00:00,3,0.004347459881584963,1.8900407421990736e-05,0.01704123742073917,0.0039114148956292455,low,0.002218310695610722,0.0022397477664420472,0.002452854330373696,0.002484944
2025-03-27 21:15:00+00:00,3,0.004338648339149087,1.8823869410801133e-05,0.017035461364201282,0.0039114148956292455,low,0.0022349639630575126,0.0020599103978601397,0.0024573645734897913,0.0029799342
2025-03-27 21:20:00+00:00,3,0.00427096814976361,1.82411689362952e-05,0.016996441134156045,0.0039114148956292455,low,0.0019057622933874299,0.0022003663617241194,0.0024752405476469405,0.003159419
2025-03-27 21:25:00+00:00,3,0.004227939593217706,1.7875473203897898e-05,0.017010872036765268,0.0039114148956292455,low,0.0019373529360395213,0.002279753379362126,0.0024895580053681896,0.0028523733
2025-03-27 21:30:00+00:00,3,0.004202423007234933,1.7660359131737502e-05,0.017015523369359953,0.0039114148956292455,low,0.001809261587783215,0.002547492025039265,0.0028225925114788906,0.0032412375
2025-03-27 21:35:00+00:00,3,0.0022840121868616227,5.216711669732413e-06,0.017367978374057916,0.0039114148956292455,low,0.0040000428978722415,0.004095644373239256,0.0035904518994857894,0.0028250956
2025-03-27 21:40:00+00:00,3,0.002064917588077713,4.263884645552681e-06,0.01739742816708751,0.0039114148956292455,low,0.0041064544360801,0.0033377073735106942,0.0033876048172033946,0.0042287377
2025-03-27 21:45:00+00:00,3,0.0020513395532039467,4.207993962538968e-06,0.01734600680322793,0.0039114148956292455,low,0.004086932618020841,0.003157614917566227,0.003227491270457449,0.0039493833
2025-03-27 21:50:00+00:00,3,0.0018623233725704278,3.4682483440220924e-06,0.017340438314026315,0.0039114148956292455,low,0.004168294982654721,0.0026663399159139256,0.003070590147972466,0.0036416764
2025-03-27 21:55:00+00:00,3,0.0018883934714467336,3.5660299030026453e-06,0.017357662270058003,0.0039114148956292455,low,0.004219729036814808,0.0026548572251758645,0.0031027470415090977,0.0034017055
2025-03-27 22:00:00+00:00,3,0.002013728602762278,4.055102885582915e-06,0.01734523977889581,0.0039114148956292455,low,0.004220789408478405,0.002700081961660514,0.0030211481273019836,0.0039160596
2025-03-27 22:05:00+00:00,3,0.002117889357992125,4.4854553326962965e-06,0.017361390476672383,0.0039114148956292455,low,0.004289215741397757,0.0028982620078241705,0.0030078377097001396,0.0045129596
2025-03-27 22:10:00+00:00,3,0.0018800025219625814,3.5344094825856664e-06,0.017356889012749167,0.0039114148956292455,low,0.004347459881584963,0.002520121557264207,0.002839846549690156,0.0045074304
2025-03-27 22:15:00+00:00,3,0.0021087220323445983,4.446708609695534e-06,0.017345237170414737,0.0039114148956292455,low,0.004338648339149087,0.0023361371779771615,0.0028136819096963106,0.0043599047
2025-03-27 22:20:00+00:00,3,0.002110448369295067,4.453992319460209e-06,0.017324254529749557,0.0039114148956292455,low,0.00427096814976361,0.0023962017134417537,0.002784017073868954,0.0032040733
2025-03-27 22:25:00+00:00,3,0.0020925376769210897,4.3787139293343105e-06,0.017328020227091897,0.0039114148956292455,low,0.004227939593217706,0.002184407453705368,0.0028310571234096546,0.0033994792
2025-03-27 22:30:00+00:00,3,0.0021923802101504004,4.806530985859114e-06,0.017319335365815862,0.0039114148956292455,low,0.004202423007234933,0.0021529834929994844,0.0029339506661531563,0.0033899238
2025-03-27 22:35:00+00:00,3,0.002118560312831091,4.488297799102971e-06,0.017231159921120467,0.0039114148956292455,low,0.0022840121868616227,0.0021902763503575755,0.0025970786062480622,0.0023922508
2025-03-27 22:40:00+00:00,3,0.0023053159537417935,5.314481646576435e-06,0.017231509882045814,0.0039114148956292455,low,0.002064917588077713,0.002196888730767803,0.00257753345148114,0.0023824903
2025-03-27 22:45:00+00:00,3,0.0024049661460949427,5.783862163862762e-06,0.017228502817342707,0.0039114148956292455,low,0.0020513395532039467,0.00231209013684646,0.002696545607724826,0.0027947717
2025-03-27 22:50:00+00:00,3,0.0024648169398547594,6.075322546994981e-06,0.017189546858400004,0.0039114148956292455,low,0.0018623233725704278,0.0024239174164372326,0.0025790002194682735,0.0029599746
2025-03-27 22:55:00+00:00,3,0.002443721320229447,5.9717738909439506e-06,0.017158890804412543,0.0039114148956292455,low,0.0018883934714467336,0.0022272240496072925,0.0025230391584474673,0.001984395
2025-03-27 23:00:00+00:00,3,0.0022768482671801575,5.184038031761286e-06,0.017179797416309733,0.0039114148956292455,low,0.002013728602762278,0.002006388624962571,0.002587905039445853,0.0024723283
2025-03-27 23:05:00+00:00,3,0.002309641963341764,5.334445998829197e-06,0.017207292744470255,0.0039114148956292455,low,0.002117889357992125,0.0024195983649290685,0.002696975401096323,0.0031477378
2025-03-27 23:10:00+00:00,3,0.0025304913565691793,6.403386505671326e-06,0.017143904412464075,0.0039114148956292455,low,0.0018800025219625814,0.002250235270167115,0.00251978387753742,0.0027833
2025-03-27 23:15:00+00:00,3,0.002361185813107079,5.575198444018139e-06,0.017170025345676777,0.0039114148956292455,low,0.0021087220323445983,0.0028425693867512145,0.003125450517346826,0.0032347033
2025-03-27 23:20:00+00:00,3,0.002395632009642336,5.739052725622978e-06,0.017110625896492884,0.0039114148956292455,low,0.002110448369295067,0.0023317600878086236,0.0026047975642214155,0.0028573694
2025-03-27 23:25:00+00:00,3,0.0027394482530135717,7.50457673093911e-06,0.017106775765812855,0.0039114148956292455,low,0.0020925376769210897,0.0020623749391691414,0.0023607647033245705,0.0026307334
2025-03-27 23:30:00+00:00,3,0.002672383844903049,7.141635414498804e-06,0.017096829308836648,0.0039114148956292455,low,0.0021923802101504004,0.0022206742322911457,0.0023083899571042996,0.0027259593
2025-03-27 23:35:00+00:00,3,0.0026751207053896933,7.15627078840465e-06,0.016948350138685172,0.0039114148956292455,low,0.002118560312831091,0.002408933396827278,0.002611095226139223,0.0035095583
2025-03-27 23:40:00+00:00,3,0.002818708095318865,7.945115326616103e-06,0.016974730124244764,0.0039114148956292455,low,0.0023053159537417935,0.0020829934786450494,0.002333316905238208,0.003048106
2025-03-27 23:45:00+00:00,3,0.003045374497931703,9.274305832652771e-06,0.0169905671726827,0.0039114148956292455,low,0.0024049661460949427,0.0025380124207336507,0.0024766146849524054,0.0032259189
2025-03-27 23:50:00+00:00,3,0.0031850862559997225,1.014477445815833e-05,0.01699732955170548,0.0039114148956292455,low,0.0024648169398547594,0.0023150668841488116,0.002551077058782027,0.0026833364
2025-03-27 23:55:00+00:00,3,0.0031092510667279777,9.667442195949066e-06,0.01699944430105755,0.0039114148956292455,low,0.002443721320229447,0.002333669910528529,0.0023078114079216347,0.0026061728
2025-03-28 00:00:00+00:00,3,0.0030874186788274094,9.532154098372386e-06,0.016999996228236766,0.0039114148956292455,low,0.0022768482671801575,0.0020497956875161023,0.0023090219529923878,0.003103083
2025-03-28 00:05:00+00:00,3,0.0029421613198182743,8.65631323183481e-06,0.017033597859513888,0.0039114148956292455,low,0.002309641963341764,0.0024703299401512106,0.0023151880925611004,0.0038999259
2025-03-28 00:10:00+00:00,3,0.002815087622543726,7.924718322598888e-06,0.017066560903823618,0.0039114148956292455,low,0.0025304913565691793,0.002663904472004163,0.002579285453848316,0.0035522336
2025-03-28 00:15:00+00:00,3,0.0029895632536654413,8.937488447666698e-06,0.01706622846750717,0.0039114148956292455,low,0.002361185813107079,0.00252219569332364,0.002427753492883852,0.0035021375
2025-03-28 00:20:00+00:00,3,0.0029607719860367558,8.766170753300036e-06,0.017045248498451168,0.0039114148956292455,low,0.002395632009642336,0.002481402639668709,0.002293636126455452,0.003769126
2025-03-28 00:25:00+00:00,3,0.002813675604825778,7.916770409191706e-06,0.01709832733915845,0.0039114148956292455,low,0.0027394482530135717,0.0027938772254698188,0.0026547226720277065,0.0032920614
2025-03-28 00:30:00+00:00,3,0.0028601769384925626,8.180612119484689e-06,0.016691226733199005,0.0039114148956292455,low,0.002672383844903049,0.0027087166801029548,0.0026982160533044865,0.0034474968
2025-03-28 00:35:00+00:00,3,0.0038434787793751716,1.4772329127507258e-05,0.016687826766427178,0.0039114148956292455,low,0.0026751207053896933,0.0031107906143142522,0.003005093204904967,0.004023454
2025-03-28 00:40:00+00:00,3,0.0036649798185585543,1.3432077070441494e-05,0.01673168981108243,0.0039114148956292455,low,0.002818708095318865,0.0029240433778871936,0.0028418572567381855,0.0036106585
2025-03-28 00:45:00+00:00,3,0.00346362750619905,1.199671550169865e-05,0.01677881240892008,0.0039114148956292455,low,0.003045374497931703,0.002634257220574208,0.0025093737092114566,0.003982179
2025-03-28 00:50:00+00:00,3,0.0035294530362833666,1.2457038735329874e-05,0.016793797429906648,0.0039114148956292455,low,0.0031850862559997225,0.0026609753434142817,0.002562572988236305,0.0043391995
2025-03-28 00:55:00+00:00,3,0.0036710592861411923,1.347667628236348e-05,0.016796665479321373,0.0039114148956292455,low,0.0031092510667279777,0.002503920076698487,0.0024538014594414214,0.0034382457
2025-03-28 01:00:00+00:00,3,0.0037418449952779527,1.4001403968686663e-05,0.0167656100348448,0.0039114148956292455,low,0.0030874186788274094,0.002356112620648142,0.0022916602093229553,0.0030641872
2025-03-28 01:05:00+00:00,3,0.0037788461125749647,1.4279677942522924e-05,0.016757925919115436,0.0039114148956292455,low,0.0029421613198182743,0.0024030852021530357,0.0022916252413637036,0.002730498
2025-03-28 01:10:00+00:00,3,0.0037689145438898324,1.4204716839144304e-05,0.016769660349484017,0.0039114148956292455,low,0.002815087622543726,0.002429270438640763,0.0022842754266600715,0.0020948309
2025-03-28 01:15:00+00:00,3,0.0036232992397440076,1.3128297380729503e-05,0.01678682970347654,0.0039114148956292455,low,0.0029895632536654413,0.00302832971825024,0.0026472382235967636,0.0022563152
2025-03-28 01:20:00+00:00,3,0.0037080009538648785,1.3749271073862848e-05,0.01677926179987802,0.0039114148956292455,low,0.0029607719860367558,0.002658552384886725,0.0022982497613920475,0.0028191342
2025-03-28 01:25:00+00:00,3,0.0036135869170277634,1.3058010406914215e-05,0.016804280803721316,0.0039114148956292455,low,0.002813675604825778,0.0022791255328554745,0.0022838351686641635,0.0025135644
2025-03-28 01:30:00+00:00,3,0.0035650577681205367,1.2709636890036584e-05,0.016724614247900324,0.0039114148956292455,low,0.0028601769384925626,0.002414759485052437,0.002296906959972802,0.0024754307
2025-03-28 01:35:00+00:00,3,0.0028762699854907653,8.272929029435046e-06,0.016848065685731016,0.0039114148956292455,low,0.0038434787793751716,0.0028885698154165664,0.0028052659494274238,0.0029838302
2025-03-28 01:40:00+00:00,3,0.002827269253972255,7.993451434456832e-06,0.016860604525968614,0.0039114148956292455,low,0.0036649798185585543,0.002752437701058271,0.002768003551507596,0.0031017102
2025-03-28 01:45:00+00:00,3,0.002863807582512473,8.201393869655935e-06,0.016842477174694368,0.0039114148956292455,low,0.00346362750619905,0.0029701395735158686,0.0029608138882959976,0.0031532468
2025-03-28 01:50:00+00:00,3,0.002603812565380173,6.779839875631676e-06,0.016770671772251545,0.0039114148956292455,low,0.0035294530362833666,0.002584797981597491,0.002530661674749937,0.0026683516
2025-03-28 01:55:00+00:00,3,0.002682247738043543,7.1944529282397025e-06,0.016794107814762958,0.0039114148956292455,low,0.0036710592861411923,0.0023455436675767446,0.002597626723711895,0.0021600514
2025-03-28 02:00:00+00:00,3,0.002597287782681461,6.7459038260663805e-06,0.016804642008802915,0.0039114148956292455,low,0.0037418449952779527,0.0023670278368871428,0.0024980798463284408,0.0021588558
2025-03-28 02:05:00+00:00,3,0.0025002958658954023,6.2514794170136385e-06,0.01680915310603658,0.0039114148956292455,low,0.0037788461125749647,0.0026177328019738686,0.0025679096292181252,0.0027355168
2025-03-28 02:10:00+00:00,3,0.0026854621225454013,7.2117068116260515e-06,0.016800218086411113,0.0039114148956292455,low,0.0037689145438898324,0.0024309050145891746,0.002505287403041796,0.00309717
2025-03-28 02:15:00+00:00,3,0.0026838018499682585,7.202792369893048e-06,0.016800088103084622,0.0039114148956292455,low,0.0036232992397440076,0.0021634568682407838,0.00249734338837682,0.0027100684
2025-03-28 02:20:00+00:00,3,0.0025539799336580012,6.522813501527729e-06,0.0167947441855443,0.0039114148956292455,low,0.0037080009538648785,0.0022515388995546144,0.0024236715445871224,0.0020786277
2025-03-28 02:25:00+00:00,3,0.0025378647351334163,6.440757413833805e-06,0.01677896147186272,0.0039114148956292455,low,0.0036135869170277634,0.002291577452188064,0.002512463452016518,0.0019595178
2025-03-28 02:30:00+00:00,3,0.002564693563724581,6.577653075810293e-06,0.01675941547385392,0.0039114148956292455,low,0.0035650577681205367,0.0022487134542378776,0.0024875916335006646,0.002131588
2025-03-28 02:35:00+00:00,3,0.002269001546247469,5.148368016873404e-06,0.016823082708757008,0.0039114148956292455,low,0.0028762699854907653,0.0030138264798850434,0.00296699000769902,0.0027343952
2025-03-28 02:40:00+00:00,3,0.002249152873321029,5.058688647568242e-06,0.016822937735263967,0.0039114148956292455,low,0.002827269253972255,0.003034745139735617,0.0029910375153492283,0.0028450896
2025-03-28 02:45:00+00:00,3,0.002101856078527474,4.417798974842891e-06,0.01676305290524124,0.0039114148956292455,low,0.002863807582512473,0.002586803513325888,0.002693080040038991,0.002679084
2025-03-28 02:50:00+00:00,3,0.0020652051870637717,4.265072464675108e-06,0.01674299918160007,0.0039114148956292455,low,0.002603812565380173,0.003005508628284871,0.003102809086123013,0.0028454126
2025-03-28 02:55:00+00:00,3,0.0016683963145611945,2.783546262441376e-06,0.016695276630649052,0.0039114148956292455,low,0.002682247738043543,0.0027196775202473823,0.002786504547149226,0.003111223
2025-03-28 03:00:00+00:00,3,0.001645220427228687,2.7067502541705436e-06,0.016692662543186364,0.0039114148956292455,low,0.002597287782681461,0.0033011261291128824,0.0031227593207074243,0.0032100894
2025-03-28 03:05:00+00:00,3,0.0016695135395480138,2.787275458734137e-06,0.016689261460089123,0.0039114148956292455,low,0.0025002958658954023,0.002809374066757647,0.0029329360455314694,0.0033126597
2025-03-28 03:10:00+00:00,3,0.0013718266277001178,1.8819082964670779e-06,0.016720152539688397,0.0039114148956292455,low,0.0026854621225454013,0.00340812143208576,0.0031523795845072996,0.0035102898
2025-03-28 03:15:00+00:00,3,0.0013679232644072338,1.871214057306543e-06,0.016689884933848854,0.0039114148956292455,low,0.0026838018499682585,0.0036785085317043087,0.003235234184085977,0.003930459
2025-03-28 03:20:00+00:00,3,0.001430405338875342,2.046059433483082e-06,0.01665741179028026,0.0039114148956292455,low,0.0025539799336580012,0.003532776709518662,0.0032237884442655037,0.0042332467
2025-03-28 03:25:00+00:00,3,0.001422850883202149,2.0245046358291354e-06,0.016662370637394872,0.0039114148956292455,low,0.0025378647351334163,0.0031771090926402475,0.003155934966098574,0.003493398
2025-03-28 03:30:00+00:00,3,0.0013736522365450398,1.8869204669651902e-06,0.016655654494419615,0.0039114148956292455,low,0.002564693563724581,0.002950892703638477,0.003115355072619231,0.0040595396
2025-03-28 03:35:00+00:00,3,0.0014753574901748261,2.1766797238149622e-06,0.016668980939440258,0.0039114148956292455,low,0.002269001546247469,0.002977691613105582,0.003319298554356255,0.004022305
2025-03-28 03:40:00+00:00,3,0.0023879494169361955,5.702302417845917e-06,0.01666939333685395,0.0039114148956292455,low,0.002249152873321029,0.002952108150876887,0.0030553717384562227,0.003516242
2025-03-28 03:45:00+00:00,3,0.003390873235918378,1.1498021302067571e-05,0.01666859163328073,0.0039114148956292455,low,0.002101856078527474,0.002718151343464445,0.0029971237164910115,0.0032886928
2025-03-28 03:50:00+00:00,3,0.003597512076291925,1.2942093139066237e-05,0.016667024251047675,0.0039114148956292455,low,0.0020652051870637717,0.0028256309564029993,0.0028324500090194434,0.003116983
2025-03-28 03:55:00+00:00,3,0.0038525922022233745,1.484246667663235e-05,0.01666990725968723,0.0039114148956292455,low,0.0016683963145611945,0.0023955734909689498,0.0025041787032163507,0.0023298173
2025-03-28 04:00:00+00:00,3,0.005001028861292984,2.5010289671485406e-05,0.016666544976411436,0.0039114148956292455,low,0.001645220427228687,0.0027802655440168312,0.002806698068458439,0.002703237
2025-03-28 04:05:00+00:00,3,0.005206257686111639,2.7105119094196512e-05,0.01658371469789253,0.0039114148956292455,low,0.0016695135395480138,0.0022156004357840402,0.002406303454166319,0.0022549222
2025-03-28 04:10:00+00:00,3,0.005292782957537113,2.801355143559531e-05,0.016589129493601074,0.0039114148956292455,low,0.0013718266277001178,0.0022980856150828137,0.0024605816664878743,0.0022769575
2025-03-28 04:15:00+00:00,3,0.005294263305082688,2.8029223943545063e-05,0.016588532294417827,0.0039114148956292455,low,0.0013679232644072338,0.002316757782977542,0.00246141488666543,0.002287843
2025-03-28 04:20:00+00:00,3,0.005316339837938591,2.8263469272452925e-05,0.016591118061009002,0.0039114148956292455,low,0.001430405338875342,0.0028110734944731524,0.0026999004435541677,0.0022190444
2025-03-28 04:25:00+00:00,3,0.005371462919495011,2.8852613895509867e-05,0.016592311472001665,0.0039114148956292455,low,0.001422850883202149,0.002483409670907772,0.0025146725175068693,0.0020976535
2025-03-28 04:30:00+00:00,3,0.005545684408410756,3.075461555769016e-05,0.016589511118636865,0.0039114148956292455,low,0.0013736522365450398,0.002442663117232147,0.002440877662736041,0.0020397808
2025-03-28 04:35:00+00:00,3,0.005472950437717303,2.995318649371002e-05,0.016617290807961753,0.0039114148956292455,low,0.0014753574901748261,0.003481194332233636,0.0026899005410812595,0.0025686861
2025-03-28 04:40:00+00:00,3,0.005196088114726583,2.6999331696002855e-05,0.016682584606024183,0.0039114148956292455,low,0.0023879494169361955,0.0034316951084480338,0.0030114685118836763,0.0034159054
2025-03-28 04:45:00+00:00,3,0.004634618071118283,2.1479684665136156e-05,0.01685167968931496,0.0039114148956292455,low,0.003390873235918378,0.004711204462688605,0.003568164766772028,0.0039945617
2025-03-28 04:50:00+00:00,3,0.004622821818109004,2.1370481561984642e-05,0.016893512637920906,0.0039114148956292455,low,0.003597512076291925,0.003815600786082812,0.003533754706571007,0.0035028022
2025-03-28 04:55:00+00:00,3,0.004644719008825828,2.157341467094799e-05,0.016951813602279753,0.0039114148956292455,low,0.0038525922022233745,0.0043810644566184605,0.0034521466573019057,0.0035117278
2025-03-28 05:00:00+00:00,3,0.003511442974796745,1.2330231765249415e-05,0.017249132203089497,0.0039114148956292455,low,0.005001028861292984,0.004675588133826129,0.004383568310026748,0.003981653
2025-03-28 05:05:00+00:00,3,0.0038425767513848674,1.4765396090283482e-05,0.017289197225761437,0.0039114148956292455,low,0.005206257686111639,0.004103494598918192,0.004502261136089857,0.005128989
2025-03-28 05:10:00+00:00,3,0.0036719814257804577,1.3483447591276682e-05,0.017322967930298614,0.0039114148956292455,low,0.005292782957537113,0.003680637997087125,0.004027020245621757,0.0047334307
2025-03-28 05:15:00+00:00,3,0.003679960913666056,1.3542112326109912e-05,0.017323079612617386,0.0039114148956292455,low,0.005294263305082688,0.0033880097379260037,0.0037794400297020436,0.0043709893
2025-03-28 05:20:00+00:00,3,0.0038778820498903653,1.5037969192861902e-05,0.017301804715810037,0.0039114148956292455,low,0.005316339837938591,0.0035334087572825327,0.0038569397480724328,0.0036673571
2025-03-28 05:25:00+00:00,3,0.0038646509732544357,1.4935527145076458e-05,0.017322730061284066,0.0039114148956292455,low,0.005371462919495011,0.0034920310262185265,0.003846958397653379,0.0044560474
2025-03-28 05:30:00+00:00,3,0.0036154003293650005,1.3071119541572554e-05,0.017370610357433817,0.0039114148956292455,low,0.005545684408410756,0.003610150540177086,0.003845067676035457,0.003772125
2025-03-28 05:35:00+00:00,3,0.0035977942117558243,1.2944123190143714e-05,0.01735868161163169,0.0039114148956292455,low,0.005472950437717303,0.004017202361407882,0.004338434979070897,0.003666859
2025-03-28 05:40:00+00:00,3,0.0036523783637491046,1.3339867711982586e-05,0.017376118473357238,0.0039114148956292455,low,0.005196088114726583,0.003852975740989589,0.004142502705947368,0.0029491798
2025-03-28 05:45:00+00:00,3,0.0036437838464726527,1.327716071981504e-05,0.017380082248759008,0.0039114148956292455,low,0.004634618071118283,0.004116518289499218,0.0044234192421584405,0.0025271482
2025-03-28 05:50:00+00:00,3,0.003525021923512064,1.2425779561240692e-05,0.01741924988031558,0.0039114148956292455,low,0.004622821818109004,0.0038105060699528764,0.004000075388670281,0.0022146998
2025-03-28 05:55:00+00:00,3,0.003754425345889521,1.4095709677857651e-05,0.01746597002459649,0.0039114148956292455,low,0.004644719008825828,0.004097180150996629,0.004230571952349473,0.0027683403
2025-03-28 06:00:00+00:00,3,0.003643700584690293,1.3276553950872382e-05,0.01748711985015822,0.0039114148956292455,low,0.003511442974796745,0.003710677253795228,0.004095317174912386,0.003033152
2025-03-28 06:05:00+00:00,3,0.002998655944888684,8.991937475816247e-06,0.017620259831674763,0.0039114148956292455,low,0.0038425767513848674,0.004012705357498765,0.003837982765920433,0.0027218368
2025-03-28 06:10:00+00:00,3,0.0030552825916677177,9.334751714947805e-06,0.017620368816729615,0.0039114148956292455,low,0.0036719814257804577,0.0035044806047070287,0.0036389166071342034,0.0030474623
2025-03-28 06:15:00+00:00,3,0.0032996221359583556,1.088750624010638e-05,0.017559571414521212,0.0039114148956292455,low,0.003679960913666056,0.0031405254333705147,0.003477744788280719,0.0029509848
2025-03-28 06:20:00+00:00,3,0.0030741315688524013,9.450284902614927e-06,0.017613767546363596,0.0039114148956292455,low,0.0038778820498903653,0.003303722684812415,0.0035190499640042356,0.0029181559
2025-03-28 06:25:00+00:00,3,0.0031276423145008784,9.782146447456411e-06,0.017628424820105067,0.0039114148956292455,low,0.0038646509732544357,0.003021505087142398,0.003473206827241989,0.0027321093
2025-03-28 06:30:00+00:00,3,0.003242516726760867,1.0513914723324008e-05,0.017629398405120067,0.0039114148956292455,low,0.0036154003293650005,0.0034809940170760804,0.0036274607516255243,0.0025904342
2025-03-28 06:35:00+00:00,3,0.004227700077858663,1.7873447948326147e-05,0.01762486047634882,0.0039114148956292455,low,0.0035977942117558243,0.003293292868403943,0.003565206773779079,0.0022636345
2025-03-28 06:40:00+00:00,3,0.004176886618271218,1.7446381821893173e-05,0.017647061370226428,0.0039114148956292455,low,0.0036523783637491046,0.003944942169241757,0.0038947664462315327,0.002445448
2025-03-28 06:45:00+00:00,3,0.004197770073754975,1.7621273592112852e-05,0.01763193927591424,0.0039114148956292455,low,0.0036437838464726527,0.0034648667941768367,0.0036762324206213465,0.0023218056
2025-03-28 06:50:00+00:00,3,0.004133747511691193,1.7087868490413132e-05,0.01762665334251705,0.0039114148956292455,low,0.003525021923512064,0.0033984847402969425,0.0038676762989113076,0.0024268248
2025-03-28 06:55:00+00:00,3,0.0036853048377520864,1.3581471747158931e-05,0.01773602054692837,0.0039114148956292455,low,0.003754425345889521,0.004454181148827463,0.003924786073936836,0.0027190736
2025-03-28 07:00:00+00:00,3,0.003671560526359496,1.3480356698721217e-05,0.01773736781162678,0.0039114148956292455,low,0.003643700584690293,0.003901888171083135,0.003926788706430447,0.0025643026
2025-03-28 07:05:00+00:00,3,0.004157540081689125,1.7285139530851613e-05,0.017731959119317856,0.0039114148956292455,low,0.002998655944888684,0.004159289941340285,0.003840964702661852,0.0026511187
2025-03-28 07:10:00+00:00,3,0.004142880373601664,1.7163457789973865e-05,0.017724008558922665,0.0039114148956292455,low,0.0030552825916677177,0.0037133785860266897,0.0035897816354802585,0.0020686204
2025-03-28 07:15:00+00:00,3,0.004261746298768398,1.816248151506614e-05,0.017769879769008273,0.0039114148956292455,low,0.0032996221359583556,0.0035247698624172254,0.0037632109839792027,0.0023449538
2025-03-28 07:20:00+00:00,3,0.004258275192539908,1.8132907615400793e-05,0.017776748149031726,0.0039114148956292455,low,0.0030741315688524013,0.0034299880674411136,0.0037756602576146155,0.0020989613
2025-03-28 07:25:00+00:00,3,0.0043243116033294445,1.8699670842689672e-05,0.01780477983048428,0.0039114148956292455,low,0.0031276423145008784,0.003075160506631207,0.0037406740958071554,0.001921183
2025-03-28 07:30:00+00:00,3,0.00425839512700812,1.8133929057726504e-05,0.017824783038588157,0.0039114148956292455,low,0.003242516726760867,0.0036862012403774238,0.004061764731743167,0.0020412111
2025-03-28 07:35:00+00:00,3,0.0032690310535447493,1.0686564029039893e-05,0.018005386551574822,0.0039114148956292455,low,0.004227700077858663,0.005067177423428641,0.004685341207765895,0.0028829551
2025-03-28 07:40:00+00:00,3,0.0031809349983172902,1.011834746351982e-05,0.017976669495103507,0.0039114148956292455,low,0.004176886618271218,0.004514513732202358,0.0045644809758084975,0.002782164
2025-03-28 07:45:00+00:00,3,0.003194560581089223,1.0205217306249114e-05,0.017987422265467488,0.0039114148956292455,low,0.004197770073754975,0.005061229798228055,0.004547880578446493,0.003405422
2025-03-28 07:50:00+00:00,3,0.004131126166348188,1.706620340228668e-05,0.01798051784220413,0.0039114148956292455,low,0.004133747511691193,0.004997820497540317,0.00457277589312664,0.00341892
2025-03-28 07:55:00+00:00,3,0.004366811179839489,1.906903988037115e-05,0.017983760855150677,0.0039114148956292455,low,0.0036853048377520864,0.004358300141599216,0.004198164927307796,0.0032613236
2025-03-28 08:00:00+00:00,3,0.004405579382806786,1.940912969821222e-05,0.017983076053278715,0.0039114148956292455,low,0.003671560526359496,0.0045724053870416234,0.0041033772324457676,0.0033133486
2025-03-28 08:05:00+00:00,3,0.003925753209329349,1.541153826055968e-05,0.018098505513420904,0.0039114148956292455,low,0.004157540081689125,0.004916590907535031,0.004684523048894384,0.0034213206
2025-03-28 08:10:00+00:00,3,0.003902843504203721,1.5232187418305179e-05,0.018020934071388574,0.0039114148956292455,low,0.004142880373601664,0.004331751004943854,0.004366228445489646,0.0034840372
2025-03-28 08:15:00+00:00,3,0.003727128111376676,1.3891483958614267e-05,0.018066268788471132,0.0039114148956292455,low,0.004261746298768398,0.0038555745785728455,0.004018677914139025,0.0038722157
2025-03-28 08:20:00+00:00,3,0.003754814422491622,1.4098631347351094e-05,0.018063108169390784,0.0039114148956292455,low,0.004258275192539908,0.004227335679048565,0.004409987233677893,0.004023176
2025-03-28 08:25:00+00:00,3,0.0036272863468758405,1.315720624223188e-05,0.018103629707657033,0.0039114148956292455,low,0.0043243116033294445,0.004716174945438808,0.004565585168393865,0.004085918
2025-03-28 08:30:00+00:00,3,0.003908991410828434,1.5280213849930473e-05,0.018108691019166463,0.0039114148956292455,low,0.00425839512700812,0.00446677717860255,0.00465653758841954,0.003622437
2025-03-28 08:35:00+00:00,3,0.004041967871539059,1.633750427455399e-05,0.01810269526660054,0.0039114148956292455,low,0.0032690310535447493,0.003907526730411695,0.004247717937212096,0.0031545116
2025-03-28 08:40:00+00:00,3,0.004548068949291004,2.0684931167504974e-05,0.01803030663128262,0.0039114148956292455,low,0.0031809349983172902,0.0036729019385343814,0.004081285354256715,0.0028672304
2025-03-28 08:45:00+00:00,3,0.00450105705523124,2.0259514614446922e-05,0.017998457880411173,0.0039114148956292455,low,0.003194560581089223,0.0037915181439114993,0.004140835427384392,0.0029964314
2025-03-28 08:50:00+00:00,3,0.00375601100130649,1.4107618641935384e-05,0.01816934512806245,0.0039114148956292455,low,0.004131126166348188,0.003978912842137597,0.0044736217614184835,0.003674145
2025-03-28 08:55:00+00:00,3,0.0034600435934670215,1.197190166869218e-05,0.01823043169238953,0.0039114148956292455,low,0.004366811179839489,0.003354622704594293,0.003893244867246125,0.0032915496
2025-03-28 09:00:00+00:00,3,0.003428979785755163,1.1757902371117523e-05,0.018227320892760468,0.0039114148956292455,low,0.004405579382806786,0.0031850201146239637,0.0037834912651689813,0.0031741357
2025-03-28 09:05:00+00:00,3,0.003690002513849805,1.3616118552217881e-05,0.018233250043541236,0.0039114148956292455,low,0.003925753209329349,0.0033255619859787152,0.0037743882659978306,0.0031876867
2025-03-28 09:10:00+00:00,3,0.004395769267784598,1.932278745559954e-05,0.01823447910628477,0.0039114148956292455,low,0.003902843504203721,0.003742313153709471,0.004034365513370434,0.0034736942
2025-03-28 09:15:00+00:00,3,0.00430666751336501,1.854738507067356e-05,0.01826358641774751,0.0039114148956292455,low,0.003727128111376676,0.0040683185198075004,0.004139667000064578,0.002863712
2025-03-28 09:20:00+00:00,3,0.004240464889015659,1.7981542474974585e-05,0.018277314781310033,0.0039114148956292455,low,0.003754814422491622,0.0042209260373866665,0.004125343725806699,0.0030560582
2025-03-28 09:25:00+00:00,3,0.004217750290324926,1.7789417511535996e-05,0.01829293935505534,0.0039114148956292455,low,0.0036272863468758405,0.004111568055929108,0.004274757660399433,0.0036190597
2025-03-28 09:30:00+00:00,3,0.00395175652957646,1.5616379669050187e-05,0.018352638788518467,0.0039114148956292455,low,0.003908991410828434,0.00385662898416585,0.004022517615436208,0.0032158913
2025-03-28 09:35:00+00:00,3,0.0039258384262418865,1.541220734895737e-05,0.01837130897349125,0.0039114148956292455,low,0.004041967871539059,0.0037439770870395005,0.004072536275414264,0.0033843066
2025-03-28 09:40:00+00:00,3,0.003320718904485807,1.1027174042609417e-05,0.018482421434876925,0.0039114148956292455,low,0.004548068949291004,0.003646030031013242,0.004433614250878036,0.0036053956
2025-03-28 09:45:00+00:00,3,0.003335603591776405,1.1126251321471655e-05,0.01848394036667054,0.0039114148956292455,low,0.00450105705523124,0.0032760263363317914,0.004227783132260044,0.0038624126
2025-03-28 09:50:00+00:00,3,0.0032926086789393295,1.0841271912626596e-05,0.018502207546371344,0.0039114148956292455,low,0.00375601100130649,0.0037908229108979956,0.004435886627047094,0.003523649
2025-03-28 09:55:00+00:00,3,0.0032833625577634545,1.0780469685722974e-05,0.018497871568153367,0.0039114148956292455,low,0.0034600435934670215,0.003307462407436807,0.004171348900143309,0.0031602492
2025-03-28 10:00:00+00:00,3,0.003408714446146158,1.1619334175365509e-05,0.01847513292660064,0.0039114148956292455,low,0.003428979785755163,0.0029571570131575195,0.0037147433611928286,0.0032168191
2025-03-28 10:05:00+00:00,3,0.003214876917026456,1.033543359162953e-05,0.018489404342633346,0.0039114148956292455,low,0.003690002513849805,0.003917096312049237,0.004185730553137859,0.0035737953
2025-03-28 10:10:00+00:00,3,0.0023560054907373063,5.550761872384336e-06,0.018643666003057877,0.0039114148956292455,low,0.004395769267784598,0.003737841592836185,0.004241063600340796,0.0036117157
2025-03-28 10:15:00+00:00,3,0.002758980224786233,7.6119718807614926e-06,0.018643987957535628,0.0039114148956292455,low,0.00430666751336501,0.0030204861220927874,0.0038342186670051633,0.0039921775
2025-03-28 10:20:00+00:00,3,0.003228420270937382,1.0422697445799398e-05,0.018640196827442876,0.0039114148956292455,low,0.004240464889015659,0.0031336034883212237,0.003890470133775957,0.0031813423
2025-03-28 10:25:00+00:00,3,0.0037695020317128325,1.4209145567087173e-05,0.018633564655158332,0.0039114148956292455,low,0.004217750290324926,0.0033679326995025996,0.004083565396480758,0.00395671
2025-03-28 10:30:00+00:00,3,0.0037806501533365656,1.4293315581923797e-05,0.01863767774318705,0.0039114148956292455,low,0.00395175652957646,0.0027417226076062525,0.0037576145659570298,0.003400027
2025-03-28 10:35:00+00:00,3,0.0036720626579464233,1.3484044163884552e-05,0.018660972613414355,0.0039114148956292455,low,0.0039258384262418865,0.002960699083981697,0.003832471613254337,0.0040689213
2025-03-28 10:40:00+00:00,3,0.0036741357709323993,1.3499273663245016e-05,0.018649900064477143,0.0039114148956292455,low,0.003320718904485807,0.0027951371067671976,0.00406560346485446,0.003188988
2025-03-28 10:45:00+00:00,3,0.0036749367243331353,1.3505159927852354e-05,0.018649324461906893,0.0039114148956292455,low,0.003335603591776405,0.0026086250170349787,0.0037765362606487773,0.00287408
2025-03-28 10:50:00+00:00,3,0.0038790725495203428,1.5047203844442253e-05,0.018437945099823497,0.0039114148956292455,low,0.0032926086789393295,0.0029143189520301253,0.004167043691999434,0.002974785
2025-03-28 10:55:00+00:00,3,0.0038865831911004726,1.5105528901344733e-05,0.018441418872125658,0.0039114148956292455,low,0.0032833625577634545,0.003142250697329188,0.003992088502832265,0.0029287979
2025-03-28 11:00:00+00:00,3,0.0037795444426045816,1.4284956193623176e-05,0.018460001820810566,0.0039114148956292455,low,0.003408714446146158,0.004243162035782234,0.004291403818273293,0.0033931453
2025-03-28 11:05:00+00:00,3,0.0038174698909692584,1.4573076368456842e-05,0.018453742252221694,0.0039114148956292455,low,0.003214876917026456,0.003564156555383417,0.0040035494227598015,0.002926366
2025-03-28 11:10:00+00:00,3,0.003711381946373479,1.3774355951866991e-05,0.018478940057340174,0.0039114148956292455,low,0.0023560054907373063,0.0032676003865530416,0.0037784235194021163,0.0027925603
2025-03-28 11:15:00+00:00,3,0.003359874349647023,1.1288755645416003e-05,0.018496428635672597,0.0039114148956292455,low,0.002758980224786233,0.003799170603690643,0.0038788445238883175,0.002826009
2025-03-28 11:20:00+00:00,3,0.002920428370520328,8.528901867340018e-06,0.018573999923958005,0.0039114148956292455,low,0.003228420270937382,0.0036071714144883106,0.004036595369941734,0.003502637
2025-03-28 11:25:00+00:00,3,0.0021272822827432367,4.525329910473276e-06,0.018676745390496942,0.0039114148956292455,low,0.0037695020317128325,0.003939997372436348,0.004368749442694269,0.0046050097
2025-03-28 11:30:00+00:00,3,0.002592328060126485,6.720164771319144e-06,0.018590516519984862,0.0039114148956292455,low,0.0037806501533365656,0.004092265583782756,0.004224806679268651,0.0046638935
2025-03-28 11:35:00+00:00,3,0.004187631106657393,1.7536254285444622e-05,0.018589944477743363,0.0039114148956292455,low,0.0036720626579464233,0.0034482277237533132,0.004100200499937163,0.0043874355
2025-03-28 11:40:00+00:00,3,0.004654706724056814,2.166629468697972e-05,0.018569313420703785,0.0039114148956292455,low,0.0036741357709323993,0.0032320389880046816,0.0037440629095936593,0.004243418
2025-03-28 11:45:00+00:00,3,0.005170309933363361,2.6732104807035847e-05,0.01850332321506179,0.0039114148956292455,low,0.0036749367243331353,0.0029388806413410346,0.0034120182123477437,0.0039427653
2025-03-28 11:50:00+00:00,3,0.0050766585627912125,2.5772462163161338e-05,0.018553537377248533,0.0039114148956292455,low,0.0038790725495203428,0.002929504362640315,0.0032492719633777293,0.0036449998
2025-03-28 11:55:00+00:00,3,0.005053609462322239,2.5538968597672875e-05,0.01855619162876434,0.0039114148956292455,low,0.0038865831911004726,0.0032803783543781688,0.003399741074815044,0.00361066
2025-03-28 12:00:00+00:00,3,0.005431330496886553,2.9499350966409923e-05,0.018527429195067655,0.0039114148956292455,low,0.0037795444426045816,0.0033506545182472943,0.0034005815272082408,0.0041308086
2025-03-28 12:05:00+00:00,3,0.005336079720706207,2.847374678573203e-05,0.01851782399937222,0.0039114148956292455,low,0.0038174698909692584,0.0031792172688583425,0.0032563976270297587,0.0041325875
2025-03-28 12:10:00+00:00,3,0.00570587850859578,3.25570495548552e-05,0.01846293547130221,0.0039114148956292455,low,0.003711381946373479,0.0027418306864560433,0.003015043102733904,0.003866356
2025-03-28 12:15:00+00:00,3,0.005869525763466859,3.445133268800121e-05,0.018459978336463925,0.0039114148956292455,low,0.003359874349647023,0.0027759867879894283,0.0031072321192293505,0.003835196
2025-03-28 12:20:00+00:00,3,0.00617643600664611,3.814836174419455e-05,0.018463475505002373,0.0039114148956292455,low,0.002920428370520328,0.0029556532067508603,0.0033275397602072015,0.0039941045
2025-03-28 12:25:00+00:00,3,0.006346038327971047,4.027220246007756e-05,0.018469207618990652,0.0039114148956292455,low,0.0021272822827432367,0.003042732532665424,0.0034683173374933543,0.0030871378
2025-03-28 12:30:00+00:00,3,0.006187296510608651,3.828263811018999e-05,0.01852648478229736,0.0039114148956292455,low,0.002592328060126485,0.0038054217907090818,0.0033186003991800355,0.0036894681
2025-03-28 12:35:00+00:00,3,0.005314067248028194,2.8239310716565946e-05,0.018800378562456612,0.0039114148956292455,low,0.004187631106657393,0.0050091635921230525,0.004492906112584873,0.005018485
2025-03-28 12:40:00+00:00,3,0.005757419812418472,3.314788289642875e-05,0.018838004204637854,0.0039114148956292455,low,0.004654706724056814,0.004936921552216075,0.005233130113771723,0.0044840463
2025-03-28 12:45:00+00:00,3,0.005857041710543551,3.430493759904693e-05,0.018904503306859475,0.0039114148956292455,low,0.005170309933363361,0.004379230020072982,0.005243969013529298,0.004573254
2025-03-28 12:50:00+00:00,3,0.005806968461049976,3.372088270762913e-05,0.018928847204246355,0.0039114148956292455,low,0.0050766585627912125,0.0038898823445695408,0.004537160700359132,0.004862123
2025-03-28 12:55:00+00:00,3,0.006551883140441833,4.292717268600594e-05,0.018922857006051973,0.0039114148956292455,low,0.005053609462322239,0.003589350033418363,0.0045978580453889155,0.0054634446
2025-03-28 13:00:00+00:00,3,0.006233050333404333,3.8850916458751873e-05,0.019014480589092487,0.0039114148956292455,low,0.005431330496886553,0.0037728109693587956,0.004503341206225605,0.0057493965
2025-03-28 13:05:00+00:00,3,0.006474865119959993,4.192387832167454e-05,0.01899939119811124,0.0039114148956292455,low,0.005336079720706207,0.004237873952166699,0.005074914866218516,0.0052095577
2025-03-28 13:10:00+00:00,3,0.007912131586961144,6.260182624938826e-05,0.01908559384964671,0.0039114148956292455,low,0.00570587850859578,0.004112390204433631,0.004933314213159081,0.005026714
2025-03-28 13:15:00+00:00,3,0.007794307566097207,6.0751230434920164e-05,0.019104726352203796,0.0039114148956292455,low,0.005869525763466859,0.003777192124933733,0.004584774638316523,0.005654954
2025-03-28 13:20:00+00:00,3,0.007545649756608091,5.6936830249399746e-05,0.019184484344986465,0.0039114148956292455,low,0.00617643600664611,0.00453699306829635,0.004956399297194481,0.0052801003
2025-03-28 13:25:00+00:00,3,0.007439377815612153,5.534434228342225e-05,0.01916913095131229,0.0039114148956292455,low,0.006346038327971047,0.004156019042205962,0.00496314589962627,0.005901778
2025-03-28 13:30:00+00:00,3,0.007613084530325714,5.79590560658847e-05,0.019151126572143917,0.0039114148956292455,low,0.006187296510608651,0.00426851859790168,0.0049711807393300195,0.005911199
2025-03-28 13:35:00+00:00,3,0.007578759303988793,5.7437592587796696e-05,0.018970377580815285,0.0039114148956292455,low,0.005314067248028194,0.004573242305419759,0.0052312311528018894,0.0040407158
2025-03-28 13:40:00+00:00,3,0.007150544699813361,5.1130289504028945e-05,0.01910314776583728,0.0039114148956292455,low,0.005757419812418472,0.0043839338542794315,0.0050581166130092975,0.0046912567
2025-03-28 13:45:00+00:00,3,0.0067127545047554835,4.5061073041115034e-05,0.019240787734239415,0.0039114148956292455,low,0.005857041710543551,0.004138320913927353,0.005118575277078258,0.0053496948
2025-03-28 13:50:00+00:00,3,0.006917449532815055,4.785110803904323e-05,0.019189502223792836,0.0039114148956292455,low,0.005806968461049976,0.004016026146657911,0.005053570680556532,0.00572658
2025-03-28 13:55:00+00:00,3,0.006300069556560906,3.969087641750553e-05,0.019367173062568015,0.0039114148956292455,low,0.006551883140441833,0.005194623725524501,0.006355585757665041,0.0051533547
2025-03-28 14:00:00+00:00,3,0.006647842794970353,4.419381382663923e-05,0.019329202612393674,0.0039114148956292455,low,0.006233050333404333,0.004356356105443119,0.0055255753785428295,0.004775938
2025-03-28 14:05:00+00:00,3,0.006465749357620411,4.180591475556876e-05,0.019311601187493043,0.0039114148956292455,low,0.006474865119959993,0.004529914831439404,0.006237438521389223,0.005457615
2025-03-28 14:10:00+00:00,3,0.004201846617818216,1.765551499967038e-05,0.01976471699213984,0.0039114148956292455,low,0.007912131586961144,0.007452889877001906,0.007576958381052286,0.0051791565
2025-03-28 14:15:00+00:00,3,0.005453074701702536,2.9736023702348198e-05,0.019713044008598156,0.0039114148956292455,low,0.007794307566097207,0.006613110239836824,0.007388201056575911,0.0062884283
2025-03-28 14:20:00+00:00,3,0.0054520470914208845,2.972481748707093e-05,0.019617697761985905,0.0039114148956292455,low,0.007545649756608091,0.0060540058023806605,0.006315986284859903,0.0067034136
2025-03-28 14:25:00+00:00,3,0.005944361426460658,3.533543276839339e-05,0.019545251753713827,0.0039114148956292455,low,0.007439377815612153,0.005909952000331682,0.006347437981574894,0.007077495
2025-03-28 14:30:00+00:00,3,0.005947762314258556,3.5375876546914296e-05,0.019516934672652163,0.0039114148956292455,low,0.007613084530325714,0.005684159902045689,0.006443010017896275,0.0067995093
2025-03-28 14:35:00+00:00,3,0.005992016206140339,3.590425821464847e-05,0.019507260836125404,0.0039114148956292455,low,0.007578759303988793,0.0059217120672586014,0.006548306109939624,0.006341053
2025-03-28 14:40:00+00:00,3,0.0059615486912180755,3.5540062797763946e-05,0.019439270306948295,0.0039114148956292455,low,0.007150544699813361,0.005947464874856013,0.006514625147142391,0.0067650056
2025-03-28 14:45:00+00:00,3,0.006240692836856281,3.89462470839893e-05,0.019380766928760052,0.0039114148956292455,low,0.0067127545047554835,0.005256435011198079,0.006231655205518808,0.007115272
2025-03-28 14:50:00+00:00,3,0.0060313256665849085,3.637688929640589e-05,0.019444231299206437,0.0039114148956292455,low,0.006917449532815055,0.005466654917321403,0.00655146454352796,0.005883385
2025-03-28 14:55:00+00:00,3,0.006609720913884579,4.368841055944319e-05,0.019432835443263515,0.0039114148956292455,low,0.006300069556560906,0.004947172704973249,0.005909448642323736,0.006054121
2025-03-28 15:00:00+00:00,3,0.0063119762896243145,3.984104468077953e-05,0.01953629329759615,0.0039114148956292455,low,0.006647842794970353,0.005064681632731858,0.0063861219724846326,0.005989834
2025-03-28 15:05:00+00:00,3,0.006322423904498786,3.997304402817768e-05,0.019555278456357086,0.0039114148956292455,low,0.006465749357620411,0.006378570239502371,0.006756812625925983,0.0057524703
2025-03-28 15:10:00+00:00,3,0.006417048162644843,4.117850712170355e-05,0.019514567025893215,0.0039114148956292455,low,0.004201846617818216,0.004813532873999661,0.005779228056888151,0.005257582
2025-03-28 15:15:00+00:00,3,0.0055527011065666385,3.083248957886637e-05,0.01963642189804338,0.0039114148956292455,low,0.005453074701702536,0.005443956889286837,0.0060259175908916095,0.0063001513
2025-03-28 15:20:00+00:00,3,0.0056481775550156045,3.1901909692982054e-05,0.01961054063882029,0.0039114148956292455,low,0.0054520470914208845,0.004578511182287265,0.0057860285060646575,0.0062597706
2025-03-28 15:25:00+00:00,3,0.0053144705225765905,2.82435969353355e-05,0.019715067867300474,0.0039114148956292455,low,0.005944361426460658,0.004783878249739517,0.005987018377134441,0.0058356384
2025-03-28 15:30:00+00:00,3,0.005016863057955427,2.5168914942277872e-05,0.01977699247717197,0.0039114148956292455,low,0.005947762314258556,0.004118459173774482,0.005475673321307594,0.005159733
2025-03-28 15:35:00+00:00,3,0.00494697284607265,2.447254033978014e-05,0.019737576458726223,0.0039114148956292455,low,0.005992016206140339,0.0040369569158939505,0.004914061588908454,0.0058396384
2025-03-28 15:40:00+00:00,3,0.0048010822780204495,2.3050391040322025e-05,0.01974294908964146,0.0039114148956292455,low,0.0059615486912180755,0.00434269025357613,0.005061165680143463,0.0057462445
2025-03-28 15:45:00+00:00,3,0.0044141362830382065,1.9484599125234354e-05,0.019781000926731126,0.0039114148956292455,low,0.006240692836856281,0.004442153914218399,0.005283254176800581,0.006083827
2025-03-28 15:50:00+00:00,3,0.004597542989807063,2.1137401543124066e-05,0.019797171441864537,0.0039114148956292455,low,0.0060313256665849085,0.004490670017486902,0.005203494277113588,0.0056112916
2025-03-28 15:55:00+00:00,3,0.0038976213628473485,1.5191452288124022e-05,0.019860221443445816,0.0039114148956292455,low,0.006609720913884579,0.0043989670349385305,0.005509563621300457,0.0058468576
2025-03-28 16:00:00+00:00,3,0.004087972290485663,1.6711517447778595e-05,0.019834557562918687,0.0039114148956292455,low,0.0063119762896243145,0.005221588122944447,0.006197915119511428,0.0058521824
2025-03-28 16:05:00+00:00,3,0.003980280086150853,1.584262956420904e-05,0.019843342418999498,0.0039114148956292455,low,0.006322423904498786,0.0045218930539219606,0.005380912884113011,0.005139068
2025-03-28 16:10:00+00:00,3,0.0038111622284856643,1.4524957531835816e-05,0.019807084162395575,0.0039114148956292455,low,0.006417048162644843,0.004484511936962145,0.006284687500321343,0.004247637
2025-03-28 16:15:00+00:00,3,0.0036061593622694673,1.3004385346083731e-05,0.01981249919485061,0.0039114148956292455,low,0.0055527011065666385,0.005012728138855973,0.00671490447778948,0.004394852
2025-03-28 16:20:00+00:00,3,0.004038138403255997,1.6306561763850894e-05,0.019776751042178024,0.0039114148956292455,low,0.0056481775550156045,0.006059987527424671,0.007046029241413482,0.004569252
2025-03-28 16:25:00+00:00,3,0.0036970598650236802,1.3668251645568914e-05,0.019810681549498704,0.0039114148956292455,low,0.0053144705225765905,0.0045039779683754425,0.006206705124275368,0.004914782
2025-03-28 16:30:00+00:00,3,0.0037575544328805714,1.4119215316060432e-05,0.019771791155078232,0.0039114148956292455,low,0.005016863057955427,0.004315109314252158,0.006138877561323146,0.004930396
2025-03-28 16:35:00+00:00,3,0.0042388765839066955,1.7968074693592496e-05,0.01977539156854797,0.0039114148956292455,low,0.00494697284607265,0.003997530384225979,0.0058802948034204,0.0053540487
2025-03-28 16:40:00+00:00,3,0.004146334128119176,1.71920867020058e-05,0.01978977707192072,0.0039114148956292455,low,0.0048010822780204495,0.004070663175131545,0.005824432749607517,0.0056006233
2025-03-28 16:45:00+00:00,3,0.004492914356531655,2.018627941512825e-05,0.019769733875494407,0.0039114148956292455,low,0.0044141362830382065,0.00385771264661539,0.005390009668668247,0.0054347697
2025-03-28 16:50:00+00:00,3,0.004248238725537505,1.8047532269156524e-05,0.01973629957296794,0.0039114148956292455,low,0.004597542989807063,0.0042929964698818724,0.005623614335027789,0.0053614983
2025-03-28 16:55:00+00:00,3,0.004120248706093834,1.6976449400067918e-05,0.01978522919334671,0.0039114148956292455,low,0.0038976213628473485,0.004280009378230836,0.004901408677399159,0.005608983
2025-03-28 17:00:00+00:00,3,0.004159104182984307,1.7298147604917556e-05,0.01981533268448925,0.0039114148956292455,low,0.004087972290485663,0.004067047510346151,0.005274393567346975,0.0053518433
2025-03-28 17:05:00+00:00,3,0.0042818025816331855,1.8333833348080615e-05,0.019722240127385327,0.0039114148956292455,low,0.003980280086150853,0.004106838668925245,0.005183242396778842,0.0053291027
2025-03-28 17:10:00+00:00,3,0.004203167523668147,1.7666617232018622e-05,0.01971491811811335,0.0039114148956292455,low,0.0038111622284856643,0.004235524374631207,0.0051243233604145585,0.0051314184
2025-03-28 17:15:00+00:00,3,0.004164116783287139,1.7339868584853626e-05,0.01971654827060663,0.0039114148956292455,low,0.0036061593622694673,0.005173777771127046,0.005422040432444093,0.005305955
2025-03-28 17:20:00+00:00,3,0.0036290029655187584,1.3169662523743944e-05,0.019801755499621296,0.0039114148956292455,low,0.004038138403255997,0.0045854972562943816,0.005006186128334204,0.005093838
2025-03-28 17:25:00+00:00,3,0.004369984708458438,1.9096766352160582e-05,0.01972474440794832,0.0039114148956292455,low,0.0036970598650236802,0.003969806478248726,0.004856838831819878,0.00507448
2025-03-28 17:30:00+00:00,3,0.004320802620606418,1.866933528623929e-05,0.019645790321704132,0.0039114148956292455,low,0.0037575544328805714,0.003970363640501179,0.004750311396700913,0.0048902687
2025-03-28 17:35:00+00:00,3,0.004115850065317629,1.694022176017513e-05,0.019742539483206027,0.0039114148956292455,low,0.0042388765839066955,0.0042542617339343305,0.005046801128971379,0.005511659
2025-03-28 17:40:00+00:00,3,0.0043375324538449936,1.8814187788158572e-05,0.01974212301281131,0.0039114148956292455,low,0.004146334128119176,0.004119693833718699,0.004674363652768002,0.0054380046
2025-03-28 17:45:00+00:00,3,0.0039582008509431305,1.566735397640692e-05,0.019782136654040133,0.0039114148956292455,low,0.004492914356531655,0.004063272185533502,0.005495078354769344,0.005226888
2025-03-28 17:50:00+00:00,3,0.00394388586287959,1.555423569942149e-05,0.01974875829960208,0.0039114148956292455,low,0.004248238725537505,0.003959706841078274,0.004597532283933088,0.0049029007
2025-03-28 17:55:00+00:00,3,0.0037712015641037026,1.4221961237098212e-05,0.019703161837388305,0.0039114148956292455,low,0.004120248706093834,0.0036219870588227567,0.004837846721196065,0.0051529612
2025-03-28 18:00:00+00:00,3,0.0034854077275817573,1.214806702748663e-05,0.01976525301327178,0.0039114148956292455,low,0.004159104182984307,0.0037569046059756795,0.004322399782504448,0.0045289183
2025-03-28 18:05:00+00:00,3,0.003708424324157417,1.3752410968002396e-05,0.019786147752703515,0.0039114148956292455,low,0.0042818025816331855,0.004631097896206378,0.004888330469416797,0.0040760557
2025-03-28 18:10:00+00:00,3,0.003710782288202928,1.3769905190440556e-05,0.019773464133474913,0.0039114148956292455,low,0.004203167523668147,0.004747066934046571,0.004881802697311659,0.004656758
2025-03-28 18:15:00+00:00,3,0.003736355333773643,1.396035118021875e-05,0.01972423071951894,0.0039114148956292455,low,0.004164116783287139,0.004193810570554375,0.004309813887196394,0.00430827
2025-03-28 18:20:00+00:00,3,0.003738628156736777,1.397734049434503e-05,0.019721448957420406,0.0039114148956292455,low,0.0036290029655187584,0.0042308640427472476,0.004246721934735978,0.004902431
2025-03-28 18:25:00+00:00,3,0.0028277386672086124,7.996105970026739e-06,0.01985343019860005,0.0039114148956292455,low,0.004369984708458438,0.004106612545717448,0.0045173624306148906,0.0055684126
2025-03-28 18:30:00+00:00,3,0.0029383675375184784,8.634003785542406e-06,0.019845053196881453,0.0039114148956292455,low,0.004320802620606418,0.004192349242959148,0.004563021504736115,0.004267822
2025-03-28 18:35:00+00:00,3,0.002714470771102307,7.368351567168753e-06,0.01986109175128721,0.0039114148956292455,low,0.004115850065317629,0.004043400090192929,0.004641472202922174,0.004088939
2025-03-28 18:40:00+00:00,3,0.0023044245447119745,5.310372482270991e-06,0.019892924942964057,0.0039114148956292455,low,0.0043375324538449936,0.003681966239137442,0.004541181769845867,0.0038680674
2025-03-28 18:45:00+00:00,3,0.002344246208374448,5.495490285477974e-06,0.01986442307004827,0.0039114148956292455,low,0.0039582008509431305,0.003870437728990889,0.004126438629251997,0.003543276
2025-03-28 18:50:00+00:00,3,0.0025466569587792504,6.48546166569878e-06,0.019859399599731688,0.0039114148956292455,low,0.00394388586287959,0.003853298693792804,0.004127286701328101,0.0035404977
2025-03-28 18:55:00+00:00,3,0.0025655923898829924,6.582264311025525e-06,0.01984823547665982,0.0039114148956292455,low,0.0037712015641037026,0.004103216654096982,0.0049842336170537105,0.0037285464
2025-03-28 19:00:00+00:00,3,0.0024754981897814254,6.128091287611115e-06,0.01981401049522501,0.0039114148956292455,low,0.0034854077275817573,0.003440394665258872,0.004106579319080455,0.0038854366
2025-03-28 19:05:00+00:00,3,0.001945986372465035,3.786862961819626e-06,0.01988045457789709,0.0039114148956292455,low,0.003708424324157417,0.0037581342000463326,0.004680362681782153,0.004485201
2025-03-28 19:10:00+00:00,3,0.002201189396080607,4.845234757417709e-06,0.019880139844216695,0.0039114148956292455,low,0.003710782288202928,0.0037850865995862387,0.004863254472428219,0.0042967093
2025-03-28 19:15:00+00:00,3,0.002378976877019995,5.659530981395808e-06,0.019816548754565847,0.0039114148956292455,low,0.003736355333773643,0.0034938472000118088,0.004693434559225554,0.004689237
2025-03-28 19:20:00+00:00,3,0.002662802515583176,7.090517236996091e-06,0.019814086996161218,0.0039114148956292455,low,0.003738628156736777,0.0037169198608409037,0.004719056242590885,0.0046039517
2025-03-28 19:25:00+00:00,3,0.0026787294324024,7.175591372018884e-06,0.019792906468661404,0.0039114148956292455,low,0.0028277386672086124,0.0035085510081181446,0.004340854612718364,0.0042594946
2025-03-28 19:30:00+00:00,3,0.002560393533184982,6.555615044775477e-06,0.01980839242178113,0.0039114148956292455,low,0.0029383675375184784,0.0029491896199484212,0.00448259150822995,0.0037246975
2025-03-28 19:35:00+00:00,3,0.002399152486165973,5.755932651876369e-06,0.019829345629734218,0.0039114148956292455,low,0.002714470771102307,0.0031344681006720814,0.004113134474026264,0.0041154553
2025-03-28 19:40:00+00:00,3,0.0025466358381086665,6.485354091939431e-06,0.0198117650664758,0.0039114148956292455,low,0.0023044245447119745,0.0031423084319958535,0.003998020436626313,0.00397443
2025-03-28 19:45:00+00:00,3,0.0025840574257411145,6.677352779527795e-06,0.019815719820528786,0.0039114148956292455,low,0.002344246208374448,0.0033232746238586455,0.0041023203199527895,0.0040731686
2025-03-28 19:50:00+00:00,3,0.0030546126159459526,9.330658233496176e-06,0.019831444615008856,0.0039114148956292455,low,0.0025466569587792504,0.003255801740855292,0.004773496525931376,0.0041220523
2025-03-28 19:55:00+00:00,3,0.003056695314499589,9.343386245683742e-06,0.01981837573048013,0.0039114148956292455,low,0.0025655923898829924,0.0033975874629408242,0.004618210553701217,0.0041198656
2025-03-28 20:00:00+00:00,3,0.003161103963122254,9.992578265667221e-06,0.019778675614226388,0.0039114148956292455,low,0.0024754981897814254,0.0038488106512675263,0.004523195499752232,0.0046781483
2025-03-28 20:05:00+00:00,3,0.0031615733883132665,9.99554628969063e-06,0.019784304106330253,0.0039114148956292455,low,0.001945986372465035,0.003186707695217911,0.003802948878904,0.0040006824
2025-03-28 20:10:00+00:00,3,0.003381581344248607,1.1435092387770214e-05,0.019790327685251213,0.0039114148956292455,low,0.002201189396080607,0.0033120089320937593,0.00403448109473836,0.0041906065
2025-03-28 20:15:00+00:00,3,0.0034107665533767767,1.1633328481633695e-05,0.01981607341814349,0.0039114148956292455,low,0.002378976877019995,0.0036490572297270016,0.003839481616347995,0.004315536
2025-03-28 20:20:00+00:00,3,0.0034146256645637657,1.1659668429097538e-05,0.019807141741650262,0.0039114148956292455,low,0.002662802515583176,0.0034417175460933406,0.0038261492972803753,0.004269092
2025-03-28 20:25:00+00:00,3,0.003669879224717344,1.3468013524011975e-05,0.019799886122848828,0.0039114148956292455,low,0.0026787294324024,0.0031520127166289385,0.003752408772522855,0.0044903476
2025-03-28 20:30:00+00:00,3,0.003667695807115141,1.3451992533529986e-05,0.019783454789996543,0.0039114148956292455,low,0.002560393533184982,0.0027233592675344445,0.003353762349466458,0.004127861
2025-03-28 20:35:00+00:00,3,0.0038175868444430745,1.4573969314864832e-05,0.01978750978787753,0.0039114148956292455,low,0.002399152486165973,0.0028433094071570607,0.0033118613455497053,0.0041624843
2025-03-28 20:40:00+00:00,3,0.0038403724875540066,1.4748460843161748e-05,0.019799626228323392,0.0039114148956292455,low,0.0025466358381086665,0.0040449048482629054,0.0035282082303843953,0.004593987
2025-03-28 20:45:00+00:00,3,0.003792227652038695,1.4380990564886916e-05,0.019801838553316322,0.0039114148956292455,low,0.0025840574257411145,0.0031774790938989173,0.0032079154933572465,0.0045432635
2025-03-28 20:50:00+00:00,3,0.0035756612849487724,1.2785353624681506e-05,0.019892966889289408,0.0039114148956292455,low,0.0030546126159459526,0.0032240859302652154,0.0032350421100783783,0.0040590516
2025-03-28 20:55:00+00:00,3,0.003564469662911315,1.2705443977815103e-05,0.01989087678455701,0.0039114148956292455,low,0.003056695314499589,0.003106207437720034,0.0031503712639244577,0.0034699594
2025-03-28 21:00:00+00:00,3,0.003772820613156225,1.4234175379056514e-05,0.019896549911631617,0.0039114148956292455,low,0.003161103963122254,0.0039253466309354754,0.003970412905237928,0.0039990116
2025-03-28 21:05:00+00:00,3,0.0038862019115308713,1.51025652971862e-05,0.01990386005389026,0.0039114148956292455,medium,0.0031615733883132665,0.0037782802912852097,0.003960535686871087,0.003918462
2025-03-28 21:10:00+00:00,3,0.003562268228439885,1.2689754931352235e-05,0.01995422912405112,0.0039114148956292455,medium,0.003381581344248607,0.003223181983592305,0.003288653131369284,0.0039052889
2025-03-28 21:15:00+00:00,3,0.0034362751868848842,1.1807987160000745e-05,0.019982868419691924,0.0039114148956292455,medium,0.0034107665533767767,0.0031858169537388645,0.003388717510131147,0.004239794
2025-03-28 21:20:00+00:00,3,0.003183691130329921,1.0135889213341411e-05,0.020008763142284045,0.0039114148956292455,medium,0.0034146256645637657,0.0029121347544683765,0.0033396065776582487,0.0033998212
2025-03-28 21:25:00+00:00,3,0.0028780310306538723,8.283062613406591e-06,0.0200437064337665,0.0039114148956292455,medium,0.003669879224717344,0.003042599270588733,0.003339018798219313,0.003008931
2025-03-28 21:30:00+00:00,3,0.002906462305720947,8.447523134576723e-06,0.02003905308312594,0.0039114148956292455,medium,0.003667695807115141,0.0029457851654894063,0.003176911819730737,0.004244311
2025-03-28 21:35:00+00:00,3,0.002732061654468695,7.464160883818224e-06,0.019751434624740445,0.0039114148956292455,low,0.0038175868444430745,0.0029517406234523006,0.0033700005123051633,0.00274006
2025-03-28 21:40:00+00:00,3,0.002592109316419925,6.7190307082709705e-06,0.019746156375073893,0.0039114148956292455,low,0.0038403724875540066,0.0028101353389302515,0.0032406562233352515,0.0031831814
2025-03-28 21:45:00+00:00,3,0.0025970311978502376,6.744571042607441e-06,0.01974311987585166,0.0039114148956292455,low,0.003792227652038695,0.0028657465572320406,0.003248782688673721,0.0027925256
2025-03-28 21:50:00+00:00,3,0.0022563250290959535,5.091002636924855e-06,0.019777279949998727,0.0039114148956292455,low,0.0035756612849487724,0.0025990557475692954,0.003150204476638594,0.00238586
2025-03-28 21:55:00+00:00,3,0.002250905528513325,5.0665756982918525e-06,0.019762244561084302,0.0039114148956292455,low,0.003564469662911315,0.002853862425680309,0.0032808479279841005,0.002946196
2025-03-28 22:00:00+00:00,3,0.0021339076291160995,4.553561769599893e-06,0.01980635783112032,0.0039114148956292455,low,0.003772820613156225,0.002604803673133519,0.0033510318160086365,0.0026612005
2025-03-28 22:05:00+00:00,3,0.0018861770199000824,3.5576637503991556e-06,0.019820919218486818,0.0039114148956292455,low,0.0038862019115308713,0.0031675910524538962,0.0034801210724045716,0.0023067533
2025-03-28 22:10:00+00:00,3,0.002550345841322524,6.504263910351094e-06,0.019797995035975017,0.0039114148956292455,low,0.003562268228439885,0.0028723090937476823,0.0031255019696005697,0.0024048248
2025-03-28 22:15:00+00:00,3,0.0026045827661567186,6.783851385760584e-06,0.019806543061016996,0.0039114148956292455,low,0.0034362751868848842,0.0032762272806349793,0.0034098960344527895,0.002385959
2025-03-28 22:20:00+00:00,3,0.0026942067328612714,7.258749919395006e-06,0.019805184239513416,0.0039114148956292455,low,0.003183691130329921,0.002548531746566816,0.002927165002964413,0.0019060558
2025-03-28 22:25:00+00:00,3,0.0031859761628547966,1.0150444110278972e-05,0.019802973438666258,0.0039114148956292455,low,0.0028780310306538723,0.003067634759297073,0.00326473208765163,0.0020186852
2025-03-28 22:30:00+00:00,3,0.0031626136736998284,1.0002125249073125e-05,0.019807847244745668,0.0039114148956292455,low,0.002906462305720947,0.0029504064748277032,0.003351394991924511,0.0017035141
2025-03-28 22:35:00+00:00,3,0.003338219690513723,1.1143710702133537e-05,0.019808246236087675,0.0039114148956292455,low,0.002732061654468695,0.003120463638165795,0.0032940254719396227,0.0018312652
2025-03-28 22:40:00+00:00,3,0.003327662719556029,1.1073339175123026e-05,0.019808226514546667,0.0039114148956292455,low,0.002592109316419925,0.003122066439957386,0.0032308027088448804,0.0019959603
2025-03-28 22:45:00+00:00,3,0.003323152595020464,1.1043343169791245e-05,0.019807255224091935,0.0039114148956292455,low,0.0025970311978502376,0.003133026120651619,0.003241731486657998,0.002012461
2025-03-28 22:50:00+00:00,3,0.003260314616172355,1.0629651396427091e-05,0.01981826320628335,0.0039114148956292455,low,0.0022563250290959535,0.0030080487469029238,0.002970804970197929,0.002072869
2025-03-28 22:55:00+00:00,3,0.0032857707201008773,1.0796289225072236e-05,0.019800173127712678,0.0039114148956292455,low,0.002250905528513325,0.002912461664636738,0.002946783916401529,0.0019615314
2025-03-28 23:00:00+00:00,4,0.003030910733644738,9.186419875322881e-06,0.01981893714149167,0.0038792698825052792,medium,0.0021339076291160995,0.003374685609640173,0.0028830289688125937,0.0026867676
2025-03-28 23:05:00+00:00,4,0.003110090931652403,9.672665603146513e-06,0.019797501031278746,0.0038792698825052792,medium,0.0018861770199000824,0.003609981486833989,0.0029040578906612603,0.0030148437
2025-03-28 23:10:00+00:00,4,0.0026563307800313673,7.056093212942052e-06,0.01987285741588906,0.0038792698825052792,medium,0.002550345841322524,0.0037829652849407933,0.0031025905198482167,0.0025539289
2025-03-28 23:15:00+00:00,4,0.00265958025508742,7.073367133250865e-06,0.019865454709217845,0.0038792698825052792,medium,0.0026045827661567186,0.003482040891220781,0.003110943023054294,0.002809571
2025-03-28 23:20:00+00:00,4,0.0025734159620246257,6.622469713603129e-06,0.019875866782633794,0.0038792698825052792,medium,0.0026942067328612714,0.002861018950712323,0.0027854204240181603,0.0027394432
2025-03-28 23:25:00+00:00,4,0.001962618745588551,3.8518723405355785e-06,0.019948170021169005,0.0038792698825052792,medium,0.0031859761628547966,0.0032631390735386114,0.002983950898665442,0.002502723
2025-03-28 23:30:00+00:00,4,0.0019464264627558848,3.788575974916386e-06,0.019938565814380745,0.0038792698825052792,medium,0.0031626136736998284,0.002618322972140796,0.00267811104709459,0.0022423791
2025-03-28 23:35:00+00:00,4,0.001567888608870393,2.4582746898255363e-06,0.01997553583392726,0.0038792698825052792,medium,0.003338219690513723,0.002792007246270224,0.0027377012962780337,0.0021988652
2025-03-28 23:40:00+00:00,4,0.0015415957956762313,2.3765175972466325e-06,0.01995306230081328,0.0038792698825052792,medium,0.003327662719556029,0.0030112067725982755,0.0028157282102933565,0.0026790241
2025-03-28 23:45:00+00:00,4,0.0015448930965885717,2.386694679887026e-06,0.0199395797477842,0.0038792698825052792,medium,0.003323152595020464,0.002801768119817169,0.0026707112376164067,0.0025438557
2025-03-28 23:50:00+00:00,4,0.002030627822514083,4.123449353568287e-06,0.019932834353472074,0.0038792698825052792,medium,0.003260314616172355,0.002420529145904943,0.0024799783382644324,0.002114632
2025-03-28 23:55:00+00:00,4,0.001997354287926992,3.98942415150034e-06,0.019921630737003523,0.0038792698825052792,medium,0.0032857707201008773,0.0025916438813557677,0.0024425031226486794,0.002087896
2025-03-29 00:00:00+00:00,4,0.0020402234505739972,4.162511728272068e-06,0.019919654898164267,0.0038792698825052792,medium,0.003030910733644738,0.00264648640778406,0.002958728817428036,0.0023876992
2025-03-29 00:05:00+00:00,4,0.0018860892479110733,3.557332651085758e-06,0.01990676434501098,0.0038792698825052792,medium,0.003110090931652403,0.002675939370806771,0.00293744700559303,0.0023267197
2025-03-29 00:10:00+00:00,4,0.0019380992845623001,3.7562288368209e-06,0.01988927270112026,0.0038792698825052792,medium,0.0026563307800313673,0.00266131021625983,0.002611061247512139,0.0022625488
2025-03-29 00:15:00+00:00,4,0.0017666581954552253,3.121081179569113e-06,0.019903126877282833,0.0038792698825052792,medium,0.00265958025508742,0.0027992846740217147,0.002720933949262573,0.0026123105
2025-03-29 00:20:00+00:00,4,0.0027419769386660053,7.518437532176197e-06,0.01989807772999657,0.0038792698825052792,medium,0.0025734159620246257,0.0029133588683293555,0.003025922492548131,0.0029216227
2025-03-29 00:25:00+00:00,4,0.0027383579553180407,7.4986042914536e-06,0.019856404075337064,0.0038792698825052792,medium,0.001962618745588551,0.002485210795896426,0.0024058512347135278,0.0023121946
2025-03-29 00:30:00+00:00,4,0.002766075445423747,7.651173369776182e-06,0.01985430299191614,0.0038792698825052792,medium,0.0019464264627558848,0.003043425428853045,0.0028020133180062306,0.0029017078
2025-03-29 00:35:00+00:00,4,0.002962388917688473,8.775748099643483e-06,0.019857593906461402,0.0038792698825052792,medium,0.001567888608870393,0.0026256188516666588,0.0025863841591041437,0.0026536495
2025-03-29 00:40:00+00:00,4,0.002962234817978344,8.774835116843194e-06,0.019813028477513647,0.0038792698825052792,medium,0.0015415957956762313,0.0031002385312310808,0.002860952099628968,0.0027073624
2025-03-29 00:45:00+00:00,4,0.002972329682868437,8.834743743660782e-06,0.019766113157762707,0.0038792698825052792,medium,0.0015448930965885717,0.002798916359966098,0.0028552473722014264,0.002701906
2025-03-29 00:50:00+00:00,4,0.002659698656072596,7.073996941114373e-06,0.01978121736037412,0.0038792698825052792,medium,0.002030627822514083,0.0026892399531546845,0.0026051656896779437,0.002296644
2025-03-29 00:55:00+00:00,4,0.0028155533015819093,7.927340394048791e-06,0.019778608474234856,0.0038792698825052792,medium,0.001997354287926992,0.002858179986631364,0.002897087245606114,0.0024379047
2025-03-29 01:00:00+00:00,4,0.0028641670454645765,8.203452864325281e-06,0.01978441328146628,0.0038792698825052792,medium,0.0020402234505739972,0.0027111671330251126,0.002817414841580552,0.0023023589
2025-03-29 01:05:00+00:00,4,0.003053686587657952,9.325001775642067e-06,0.019778278138074895,0.0038792698825052792,medium,0.0018860892479110733,0.00268794180986433,0.0027518040782856723,0.002420465
2025-03-29 01:10:00+00:00,4,0.0030099844025029856,9.060006103311256e-06,0.019784202766190747,0.0038792698825052792,medium,0.0019380992845623001,0.0026345563199767974,0.00269933894312805,0.0026134017
2025-03-29 01:15:00+00:00,4,0.003021350639865822,9.128559689017613e-06,0.01975646861726864,0.0038792698825052792,medium,0.0017666581954552253,0.0023794279183484346,0.0025801245848003024,0.0022647162
2025-03-29 01:20:00+00:00,4,0.0022511366916722598,5.0676164045931265e-06,0.019866699880147727,0.0038792698825052792,medium,0.0027419769386660053,0.0029237533181557585,0.00317879438700228,0.002340452
2025-03-29 01:25:00+00:00,4,0.002834197919302504,8.032677845778643e-06,0.01984587152748209,0.0038792698825052792,medium,0.0027383579553180407,0.002982915152171285,0.003162408173259501,0.0023401843
2025-03-29 01:30:00+00:00,4,0.002806944537057184,7.87893763411517e-06,0.019840965413636044,0.0038792698825052792,medium,0.002766075445423747,0.003123513614035193,0.0032388004224541385,0.002421534
2025-03-29 01:35:00+00:00,4,0.002625188486666847,6.891614590528172e-06,0.01970602584810213,0.0038792698825052792,medium,0.002962388917688473,0.002829385972425489,0.0031343356541380426,0.0019674292
2025-03-29 01:40:00+00:00,4,0.0026364506159134403,6.950871850150358e-06,0.01969514801917387,0.0038792698825052792,medium,0.002962234817978344,0.0025862985524348603,0.0030491971198051745,0.0018761259
2025-03-29 01:45:00+00:00,4,0.0033979222300274023,1.1545875481314396e-05,0.019685966006458562,0.0038792698825052792,medium,0.002972329682868437,0.0024663858091182856,0.0028527416973916607,0.002179946
2025-03-29 01:50:00+00:00,4,0.0035305883813770062,1.246505431871431e-05,0.019644681683960954,0.0038792698825052792,medium,0.002659698656072596,0.0022684730741645022,0.002778469711298376,0.0018121894
2025-03-29 01:55:00+00:00,4,0.0034108714566204556,1.1634044093588148e-05,0.01963782109320584,0.0038792698825052792,medium,0.0028155533015819093,0.0026017693749282892,0.0030391579439057706,0.0024301365
2025-03-29 02:00:00+00:00,4,0.00440103262736217,1.9369088187106364e-05,0.01963733835802342,0.0038792698825052792,medium,0.0028641670454645765,0.0024413762753259676,0.002676775229898738,0.0020693326
2025-03-29 02:05:00+00:00,4,0.004270880252565019,1.824041813174984e-05,0.019652623487467786,0.0038792698825052792,medium,0.003053686587657952,0.003094021283343554,0.0033422127072796257,0.0016531501
2025-03-29 02:10:00+00:00,4,0.004251559083048602,1.8075754636653072e-05,0.01965375201730999,0.0038792698825052792,medium,0.0030099844025029856,0.002623658442620251,0.0029508735362502184,0.0020674223
2025-03-29 02:15:00+00:00,4,0.004243626686132874,1.8008367451259078e-05,0.019654981926560216,0.0038792698825052792,medium,0.003021350639865822,0.002269959319867752,0.002700156047095639,0.0019155993
2025-03-29 02:20:00+00:00,4,0.0044041130895737255,1.9396212105754627e-05,0.01964698728707768,0.0038792698825052792,medium,0.0022511366916722598,0.002403151774382023,0.002646730184012366,0.0018524142
2025-03-29 02:25:00+00:00,4,0.0041004707693117065,1.6813860529979735e-05,0.01971885605516174,0.0038792698825052792,medium,0.002834197919302504,0.002802419795517723,0.002987716356511644,0.002005756
2025-03-29 02:30:00+00:00,4,0.004126180871470572,1.702536858408965e-05,0.019718854157612205,0.0038792698825052792,medium,0.002806944537057184,0.0028814232804121017,0.0030001769813920894,0.0024290453
2025-03-29 02:35:00+00:00,4,0.004282877621897852,1.8343040724153396e-05,0.01967094660373929,0.0038792698825052792,medium,0.002625188486666847,0.0024884516103352732,0.0025865575783320127,0.0017513235
2025-03-29 02:40:00+00:00,4,0.00429353680987752,1.8434458337773232e-05,0.01966866228071604,0.0038792698825052792,medium,0.0026364506159134403,0.0025646385959995437,0.0027485001294119482,0.0018656454
2025-03-29 02:45:00+00:00,4,0.003717341556600864,1.3818628248431735e-05,0.019770729354758276,0.0038792698825052792,medium,0.0033979222300274023,0.0031158008721086697,0.0032060150983764194,0.0022763321
2025-03-29 02:50:00+00:00,4,0.00360289888671124,1.298088038786509e-05,0.01978885375425352,0.0038792698825052792,medium,0.0035305883813770062,0.003125746632647382,0.00310358253404269,0.0024465257
2025-03-29 02:55:00+00:00,4,0.0036077125285252274,1.3015589688477891e-05,0.01975053438401373,0.0038792698825052792,medium,0.0034108714566204556,0.00272488551993128,0.0030301982027418667,0.0020443087
2025-03-29 03:00:00+00:00,4,0.0022659313142516335,5.1344447209061355e-06,0.019956158000690862,0.0038792698825052792,medium,0.00440103262736217,0.004316098994378928,0.0037066314691116243,0.002758301
2025-03-29 03:05:00+00:00,4,0.002295255371575528,5.268197220746316e-06,0.019955313794949622,0.0038792698825052792,medium,0.004270880252565019,0.003768748475952414,0.0037291123298905334,0.0031582862
2025-03-29 03:10:00+00:00,4,0.002273014698119855,5.166595817868896e-06,0.019928221601109908,0.0038792698825052792,medium,0.004251559083048602,0.0035758679119300705,0.0034216279107785043,0.0035835954
2025-03-29 03:15:00+00:00,4,0.002313217206676883,5.350973845266001e-06,0.01992796752342734,0.0038792698825052792,medium,0.004243626686132874,0.0037984201045292115,0.003647056991006466,0.003629832
2025-03-29 03:20:00+00:00,4,0.002099271513518392,4.4069408874698e-06,0.019971917986583532,0.0038792698825052792,medium,0.0044041130895737255,0.0031885482343436576,0.0032600447474975744,0.0033381206
2025-03-29 03:25:00+00:00,4,0.001994553182866705,3.978242399283703e-06,0.019980149830277415,0.0038792698825052792,medium,0.0041004707693117065,0.0028266305753134225,0.003130676670998997,0.0027334385
2025-03-29 03:30:00+00:00,4,0.001950649973985293,3.8050353210088245e-06,0.019982015033460955,0.0038792698825052792,medium,0.004126180871470572,0.0027261480066534433,0.0030431805005910616,0.0029845303
2025-03-29 03:35:00+00:00,4,0.0014942149756991701,2.2326783936036716e-06,0.020003520015098402,0.0038792698825052792,medium,0.004282877621897852,0.0029431917795012725,0.003286501725442092,0.0032786343
2025-03-29 03:40:00+00:00,4,0.0015771929372278145,2.4875375612413007e-06,0.020005800298989965,0.0038792698825052792,medium,0.00429353680987752,0.002611851488384559,0.0029411955131569277,0.0030082653
2025-03-29 03:45:00+00:00,4,0.0018198667719150487,3.3119150675204998e-06,0.02000706296518031,0.0038792698825052792,medium,0.003717341556600864,0.00260524366524691,0.00290927065674684,0.00311464
2025-03-29 03:50:00+00:00,4,0.0018049307977137565,3.2577751845356176e-06,0.020007861975494125,0.0038792698825052792,medium,0.00360289888671124,0.0027792059500334086,0.0028995142769080956,0.002757186
2025-03-29 03:55:00+00:00,4,0.001775098759192269,3.1509756048859334e-06,0.020007889740803378,0.0038792698825052792,medium,0.0036077125285252274,0.0027962083957303535,0.002888618483398026,0.002366116
2025-03-29 04:00:00+00:00,4,0.0019484846426959933,3.7965924028221327e-06,0.02001689128249623,0.0038792698825052792,medium,0.0022659313142516335,0.0026483621495477457,0.0026529990672471133,0.0022186115
2025-03-29 04:05:00+00:00,4,0.0020540664731758364,4.219189076225019e-06,0.0200173792094999,0.0038792698825052792,medium,0.002295255371575528,0.0025886885105042374,0.0026786386916316574,0.0020659755
2025-03-29 04:10:00+00:00,4,0.002031123562584869,4.125462926487451e-06,0.020010464854778996,0.0038792698825052792,medium,0.002273014698119855,0.0026670593336676077,0.002686912554514016,0.0022878626
2025-03-29 04:15:00+00:00,4,0.002144335545885328,4.5981749333473274e-06,0.02001508554572611,0.0038792698825052792,medium,0.002313217206676883,0.002189619330290158,0.002508587899458812,0.0017770885
2025-03-29 04:20:00+00:00,4,0.0020725562876653253,4.2954895655410744e-06,0.02003093581230806,0.0038792698825052792,medium,0.002099271513518392,0.002405543080659394,0.00261155049710098,0.0019930683
2025-03-29 04:25:00+00:00,4,0.002085630117669946,4.349852987731953e-06,0.020028982126004038,0.0038792698825052792,medium,0.001994553182866705,0.0025283090918790828,0.0026523634562243895,0.002066151
2025-03-29 04:30:00+00:00,4,0.002213924887676815,4.901463408274798e-06,0.020029953560892325,0.0038792698825052792,medium,0.001950649973985293,0.0021788431689490663,0.002530493367482479,0.0017086068
2025-03-29 04:35:00+00:00,4,0.0023708163219023997,5.6207700321988225e-06,0.02000491968652289,0.0038792698825052792,medium,0.0014942149756991701,0.002373584115881718,0.0027126085854738305,0.0018917198
2025-03-29 04:40:00+00:00,4,0.0023915715265690456,5.719614366695796e-06,0.01992529248835415,0.0038792698825052792,medium,0.0015771929372278145,0.002113786078377005,0.002522375097342367,0.0013724492
2025-03-29 04:45:00+00:00,4,0.0022124757601013896,4.895048989036221e-06,0.019801425763266198,0.0038792698825052792,medium,0.0018198667719150487,0.0022078092619812395,0.0025946419015679557,0.0017168013
2025-03-29 04:50:00+00:00,4,0.002253138068776961,5.0766311569719734e-06,0.01976436750508078,0.0038792698825052792,medium,0.0018049307977137565,0.0021667996730245233,0.0025524162515840015,0.0015447035
2025-03-29 04:55:00+00:00,4,0.002278606097763203,5.192045748763652e-06,0.019713552719091473,0.0038792698825052792,medium,0.001775098759192269,0.0022402292307778186,0.0026708077926872963,0.0018087337
2025-03-29 05:00:00+00:00,4,0.0020486905717867505,4.197133058927923e-06,0.019479790536517848,0.0038792698825052792,medium,0.0019484846426959933,0.00201789135508615,0.0025186787351411727,0.0014662826
2025-03-29 05:05:00+00:00,4,0.002342109055872188,5.485474829598512e-06,0.019437323385665718,0.0038792698825052792,medium,0.0020540664731758364,0.002092553361567138,0.002855245009272778,0.0019275227
2025-03-29 05:10:00+00:00,4,0.002597001551069689,6.744417056258369e-06,0.01940439680060263,0.0038792698825052792,medium,0.002031123562584869,0.002041574957289564,0.0024492226237743412,0.0018191217
2025-03-29 05:15:00+00:00,4,0.002468679210075681,6.094377042259888e-06,0.019420932016577797,0.0038792698825052792,medium,0.002144335545885328,0.0024093582689078377,0.002790130512139481,0.002179712
2025-03-29 05:20:00+00:00,4,0.0026423476454288486,6.98200107930338e-06,0.01942344999761612,0.0038792698825052792,medium,0.0020725562876653253,0.0021738899918038214,0.002708552966563747,0.002179288
2025-03-29 05:25:00+00:00,4,0.002717085580870501,7.382554053774388e-06,0.01940766250984418,0.0038792698825052792,medium,0.002085630117669946,0.0022140784311213317,0.0028293366244490662,0.0023213571
2025-03-29 05:30:00+00:00,4,0.0026560487932621845,7.054595192189506e-06,0.01937384544952519,0.0038792698825052792,medium,0.002213924887676815,0.0023591066736764394,0.0027498450413373826,0.0025803659
2025-03-29 05:35:00+00:00,4,0.0027153093553297604,7.37290489514132e-06,0.019387222472616334,0.0038792698825052792,medium,0.0023708163219023997,0.002453076379050747,0.0028728455929610455,0.0028557566
2025-03-29 05:40:00+00:00,4,0.0026210622190171117,6.869967155958906e-06,0.019383951181767747,0.0038792698825052792,medium,0.0023915715265690456,0.0024175327983562427,0.0027178680081912316,0.0025483915
2025-03-29 05:45:00+00:00,4,0.002681738666392309,7.191722274823599e-06,0.019378127530337973,0.0038792698825052792,medium,0.0022124757601013896,0.002198575899865722,0.002557883045169521,0.0024217383
2025-03-29 05:50:00+00:00,4,0.0026915418801501797,7.244397692602364e-06,0.01934777435445432,0.0038792698825052792,low,0.002253138068776961,0.0023130439149040157,0.0026606851294830917,0.0024441038
2025-03-29 05:55:00+00:00,4,0.002870009814169911,8.236956333431606e-06,0.01929359458178321,0.0038792698825052792,low,0.002278606097763203,0.0021829692428774984,0.002355148957380231,0.0020413552
2025-03-29 06:00:00+00:00,4,0.002968304488719343,8.810831537751401e-06,0.01926990245539112,0.0038792698825052792,low,0.0020486905717867505,0.0020588700963015123,0.002403365226677294,0.0018430591
2025-03-29 06:05:00+00:00,4,0.0026413676622365503,6.976823127108979e-06,0.019197125283184,0.0038792698825052792,low,0.002342109055872188,0.002391270923787591,0.0025550140919917957,0.0024974702
2025-03-29 06:10:00+00:00,4,0.002845429493260477,8.096469001116577e-06,0.01922996579976728,0.0038792698825052792,low,0.002597001551069689,0.002759787825341444,0.00306832004643586,0.0027491045
2025-03-29 06:15:00+00:00,4,0.002872752957033691,8.252709552145817e-06,0.019228230940694636,0.0038792698825052792,low,0.002468679210075681,0.0027226931259824922,0.003242415245690976,0.002884912
2025-03-29 06:20:00+00:00,4,0.002636091658164721,6.948979230245629e-06,0.019214953595997446,0.0038792698825052792,low,0.0026423476454288486,0.0031928286394634076,0.003131857805989897,0.00296411
2025-03-29 06:25:00+00:00,4,0.0028472976600310805,8.107103964818466e-06,0.01921208970946964,0.0038792698825052792,low,0.002717085580870501,0.0031897163347921003,0.0032186458818451694,0.0034208295
2025-03-29 06:30:00+00:00,4,0.0028384212402394063,8.056635137042208e-06,0.019217943780558442,0.0038792698825052792,low,0.0026560487932621845,0.0033068618684039147,0.003207475208497105,0.0036001885
2025-03-29 06:35:00+00:00,4,0.0026683463724450547,7.120072363340683e-06,0.019243003323486628,0.0038792698825052792,low,0.0027153093553297604,0.003148407885023671,0.003098623609930919,0.002414092
2025-03-29 06:40:00+00:00,4,0.0027293606484821453,7.449409549482876e-06,0.019216338435329754,0.0038792698825052792,low,0.0026210622190171117,0.002657561276059854,0.0028278763753508337,0.002549849
2025-03-29 06:45:00+00:00,4,0.0026833369124982993,7.2002969859759055e-06,0.019220467947920806,0.0038792698825052792,low,0.002681738666392309,0.0026390770099335536,0.0028129863328038127,0.0024008136
2025-03-29 06:50:00+00:00,4,0.0028982469456617925,8.399835358037909e-06,0.019213406532997784,0.0038792698825052792,low,0.0026915418801501797,0.0026044666579601444,0.0028731366499355365,0.0032938153
2025-03-29 06:55:00+00:00,4,0.002747650307389392,7.5495822116970205e-06,0.019141160846244103,0.0038792698825052792,low,0.002870009814169911,0.0026457426462406656,0.003190181835332102,0.0033704292
2025-03-29 07:00:00+00:00,4,0.002639266015694252,6.96572510159861e-06,0.019153678973689827,0.0038792698825052792,low,0.002968304488719343,0.0024547318404008443,0.0030589954745813964,0.0029147486
2025-03-29 07:05:00+00:00,4,0.002638806955286716,6.963302147269548e-06,0.01914456854540094,0.0038792698825052792,low,0.0026413676622365503,0.0024896385647799296,0.003267302771029274,0.0024990703
2025-03-29 07:10:00+00:00,4,0.002254565075612651,5.08306368017228e-06,0.019197742105424482,0.0038792698825052792,low,0.002845429493260477,0.002884235122394037,0.003788184297756605,0.0031556338
2025-03-29 07:15:00+00:00,4,0.0022340002025550932,4.990756905016198e-06,0.019159594683101362,0.0038792698825052792,low,0.002872752957033691,0.0028630220577833556,0.0038271889642268555,0.0026933711
2025-03-29 07:20:00+00:00,4,0.002250832239963774,5.066245772460341e-06,0.019149755508203387,0.0038792698825052792,low,0.002636091658164721,0.0026044091963929087,0.003074707431526474,0.0026178942
2025-03-29 07:25:00+00:00,4,0.0021729561577420488,4.721738463469087e-06,0.019168446690383426,0.0038792698825052792,low,0.0028472976600310805,0.002494865396016867,0.0029308549947801793,0.001765534
2025-03-29 07:30:00+00:00,4,0.002345031920285328,5.499174707157092e-06,0.019153905177963657,0.0038792698825052792,low,0.0028384212402394063,0.0025704018951484653,0.0031521245637886604,0.0023194551
2025-03-29 07:35:00+00:00,4,0.0024862782491790344,6.181579532340765e-06,0.018961534782889596,0.0038792698825052792,low,0.0026683463724450547,0.0024966399679175236,0.00320640451968263,0.0026824153
2025-03-29 07:40:00+00:00,4,0.002447166956375617,5.9886261123767005e-06,0.018954437226906033,0.0038792698825052792,low,0.0027293606484821453,0.0027216949750047607,0.0034304161448649602,0.0029481226
2025-03-29 07:45:00+00:00,4,0.0024844905497889854,6.172693291990774e-06,0.01894743812579722,0.0038792698825052792,low,0.0026833369124982993,0.002326135762583036,0.0031601373347323832,0.0024775588
2025-03-29 07:50:00+00:00,4,0.002182427698681587,4.762990659972608e-06,0.01898596738304021,0.0038792698825052792,low,0.0028982469456617925,0.002862856291748748,0.003616831916088028,0.0030366918
2025-03-29 07:55:00+00:00,4,0.002122225399341378,4.5038406456096705e-06,0.01898294363386054,0.0038792698825052792,low,0.002747650307389392,0.0028154754812416945,0.0034356116257759127,0.0028212832
2025-03-29 08:00:00+00:00,4,0.002177001441890609,4.739335277993792e-06,0.018982855070564207,0.0038792698825052792,low,0.002639266015694252,0.002407956712437303,0.0029058398535808136,0.0022028983
2025-03-29 08:05:00+00:00,4,0.002280917788815052,5.2025859593329445e-06,0.018873067249548313,0.0038792698825052792,low,0.002638806955286716,0.003026612541326555,0.0033445224218364407,0.0021924316
2025-03-29 08:10:00+00:00,4,0.002167618260525329,4.698568923362852e-06,0.018880490137615242,0.0038792698825052792,low,0.002254565075612651,0.002679882755561584,0.0027089564122614027,0.0016977218
2025-03-29 08:15:00+00:00,4,0.0021747423262578856,4.72950418561756e-06,0.01881271760832751,0.0038792698825052792,low,0.0022340002025550932,0.002339831447290923,0.0026522530432474454,0.0021070738
2025-03-29 08:20:00+00:00,4,0.0021747286193086243,4.729444567639995e-06,0.018805490532847725,0.0038792698825052792,low,0.002250832239963774,0.002550159298607816,0.0027763331178009996,0.0020256855
2025-03-29 08:25:00+00:00,4,0.001833060040896224,3.3601091135304664e-06,0.01880030361836879,0.0038792698825052792,low,0.0021729561577420488,0.0027115974507555814,0.003004474426600313,0.0023992893
2025-03-29 08:30:00+00:00,4,0.0017378763334760094,3.0202141504560173e-06,0.018821193618255287,0.0038792698825052792,low,0.002345031920285328,0.0024605338094115187,0.002871168754993491,0.0020965245
2025-03-29 08:35:00+00:00,4,0.001498561315062291,2.245686015001223e-06,0.01884236760139322,0.0038792698825052792,low,0.0024862782491790344,0.0026262445609750696,0.002670210789243775,0.0024084626
2025-03-29 08:40:00+00:00,4,0.001505302909552055,2.2659368495058823e-06,0.018845184245254228,0.0038792698825052792,low,0.002447166956375617,0.002805983253675874,0.0028154825189933897,0.0023355456
2025-03-29 08:45:00+00:00,4,0.0030757248066794565,9.46008308642338e-06,0.01884072417707599,0.0038792698825052792,low,0.0024844905497889854,0.0026686541897666576,0.002870337036008817,0.0020231805
2025-03-29 08:50:00+00:00,4,0.0031327726324983504,9.814264366930644e-06,0.018659146409403422,0.0038792698825052792,low,0.002182427698681587,0.002477516835744664,0.0024621483340523252,0.002102322
2025-03-29 08:55:00+00:00,4,0.003263395634563265,1.0649751067686574e-05,0.018595347530271245,0.0038792698825052792,low,0.002122225399341378,0.0024168437151266525,0.0025399812732460184,0.002442509
2025-03-29 09:00:00+00:00,4,0.0033456913640504886,1.1193650703482019e-05,0.018592444492584258,0.0038792698825052792,low,0.002177001441890609,0.0025179471355267643,0.0024057005080323985,0.002290998
2025-03-29 09:05:00+00:00,4,0.0034067244201374403,1.160577127476078e-05,0.01860063749189114,0.0038792698825052792,low,0.002280917788815052,0.0023608181402824963,0.0024029888988538833,0.0025033387
2025-03-29 09:10:00+00:00,4,0.0036445121835761546,1.3282469056235031e-05,0.018599443253539717,0.0038792698825052792,low,0.002167618260525329,0.0026119151336516204,0.002542286746543904,0.0025582204
2025-03-29 09:15:00+00:00,4,0.003999658932245127,1.5997271574288227e-05,0.01856761600307587,0.0038792698825052792,low,0.0021747423262578856,0.0021714487221636326,0.0023684666739431162,0.0022886854
2025-03-29 09:20:00+00:00,4,0.004051597263066395,1.6415440382087098e-05,0.018554710652589394,0.0038792698825052792,low,0.0021747286193086243,0.00260499212211075,0.0025717484654680625,0.0023015577
2025-03-29 09:25:00+00:00,4,0.004317869007681598,1.8643992767497266e-05,0.018537915713859238,0.0038792698825052792,low,0.001833060040896224,0.002159449737251104,0.002206648017776778,0.0021878886
2025-03-29 09:30:00+00:00,4,0.004251231233623154,1.8072967001733047e-05,0.018492629059070512,0.0038792698825052792,low,0.0017378763334760094,0.0023635522844509954,0.002396178635414487,0.0017906079
2025-03-29 09:35:00+00:00,4,0.004474060162193344,2.001721433492553e-05,0.01846464184777165,0.0038792698825052792,low,0.001498561315062291,0.00219022439482154,0.0022168861001065467,0.001791626
2025-03-29 09:40:00+00:00,4,0.0044680917523941465,1.9963843907812594e-05,0.018349985692626004,0.0038792698825052792,low,0.001505302909552055,0.002379830056097451,0.002410640736674867,0.0019234673
2025-03-29 09:45:00+00:00,4,0.003535785811018258,1.250178130139804e-05,0.018551912461755315,0.0038792698825052792,low,0.0030757248066794565,0.004472600060029308,0.0035036648490075423,0.0020305365
2025-03-29 09:50:00+00:00,4,0.0037138444683310636,1.3792640734953241e-05,0.018543742622581558,0.0038792698825052792,low,0.0031327726324983504,0.004581678473644367,0.00404159179189656,0.0027526447
2025-03-29 09:55:00+00:00,4,0.004232864468966101,1.791714161263567e-05,0.018559762907175276,0.0038792698825052792,low,0.003263395634563265,0.0038361370290623323,0.003985587444176765,0.0034110288
2025-03-29 10:00:00+00:00,4,0.004265079042335045,1.8190899237365625e-05,0.0185772640758049,0.0038792698825052792,low,0.0033456913640504886,0.0033037319083288174,0.003718449546707426,0.0031776447
2025-03-29 10:05:00+00:00,4,0.004192977323936504,1.7581058839045727e-05,0.018546519021835045,0.0038792698825052792,low,0.0034067244201374403,0.003393218575552978,0.0036617113540553235,0.0030060827
2025-03-29 10:10:00+00:00,4,0.004057720834754476,1.6465098372800563e-05,0.01843634917607821,0.0038792698825052792,low,0.0036445121835761546,0.0039652592812776406,0.0037722164372525797,0.0036252292
2025-03-29 10:15:00+00:00,4,0.0037562747525989332,1.4109600017012177e-05,0.018498817544407912,0.0038792698825052792,low,0.003999658932245127,0.003463501394588408,0.0037301301336174733,0.0027739112
2025-03-29 10:20:00+00:00,4,0.005601534373754665,3.137718734035507e-05,0.018512460271623187,0.0038792698825052792,low,0.004051597263066395,0.0031933435795578422,0.0036133925698568466,0.002475151
2025-03-29 10:25:00+00:00,4,0.00594911050524021,3.539191580355943e-05,0.018560950791112793,0.0038792698825052792,low,0.004317869007681598,0.0030478755585616273,0.0034800279259785973,0.0032523226
2025-03-29 10:30:00+00:00,4,0.005955536880429262,3.5468419534153104e-05,0.01855893091880731,0.0038792698825052792,low,0.004251231233623154,0.0030101382742061897,0.003385499289052266,0.0030885364
2025-03-29 10:35:00+00:00,4,0.006199977883803674,3.843972575965468e-05,0.018588921581211972,0.0038792698825052792,low,0.004474060162193344,0.0038562182923904302,0.0045332288351113284,0.0037722853
2025-03-29 10:40:00+00:00,4,0.006898420741417904,4.758820872562475e-05,0.018591897288463655,0.0038792698825052792,low,0.0044680917523941465,0.003552463053296584,0.004376732977482159,0.003938716
2025-03-29 10:45:00+00:00,4,0.006899381212291905,4.760146111252652e-05,0.01858894795217197,0.0038792698825052792,low,0.003535785811018258,0.0030968728943687965,0.003922162128446427,0.0033714531
2025-03-29 10:50:00+00:00,4,0.00677912266919079,4.595650416393646e-05,0.01862315116393771,0.0038792698825052792,low,0.0037138444683310636,0.004045885786799842,0.004227421282461944,0.0033571755
2025-03-29 10:55:00+00:00,4,0.006730330268500541,4.529734552309456e-05,0.018751039200467584,0.0038792698825052792,low,0.004232864468966101,0.004439140019261996,0.00452691263078954,0.0034996602
2025-03-29 11:00:00+00:00,4,0.006681568201027511,4.464335362498201e-05,0.018753301192168576,0.0038792698825052792,low,0.004265079042335045,0.004713108703215236,0.004538304635153101,0.0039508333
2025-03-29 11:05:00+00:00,4,0.006856011615972085,4.700489527834416e-05,0.01874083757665877,0.0038792698825052792,low,0.004192977323936504,0.0041307311022776095,0.004445010160465112,0.0033327816
2025-03-29 11:10:00+00:00,4,0.007104356097972432,5.047187556679808e-05,0.01873001087673725,0.0038792698825052792,low,0.004057720834754476,0.003501948708573356,0.004128136460306354,0.003306551
2025-03-29 11:15:00+00:00,4,0.007077751277616369,5.0094563147800146e-05,0.018673614504898205,0.0038792698825052792,low,0.0037562747525989332,0.003274323263362084,0.003890898769558944,0.0029563128
2025-03-29 11:20:00+00:00,4,0.005749377924931095,3.3055346523684985e-05,0.019070020325185354,0.0038792698825052792,low,0.005601534373754665,0.0047871959515410735,0.005232330843888406,0.0046499413
2025-03-29 11:25:00+00:00,4,0.005190295705549799,2.6939169511048692e-05,0.019123066294571663,0.0038792698825052792,low,0.00594911050524021,0.005924266346876804,0.005293959183233354,0.0048283427
2025-03-29 11:30:00+00:00,4,0.005188887495321066,2.6924553439099326e-05,0.019120905334248463,0.0038792698825052792,low,0.005955536880429262,0.005168332780412157,0.005138201131476361,0.0045334
2025-03-29 11:35:00+00:00,4,0.004956864728444132,2.457050793609352e-05,0.019248472332842895,0.0038792698825052792,low,0.006199977883803674,0.006003486988087932,0.005117946124620181,0.0048793214
2025-03-29 11:40:00+00:00,4,0.003912997851212286,1.5311552183591965e-05,0.01948711317376594,0.0038792698825052792,medium,0.006898420741417904,0.005808501703350725,0.005939417827967347,0.005324759
2025-03-29 11:45:00+00:00,4,0.003932472285045715,1.5464338272652663e-05,0.019484488372888645,0.0038792698825052792,medium,0.006899381212291905,0.005706734466356639,0.006186711832345789,0.0049802503
2025-03-29 11:50:00+00:00,4,0.0039527719252829135,1.5624405893304788e-05,0.019435304463639586,0.0038792698825052792,medium,0.00677912266919079,0.005431110401130846,0.006039999381794511,0.0047744922
2025-03-29 11:55:00+00:00,4,0.0033945967548031104,1.1523287127719807e-05,0.01953953140991927,0.0038792698825052792,medium,0.006730330268500541,0.005449943242023406,0.005646942860837556,0.0049949074
2025-03-29 12:00:00+00:00,4,0.003404965708167585,1.1593791473797186e-05,0.019545963855373064,0.0038792698825052792,medium,0.006681568201027511,0.004799546603520355,0.004937867416285978,0.005178727
2025-03-29 12:05:00+00:00,4,0.0036938654948995143,1.3644642294409235e-05,0.0195870062026996,0.0038792698825052792,medium,0.006856011615972085,0.00533558755142011,0.005688783339823341,0.0057728593
2025-03-29 12:10:00+00:00,4,0.0031192596662206556,9.729780865310997e-06,0.019685294690647302,0.0038792698825052792,medium,0.007104356097972432,0.004838287108320254,0.005075036640245768,0.0049675824
2025-03-29 12:15:00+00:00,4,0.003146454542549458,9.900176188330119e-06,0.019685265712708292,0.0038792698825052792,medium,0.007077751277616369,0.004919212357866823,0.00589310984464749,0.0072996174
2025-03-29 12:20:00+00:00,4,0.003047208840825303,9.285481719603887e-06,0.01970259170412176,0.0038792698825052792,medium,0.005749377924931095,0.004083356399530445,0.004561234855231703,0.00431403
2025-03-29 12:25:00+00:00,4,0.0030451453438838957,9.272910165377768e-06,0.01970039350132779,0.0038792698825052792,medium,0.005190295705549799,0.0044117076039522475,0.004856280137430448,0.0047281766
2025-03-29 12:30:00+00:00,4,0.0030398273182917087,9.24055012503256e-06,0.01964213352640368,0.0038792698825052792,medium,0.005188887495321066,0.003998361134318417,0.0042580107731124365,0.004170602
2025-03-29 12:35:00+00:00,4,0.0025787452282256167,6.649926952096389e-06,0.019430335581221113,0.0038792698825052792,medium,0.004956864728444132,0.004322238045574181,0.004861053024890022,0.0033016903
2025-03-29 12:40:00+00:00,4,0.0028929979719134755,8.369437265495482e-06,0.019323375412794067,0.0038792698825052792,low,0.003912997851212286,0.003703526632820474,0.003955645104770116,0.002763616
2025-03-29 12:45:00+00:00,4,0.002887916339497152,8.34006078393463e-06,0.019193163382278847,0.0038792698825052792,low,0.003932472285045715,0.0031810915822819965,0.0035357837495640647,0.0028936358
2025-03-29 12:50:00+00:00,4,0.0033771220775386476,1.1404953526598952e-05,0.019172454285367648,0.0038792698825052792,low,0.0039527719252829135,0.0030630211827958817,0.0033997606599789716,0.002811643
2025-03-29 12:55:00+00:00,4,0.003393275167555973,1.1514316362752015e-05,0.019177528679401545,0.0038792698825052792,low,0.0033945967548031104,0.0033982933840430436,0.003600703515030389,0.002591215
2025-03-29 13:00:00+00:00,4,0.00337014346761943,1.1357866992337916e-05,0.019082430231575263,0.0038792698825052792,low,0.003404965708167585,0.0030329692594053144,0.0034446191214508306,0.0025667015
2025-03-29 13:05:00+00:00,4,0.0025767422148703536,6.639600441894975e-06,0.01920473138300221,0.0038792698825052792,low,0.0036938654948995143,0.00407236661649888,0.003813417244702745,0.0025423083
2025-03-29 13:10:00+00:00,4,0.0029784008827041003,8.870871818092565e-06,0.019096689722778726,0.0038792698825052792,low,0.0031192596662206556,0.003607496094685703,0.003787200839655547,0.0030636978
2025-03-29 13:15:00+00:00,4,0.0029553968206769477,8.73437036766741e-06,0.019051470538524254,0.0038792698825052792,low,0.003146454542549458,0.003233391970559007,0.0036076355231484136,0.0030264284
2025-03-29 13:20:00+00:00,4,0.00299020396610661,8.9413197589197e-06,0.01895598163732854,0.0038792698825052792,low,0.003047208840825303,0.0034416850948415737,0.003639603313408079,0.003126094
2025-03-29 13:25:00+00:00,4,0.0035570878591986523,1.265287403805845e-05,0.018897254081280127,0.0038792698825052792,low,0.0030451453438838957,0.003308706468045738,0.0036294737498705158,0.0031668912
2025-03-29 13:30:00+00:00,4,0.0035487008926284357,1.2593278025341857e-05,0.018888391183049816,0.0038792698825052792,low,0.0030398273182917087,0.0037650202267188017,0.003808321681184681,0.0033664121
2025-03-29 13:35:00+00:00,4,0.00357996050678269,1.2816117230123775e-05,0.018866598978999838,0.0038792698825052792,low,0.0025787452282256167,0.0030448878217570006,0.003420335364906661,0.0023864347
2025-03-29 13:40:00+00:00,4,0.003383160029537607,1.14457717854609e-05,0.018671218270719266,0.0038792698825052792,low,0.0028929979719134755,0.003260593842111733,0.0035827163735096903,0.0022770509
2025-03-29 13:45:00+00:00,4,0.0033930592091100287,1.1512850796526374e-05,0.01850439525636375,0.0038792698825052792,low,0.002887916339497152,0.0030790511704585225,0.0035044246146025315,0.0030116653
2025-03-29 13:50:00+00:00,4,0.0031649516013352247,1.0016918638794403e-05,0.01858136362443516,0.0038792698825052792,low,0.0033771220775386476,0.0032011488230823636,0.003684101490229932,0.0032748438
2025-03-29 13:55:00+00:00,4,0.003117775284445862,9.720522724301474e-06,0.018340249451030237,0.0038792698825052792,low,0.003393275167555973,0.0031081345436189257,0.003615695573215522,0.0033290887
2025-03-29 14:00:00+00:00,4,0.003165755685421179,1.0022009059776519e-05,0.018347917976613136,0.0038792698825052792,low,0.00337014346761943,0.0032669470403862925,0.003546995748549302,0.003434292
2025-03-29 14:05:00+00:00,4,0.003190239505910617,1.0177628105072818e-05,0.018263007135011756,0.0038792698825052792,low,0.0025767422148703536,0.0032454115290850593,0.003477050400108455,0.0032296004
2025-03-29 14:10:00+00:00,4,0.0027994931914836233,7.837162129163164e-06,0.017633848245257953,0.0038792698825052792,low,0.0029784008827041003,0.0029434190834776797,0.003333409209211878,0.0028619196
2025-03-29 14:15:00+00:00,4,0.0027786502292266838,7.720897096381503e-06,0.017633538204597652,0.0038792698825052792,low,0.0029553968206769477,0.0030554933729585983,0.003480999095382639,0.0031474617
2025-03-29 14:20:00+00:00,4,0.002899584667513325,8.40759124407836e-06,0.017644651578998572,0.0038792698825052792,low,0.00299020396610661,0.0028091590849574997,0.0031301547637149416,0.0022034917
2025-03-29 14:25:00+00:00,4,0.002451788416013559,6.011266436898276e-06,0.017731743951656154,0.0038792698825052792,low,0.0035570878591986523,0.0035514069050661024,0.0038462027767455914,0.0022335572
2025-03-29 14:30:00+00:00,4,0.002447078196489582,5.988191699734706e-06,0.017646686472065264,0.0038792698825052792,low,0.0035487008926284357,0.0036339717639971604,0.003829302501448214,0.002630041
2025-03-29 14:35:00+00:00,4,0.0024438148621295963,5.9722310803654975e-06,0.017644463201716417,0.0038792698825052792,low,0.00357996050678269,0.003004072651998612,0.003292374359396161,0.0022684871
2025-03-29 14:40:00+00:00,4,0.002430583676622973,5.907737009066049e-06,0.017576401053522674,0.0038792698825052792,low,0.003383160029537607,0.0028351872253356597,0.0026710110748053525,0.0016747956
2025-03-29 14:45:00+00:00,4,0.002446903971630506,5.987339046381144e-06,0.017574539014129177,0.0038792698825052792,low,0.0033930592091100287,0.0028033303649435235,0.00268496164441377,0.0017979548
2025-03-29 14:50:00+00:00,4,0.0021691463062722205,4.705195698014418e-06,0.01753376413504052,0.0038792698825052792,low,0.0031649516013352247,0.002917636031959647,0.0030240932905542754,0.0015333119
2025-03-29 14:55:00+00:00,4,0.002280343998439632,5.199968751219649e-06,0.017504125120462625,0.0038792698825052792,low,0.003117775284445862,0.00294860170674861,0.0032285556788737746,0.0017816481
2025-03-29 15:00:00+00:00,4,0.002141947963425409,4.587941078022257e-06,0.017391787984841027,0.0038792698825052792,low,0.003165755685421179,0.0028068986988787586,0.003051223250082288,0.0017375314
2025-03-29 15:05:00+00:00,4,0.002984131721576867,8.905042131721316e-06,0.017375532882849792,0.0038792698825052792,low,0.003190239505910617,0.0029573853865142983,0.003143989589124455,0.0019588657
2025-03-29 15:10:00+00:00,4,0.0029839182620968892,8.903768194875319e-06,0.017353220192986653,0.0038792698825052792,low,0.0027994931914836233,0.0026564411335854242,0.0028282579614464713,0.0017227484
2025-03-29 15:15:00+00:00,4,0.003084491059780678,9.514085097866932e-06,0.016997839362902514,0.0038792698825052792,low,0.0027786502292266838,0.0023154337646677787,0.002690446286606496,0.0015233767
2025-03-29 15:20:00+00:00,4,0.003103240669172172,9.630102650804148e-06,0.01702987090677038,0.0038792698825052792,low,0.002899584667513325,0.0024845809730034787,0.0026060038718973577,0.0014367345
2025-03-29 15:25:00+00:00,4,0.0030137614939001593,9.08275834211532e-06,0.016884625469213096,0.0038792698825052792,low,0.002451788416013559,0.0024606524310920156,0.0025845056083471612,0.0016056341
2025-03-29 15:30:00+00:00,4,0.003157379984894578,9.969048369012885e-06,0.016793387347292136,0.0038792698825052792,low,0.002447078196489582,0.0024296023276085457,0.002695607534990861,0.0015650807
2025-03-29 15:35:00+00:00,4,0.003131101248045696,9.803795025513314e-06,0.01677483396467583,0.0038792698825052792,low,0.0024438148621295963,0.0024764789598766086,0.002662311070298876,0.0015826401
2025-03-29 15:40:00+00:00,4,0.003088272235384639,9.537425399847635e-06,0.01671219758755787,0.0038792698825052792,low,0.002430583676622973,0.0033087826690393852,0.0031736023663360116,0.001690999
2025-03-29 15:45:00+00:00,4,0.003234893524887993,1.0464536117362262e-05,0.01661040377358541,0.0038792698825052792,low,0.002446903971630506,0.002603669595577894,0.0030978680747877755,0.0016963534
2025-03-29 15:50:00+00:00,4,0.0031848956925362476,1.0143560572335944e-05,0.016606058868522712,0.0038792698825052792,low,0.0021691463062722205,0.002673847365370609,0.003063829404696032,0.0017135903
2025-03-29 15:55:00+00:00,4,0.0031045485919724627,9.6382219599182e-06,0.016367832917786863,0.0038792698825052792,low,0.002280343998439632,0.002630508734614302,0.003063829404696032,0.0017961304
2025-03-29 16:00:00+00:00,4,0.003281970904256321,1.0771333016385051e-05,0.01634690140995851,0.0038792698825052792,low,0.002141947963425409,0.0022665921773994107,0.0030093834150001176,0.0017489517
2025-03-29 16:05:00+00:00,4,0.002596045967691687,6.739454666368269e-06,0.01645725192936348,0.0038792698825052792,low,0.002984131721576867,0.003136882632101234,0.0032447513405304443,0.0017554772
2025-03-29 16:10:00+00:00,4,0.002597213764648288,6.7455193392785315e-06,0.016396936059503663,0.0038792698825052792,low,0.0029839182620968892,0.0026386803552176674,0.003025352693262435,0.0020761574
2025-03-29 16:15:00+00:00,4,0.003778702574589881,1.4278593147212195e-05,0.01635873279096027,0.0038792698825052792,low,0.003084491059780678,0.002699075486463141,0.0030437509142214104,0.0016210956
2025-03-29 16:20:00+00:00,4,0.0037482572928864383,1.4049432733676372e-05,0.016362906100662142,0.0038792698825052792,low,0.003103240669172172,0.0027421640784650015,0.0031671533539130653,0.002277648
2025-03-29 16:25:00+00:00,4,0.003705517350605934,1.3730858835641619e-05,0.016307352287921524,0.0038792698825052792,low,0.0030137614939001593,0.002643868088861848,0.002971953269968066,0.0021305406
2025-03-29 16:30:00+00:00,4,0.0063428140051069205,4.02312895033805e-05,0.016334564335265467,0.0038792698825052792,low,0.003157379984894578,0.0029589207441559967,0.003392866058479299,0.002538898
2025-03-29 16:35:00+00:00,4,0.007615413710185549,5.799452597728203e-05,0.01633175768948875,0.0038792698825052792,low,0.003131101248045696,0.0026473001196185876,0.0030949728230346635,0.002265696
2025-03-29 16:40:00+00:00,4,0.007801587807331408,6.0864772315502084e-05,0.016302901047516073,0.0038792698825052792,low,0.003088272235384639,0.0025349775149304363,0.003127682246299413,0.001977658
2025-03-29 16:45:00+00:00,4,0.008332416595269242,6.942916631711827e-05,0.016336629104979655,0.0038792698825052792,low,0.003234893524887993,0.0029338208384139773,0.0031964838040388203,0.0028883503
2025-03-29 16:50:00+00:00,4,0.008602298912796822,7.399954658510538e-05,0.01627167324444704,0.0038792698825052792,low,0.0031848956925362476,0.003989080512676351,0.0039641112865503045,0.0036198157
2025-03-29 16:55:00+00:00,4,0.008698408748112165,7.566231474923424e-05,0.016197306075282438,0.0038792698825052792,low,0.0031045485919724627,0.0036342680470137136,0.0036433821412684107,0.003921546
2025-03-29 17:00:00+00:00,4,0.00875138552123665,7.658674854131045e-05,0.01616418885300187,0.0038792698825052792,low,0.003281970904256321,0.003695127496644067,0.003885701243252392,0.0042998674
2025-03-29 17:05:00+00:00,4,0.008724409030717925,7.611531293527249e-05,0.016178317779321102,0.0038792698825052792,low,0.002596045967691687,0.0038027623901036116,0.0037131868395839924,0.004262652
2025-03-29 17:10:00+00:00,4,0.0087448019950223,7.6471561932146e-05,0.016157972457796006,0.0038792698825052792,low,0.002597213764648288,0.0032253295896245504,0.003437367653444027,0.0041017965
2025-03-29 17:15:00+00:00,4,0.008278746991510239,6.853765174943982e-05,0.016397632339065518,0.0038792698825052792,low,0.003778702574589881,0.005290391559815709,0.004618722075196439,0.0052348427
2025-03-29 17:20:00+00:00,4,0.008222757411015448,6.761373944040947e-05,0.016293789216413467,0.0038792698825052792,low,0.0037482572928864383,0.005716467408565727,0.0043501429482186325,0.004911439
2025-03-29 17:25:00+00:00,4,0.008195845897758963,6.717188997981243e-05,0.016309271775050288,0.0038792698825052792,low,0.003705517350605934,0.00454893089861086,0.003889418867049357,0.0047607385
2025-03-29 17:30:00+00:00,4,0.006365096799411995,4.051445726588482e-05,0.01711519985890456,0.0038792698825052792,low,0.0063428140051069205,0.004936398659687825,0.0054004740104151554,0.0068076816
2025-03-29 17:35:00+00:00,4,0.004764723726087894,2.2702592185944904e-05,0.017514358695420867,0.0038792698825052792,low,0.007615413710185549,0.005227513083446349,0.005615884307542514,0.007813115
2025-03-29 17:40:00+00:00,4,0.004480177276974366,2.0071988433117447e-05,0.01759139756183678,0.0038792698825052792,low,0.007801587807331408,0.004446447726793424,0.005760056121287827,0.0075151604
2025-03-29 17:45:00+00:00,4,0.003203104621792151,1.025987921814624e-05,0.0177799982400353,0.0038792698825052792,low,0.008332416595269242,0.0043321576593041465,0.005464254044158084,0.008284407
2025-03-29 17:50:00+00:00,4,0.002513056388004614,6.315452409290797e-06,0.017908639381315445,0.0038792698825052792,low,0.008602298912796822,0.004213927297288087,0.005127347868512383,0.007068861
2025-03-29 17:55:00+00:00,4,0.002819152932424587,7.947623256398148e-06,0.017917549761213104,0.0038792698825052792,low,0.008698408748112165,0.004473304587304512,0.00555914360421639,0.00853476
2025-03-29 18:00:00+00:00,4,0.00280815212744535,7.885718370875845e-06,0.01790445760730838,0.0038792698825052792,low,0.00875138552123665,0.003695638697372453,0.005108181148053521,0.007238268
2025-03-29 18:05:00+00:00,4,0.002998584479324036,8.991508879643e-06,0.017875106873971106,0.0038792698825052792,low,0.008724409030717925,0.004003148962633943,0.005102960340809489,0.0075084227
2025-03-29 18:10:00+00:00,4,0.0029376559702790584,8.629822599716196e-06,0.017885329704733475,0.0038792698825052792,low,0.0087448019950223,0.003853257606417481,0.005047716837147428,0.0077421055
2025-03-29 18:15:00+00:00,4,0.0029013008348884916,8.417546534524659e-06,0.01789078336719087,0.0038792698825052792,low,0.008278746991510239,0.003431371374672528,0.005043478598611424,0.005414671
2025-03-29 18:20:00+00:00,4,0.0029381657101546364,8.6328177403285e-06,0.01788663310815027,0.0038792698825052792,low,0.008222757411015448,0.0030569664522405882,0.005298179867670773,0.0045116963
2025-03-29 18:25:00+00:00,4,0.003315944608469702,1.0995488646439285e-05,0.017721948805368554,0.0038792698825052792,low,0.008195845897758963,0.003106746073111365,0.00513469257589743,0.0044122757
2025-03-29 18:30:00+00:00,4,0.0032467460647958067,1.0541360009267058e-05,0.017741904863624206,0.0038792698825052792,low,0.006365096799411995,0.0028678163233854686,0.004572040568704213,0.0043644034
2025-03-29 18:35:00+00:00,4,0.003246008555847114,1.0536571544632665e-05,0.01767809749202765,0.0038792698825052792,low,0.004764723726087894,0.0036115066236047993,0.00470502342116199,0.0046843314
2025-03-29 18:40:00+00:00,4,0.0032235179486520497,1.0391067965281919e-05,0.017627111755008414,0.0038792698825052792,low,0.004480177276974366,0.003132541139406414,0.004144448867672004,0.0046974323
2025-03-29 18:45:00+00:00,4,0.0033580407652716625,1.1276437781226292e-05,0.01762727609863185,0.0038792698825052792,low,0.003203104621792151,0.002753682402064743,0.0034694988128345715,0.0034491508
2025-03-29 18:50:00+00:00,4,0.003311508542288447,1.0966088825649355e-05,0.017648812458629388,0.0038792698825052792,low,0.002513056388004614,0.003048456766296038,0.003498902396947381,0.00364181
2025-03-29 18:55:00+00:00,4,0.0030334804468577893,9.202003621468533e-06,0.01774159664361829,0.0038792698825052792,low,0.002819152932424587,0.003294053592291315,0.0035997301680733107,0.0040257014
2025-03-29 19:00:00+00:00,4,0.00523506329763476,2.7405887730242526e-05,0.01778502891634681,0.0038792698825052792,low,0.00280815212744535,0.003066319465820752,0.003413993286508579,0.0028754356
2025-03-29 19:05:00+00:00,4,0.005680280508761442,3.226558665821515e-05,0.01774143578371068,0.0038792698825052792,low,0.002998584479324036,0.0032539294531111996,0.003659994512303301,0.003791075
2025-03-29 19:10:00+00:00,4,0.0057768172768589135,3.3371617850215634e-05,0.017741052281538917,0.0038792698825052792,low,0.0029376559702790584,0.003473534259658035,0.0034836024006648482,0.0030160758
2025-03-29 19:15:00+00:00,4,0.005885797211416619,3.464260881391965e-05,0.017735200163687452,0.0038792698825052792,low,0.0029013008348884916,0.002639174908858663,0.003435237015249991,0.0028908195
2025-03-29 19:20:00+00:00,4,0.005864420738967439,3.43914306036314e-05,0.01773660399263514,0.0038792698825052792,low,0.0029381657101546364,0.0031140133777467034,0.003511549988447406,0.0032691364
2025-03-29 19:25:00+00:00,4,0.0057501113693933905,3.3063780760427134e-05,0.01780637111082762,0.0038792698825052792,low,0.003315944608469702,0.0028323133676595624,0.003698153049922462,0.0038921381
2025-03-29 19:30:00+00:00,4,0.005730261747143719,3.283589969077858e-05,0.01779557654063551,0.0038792698825052792,low,0.0032467460647958067,0.002976511480739077,0.0036929386968377774,0.004475971
2025-03-29 19:35:00+00:00,4,0.005761832752562254,3.3198716668499125e-05,0.017767480150969586,0.0038792698825052792,low,0.003246008555847114,0.0029231433475274448,0.003727078111929234,0.0041544912
2025-03-29 19:40:00+00:00,4,0.005752540602405229,3.309172338232072e-05,0.017770643328438245,0.0038792698825052792,low,0.0032235179486520497,0.002603671510265889,0.003615580954785538,0.003772735
2025-03-29 19:45:00+00:00,4,0.005886917938068032,3.465580280954717e-05,0.01779049774888679,0.0038792698825052792,low,0.0033580407652716625,0.00273797657891453,0.0034771310599964727,0.0028471022
2025-03-29 19:50:00+00:00,4,0.006027977489032039,3.633651260827701e-05,0.017775297701018183,0.0038792698825052792,low,0.003311508542288447,0.0030889088903195373,0.0038503839876934966,0.0037407577
2025-03-29 19:55:00+00:00,4,0.005964991939890713,3.558112884296118e-05,0.017815274086448705,0.0038792698825052792,low,0.0030334804468577893,0.0030428606160769387,0.00362211597196621,0.0039888285
2025-03-29 20:00:00+00:00,4,0.003924425140138492,1.5401112680551017e-05,0.018373487692812256,0.0038792698825052792,low,0.00523506329763476,0.003942655562443392,0.0045365651756518665,0.003457846
2025-03-29 20:05:00+00:00,4,0.0031312702355341896,9.80485328794234e-06,0.018526663686803547,0.0038792698825052792,low,0.005680280508761442,0.004052484588499658,0.004629543903855899,0.0058934316
2025-03-29 20:10:00+00:00,4,0.0032637944559392455,1.0652354250619757e-05,0.018527582658001966,0.0038792698825052792,low,0.0057768172768589135,0.0036303655140062212,0.004385183413713031,0.0040211086
2025-03-29 20:15:00+00:00,4,0.003085011088805683,9.517293418054028e-06,0.01853430340419038,0.0038792698825052792,low,0.005885797211416619,0.0032903570120230586,0.00448651994694895,0.004996763
2025-03-29 20:20:00+00:00,4,0.003081845595309445,9.497772273328227e-06,0.018490214562254168,0.0038792698825052792,low,0.005864420738967439,0.003015103575445727,0.004356193523646378,0.0040875743
2025-03-29 20:25:00+00:00,4,0.0029901415388633034,8.940946422435804e-06,0.018519045372937686,0.0038792698825052792,low,0.0057501113693933905,0.003082053893649933,0.004094858412014038,0.004065027
2025-03-29 20:30:00+00:00,4,0.0035088558135225123,1.2312069120090733e-05,0.01851925562919903,0.0038792698825052792,low,0.005730261747143719,0.0027693814400673736,0.003991535093175773,0.0038467436
2025-03-29 20:35:00+00:00,4,0.0036618387906594235,1.3409063328778068e-05,0.01852366418751217,0.0038792698825052792,low,0.005761832752562254,0.0033012695962341535,0.0038005042156412563,0.0044466103
2025-03-29 20:40:00+00:00,4,0.003692639997623783,1.3635590152050972e-05,0.018504111262012776,0.0038792698825052792,low,0.005752540602405229,0.0037779025450852453,0.003921668834386533,0.0041177953
2025-03-29 20:45:00+00:00,4,0.0033586540580121888,1.1280557081401742e-05,0.01856017942217061,0.0038792698825052792,low,0.005886917938068032,0.0034532804134541845,0.0038391187940795663,0.0044965376
2025-03-29 20:50:00+00:00,4,0.003064060838517151,9.388468822134428e-06,0.018519369933521046,0.0038792698825052792,low,0.006027977489032039,0.0033475763879042175,0.0038272063121926095,0.0039973855
2025-03-29 20:55:00+00:00,4,0.0030361252755786816,9.218056689007725e-06,0.018537036801295082,0.0038792698825052792,low,0.005964991939890713,0.003095616122454775,0.003704768341354332,0.0040374375
2025-03-29 21:00:00+00:00,4,0.003158866687828602,9.978438751473241e-06,0.01852008597206847,0.0038792698825052792,low,0.003924425140138492,0.002838619981014481,0.0035355627830591955,0.00370594
2025-03-29 21:05:00+00:00,4,0.003136471233603344,9.837451799221284e-06,0.018521516524360983,0.0038792698825052792,low,0.0031312702355341896,0.0030540472885625613,0.003427903217798019,0.0035101725
2025-03-29 21:10:00+00:00,4,0.0028201908453033197,7.953476403932652e-06,0.018506447012107557,0.0038792698825052792,low,0.0032637944559392455,0.002645512277620106,0.003205557001227834,0.0030359563
2025-03-29 21:15:00+00:00,4,0.0028022810831459305,7.85277926895753e-06,0.018477130935700043,0.0038792698825052792,low,0.003085011088805683,0.002949788007604004,0.003272443833672857,0.0038726996
2025-03-29 21:20:00+00:00,4,0.0028375003599598967,8.051408292772543e-06,0.018431661303377585,0.0038792698825052792,low,0.003081845595309445,0.0025512722053198573,0.0031065054079131983,0.0030631486
2025-03-29 21:25:00+00:00,4,0.002854399773225459,8.147598065389552e-06,0.01839641199863029,0.0038792698825052792,low,0.0029901415388633034,0.002592429224766169,0.003090942145241382,0.0030629323
2025-03-29 21:30:00+00:00,4,0.0021721021777525488,4.718027870597366e-06,0.01848845330594695,0.0038792698825052792,low,0.0035088558135225123,0.002904811116373738,0.003300220674620066,0.0030433454
2025-03-29 21:35:00+00:00,4,0.0018174127247709256,3.3029890121592802e-06,0.01849219372994005,0.0038792698825052792,low,0.0036618387906594235,0.0031814164456591795,0.003635210504136073,0.0034306813
2025-03-29 21:40:00+00:00,4,0.0018475061267895455,3.413278888524908e-06,0.01847401588463746,0.0038792698825052792,low,0.003692639997623783,0.0029784852281604466,0.003487531624685983,0.0028399066
2025-03-29 21:45:00+00:00,4,0.0018486413256667597,3.417474750962955e-06,0.018476466834859963,0.0038792698825052792,low,0.0033586540580121888,0.0028269722595170217,0.0034638754580108566,0.002484605
2025-03-29 21:50:00+00:00,4,0.002083285564955496,4.340078745151939e-06,0.018427430041437036,0.0038792698825052792,low,0.003064060838517151,0.002534460772495471,0.0031220305294661845,0.002381885
2025-03-29 21:55:00+00:00,4,0.002245232538233108,5.0410691507406854e-06,0.018442731524472202,0.0038792698825052792,low,0.0030361252755786816,0.002578450459641377,0.0030498507211211803,0.0020744195
2025-03-29 22:00:00+00:00,4,0.0021086312846532954,4.446325894618606e-06,0.018404832185739267,0.0038792698825052792,low,0.003158866687828602,0.0026370857681344445,0.0031139035894898956,0.0025776431
2025-03-29 22:05:00+00:00,4,0.002161968269351936,4.674106797684605e-06,0.01837883186887056,0.0038792698825052792,low,0.003136471233603344,0.002759845567190155,0.0032424066164823493,0.0022317197
2025-03-29 22:10:00+00:00,4,0.0024200459730085153,5.856622511474732e-06,0.01837803859187713,0.0038792698825052792,low,0.0028201908453033197,0.002586642767056742,0.003120837441686823,0.0022038007
2025-03-29 22:15:00+00:00,4,0.0024448499942078842,5.977291494178292e-06,0.018369789321708626,0.0038792698825052792,low,0.0028022810831459305,0.002418089659301105,0.003194305166498038,0.0020912837
2025-03-29 22:20:00+00:00,4,0.0024094181358055933,5.805295753148901e-06,0.018375028094722957,0.0038792698825052792,low,0.0028375003599598967,0.0023499341468377795,0.00318230922646633,0.001890132
2025-03-29 22:25:00+00:00,4,0.002277543963846811,5.187206507255043e-06,0.018392729810317213,0.0038792698825052792,low,0.002854399773225459,0.002368302482343344,0.0032625165875147105,0.0020062581
2025-03-29 22:30:00+00:00,4,0.0023465228307303705,5.506169395138872e-06,0.018387316562843023,0.0038792698825052792,low,0.0021721021777525488,0.0026433829277701898,0.0033821560305703187,0.0018721643
2025-03-29 22:35:00+00:00,4,0.0023726221050489253,5.629335653366794e-06,0.018379337775719103,0.0038792698825052792,low,0.0018174127247709256,0.0022594741526393456,0.003140646544536406,0.0017365159
2025-03-29 22:40:00+00:00,4,0.002331489511871532,5.435843343966955e-06,0.018384327866040988,0.0038792698825052792,low,0.0018475061267895455,0.0023729178047098708,0.00314824541143105,0.0017279816
2025-03-29 22:45:00+00:00,4,0.002353417568034885,5.538574249535233e-06,0.018386210332965187,0.0038792698825052792,low,0.0018486413256667597,0.0024114265643650113,0.003196539563859714,0.002253107
2025-03-29 22:50:00+00:00,4,0.0021496720878200703,4.6210900851527e-06,0.018407043598587015,0.0038792698825052792,low,0.002083285564955496,0.003241145533395146,0.003557626086836661,0.0027470118
2025-03-29 22:55:00+00:00,4,0.0024154661905852227,5.834476917860287e-06,0.01844204000473401,0.0038792698825052792,low,0.002245232538233108,0.0028511714912639705,0.003384208236193981,0.0020397613
2025-03-29 23:00:00+00:00,4,0.0023885867048408136,5.7053464465422954e-06,0.018401918701870267,0.0038792698825052792,low,0.0021086312846532954,0.0023701846076469805,0.0029481982679863314,0.0021170897
2025-03-29 23:05:00+00:00,4,0.002292091400309237,5.25368298737156e-06,0.01840917988155631,0.0038792698825052792,low,0.002161968269351936,0.0023538156988778206,0.002867359331340766,0.0020893111
2025-03-29 23:10:00+00:00,4,0.002055401899853673,4.224676969922088e-06,0.01836041015570319,0.0038792698825052792,low,0.0024200459730085153,0.0026299175530815418,0.0028512097260445166,0.0020978756
2025-03-29 23:15:00+00:00,4,0.002133508612820414,4.551859000978886e-06,0.01834782275454987,0.0038792698825052792,low,0.0024448499942078842,0.0024121955493755084,0.0027566377199097604,0.002334979
2025-03-29 23:20:00+00:00,4,0.002143993006129816,4.596706010333567e-06,0.018335435727454413,0.0038792698825052792,low,0.0024094181358055933,0.0029773884139290465,0.0033111021063978387,0.0024892061
2025-03-29 23:25:00+00:00,4,0.002308844684516648,5.330763777220779e-06,0.01825730736643023,0.0038792698825052792,low,0.002277543963846811,0.0024092758077630372,0.002684486344089368,0.0021467416
2025-03-29 23:30:00+00:00,4,0.0023014996166084863,5.29690048524901e-06,0.01826465040804962,0.0038792698825052792,low,0.0023465228307303705,0.0022408487253183728,0.0026134362631735054,0.0020274734
2025-03-29 23:35:00+00:00,4,0.0022820181807363645,5.207606977211307e-06,0.018228704891604573,0.0038792698825052792,low,0.0023726221050489253,0.0023138157254710694,0.0026807471085551027,0.0019558277
2025-03-29 23:40:00+00:00,4,0.0024575047795041003,6.039329741285497e-06,0.018230359712713713,0.0038792698825052792,low,0.002331489511871532,0.0022779536431008604,0.0026532652656021147,0.0020853379
2025-03-29 23:45:00+00:00,4,0.002711317121827615,7.35124053511558e-06,0.01823589760576045,0.0038792698825052792,low,0.002353417568034885,0.002154231178796912,0.002675916430924018,0.0020012122
2025-03-29 23:50:00+00:00,4,0.003617014336602784,1.3082792711190077e-05,0.018243099866223637,0.0038792698825052792,low,0.0021496720878200703,0.002400630351962365,0.0026573824087876086,0.0021172077
2025-03-29 23:55:00+00:00,4,0.0033081228875365474,1.0943677039043145e-05,0.018307021254944718,0.0038792698825052792,low,0.0024154661905852227,0.0028625804923861037,0.002961389953515166,0.001963916
2025-03-30 00:00:00+00:00,4,0.0033597473065758205,1.1287901964043481e-05,0.01830708984195637,0.0038792698825052792,low,0.0023885867048408136,0.0028146398471227984,0.002793009961694311,0.0026438069
2025-03-30 00:05:00+00:00,4,0.0036904958589202355,1.3619759684707407e-05,0.01828876489257059,0.0038792698825052792,low,0.002292091400309237,0.0025972284363471217,0.002771023989784174,0.0023047754
2025-03-30 00:10:00+00:00,4,0.003787661891468297,1.4346382604081199e-05,0.018283141000458015,0.0038792698825052792,low,0.002055401899853673,0.0024303542268203256,0.002661051151316422,0.002309963
2025-03-30 00:15:00+00:00,4,0.0037352407657149527,1.3952023577858827e-05,0.018278979503793587,0.0038792698825052792,low,0.002133508612820414,0.0024903241515312913,0.0027690566843985697,0.002134949
2025-03-30 00:20:00+00:00,4,0.0038840837828014634,1.5086106831821324e-05,0.018280110492345014,0.0038792698825052792,low,0.002143993006129816,0.002456982035535832,0.002768521983103318,0.0020715035
2025-03-30 00:25:00+00:00,4,0.00378726184897766,1.4343352312721683e-05,0.018297763899148792,0.0038792698825052792,low,0.002308844684516648,0.002548971888971015,0.0026647357943283606,0.0023475797
2025-03-30 00:30:00+00:00,4,0.003824481126650509,1.4626655888105946e-05,0.018305894652777824,0.0038792698825052792,low,0.0023014996166084863,0.002345907774893661,0.0022952328818461607,0.0018277956
2025-03-30 00:35:00+00:00,4,0.0038441909909881044,1.4777804375194103e-05,0.018303961710859053,0.0038792698825052792,low,0.0022820181807363645,0.002630761608161281,0.0023431843266019207,0.001990501
2025-03-30 00:40:00+00:00,4,0.0037145436129740242,1.3797834252686117e-05,0.018330543565289438,0.0038792698825052792,low,0.0024575047795041003,0.0026323465412425614,0.0023751296527732145,0.0026040524
2025-03-30 00:45:00+00:00,4,0.0038871712476361855,1.511010030844946e-05,0.01837151347448022,0.0038792698825052792,low,0.002711317121827615,0.002482701940592225,0.0024991574293986227,0.0021689772
2025-03-30 00:50:00+00:00,4,0.0031500071431275084,9.922545001754326e-06,0.018487023451238187,0.0038792698825052792,low,0.003617014336602784,0.003287264352287644,0.0030091796931210764,0.0023942138
2025-03-30 00:55:00+00:00,4,0.00331630699126333,1.099789206030204e-05,0.018495980106945954,0.0038792698825052792,low,0.0033081228875365474,0.003363409702855054,0.003091727667547598,0.0025151877
2025-03-30 01:00:00+00:00,4,0.003262369570423144,1.0643055214022888e-05,0.018500673736846277,0.0038792698825052792,low,0.0033597473065758205,0.002973535768429091,0.0030715877971655703,0.002936909
2025-03-30 01:05:00+00:00,4,0.0030725083301904096,9.440307439089458e-06,0.018561825026902505,0.0038792698825052792,low,0.0036904958589202355,0.0036748922036959207,0.0029986631864345466,0.0033069593
2025-03-30 01:10:00+00:00,4,0.003446699417515742,1.1879736874703356e-05,0.01857049807113124,0.0038792698825052792,low,0.003787661891468297,0.0038084214726056315,0.003157722278376443,0.0034340005
2025-03-30 01:15:00+00:00,4,0.003451520656424002,1.1912994841721572e-05,0.018572884377457254,0.0038792698825052792,low,0.0037352407657149527,0.003713625674903853,0.003128535015118296,0.003545458
2025-03-30 01:20:00+00:00,4,0.003282058084658376,1.0771905271071407e-05,0.018485943549410383,0.0038792698825052792,low,0.0038840837828014634,0.003515304010203103,0.0031997807310206582,0.0035015282
2025-03-30 01:25:00+00:00,4,0.0032761198867763907,1.0732961512531751e-05,0.018483855434683016,0.0038792698825052792,low,0.00378726184897766,0.0029622257256153722,0.0029105464186755417,0.0033487722
2025-03-30 01:30:00+00:00,4,0.003262809361446352,1.0645924929141953e-05,0.018495438939287963,0.0038792698825052792,low,0.003824481126650509,0.0029316410149511024,0.002863936419966848,0.0034004503
2025-03-30 01:35:00+00:00,4,0.0033974133827744096,1.1542417693454655e-05,0.018467189027790473,0.0038792698825052792,low,0.0038441909909881044,0.0032914052524741846,0.0030703267659534053,0.0037811021
2025-03-30 01:40:00+00:00,4,0.003513396000008076,1.2343951452872747e-05,0.018467047044257424,0.0038792698825052792,low,0.0037145436129740242,0.0032932327482474042,0.0030634239364235654,0.003475275
2025-03-30 01:45:00+00:00,4,0.00311261104698497,9.688347529812871e-06,0.018541517303279065,0.0038792698825052792,low,0.0038871712476361855,0.003292788334738756,0.002975535835683403,0.0033665888
2025-03-30 01:50:00+00:00,4,0.0029761532566880008,8.857488207294593e-06,0.018563905412042763,0.0038792698825052792,low,0.0031500071431275084,0.003029763811459187,0.003110242449769564,0.0037090867
2025-03-30 01:55:00+00:00,4,0.0027449479260681243,7.534739116825696e-06,0.018578800601298077,0.0038792698825052792,low,0.00331630699126333,0.0025653711434980293,0.0025554713110816476,0.0027708588
2025-03-30 02:00:00+00:00,4,0.002736139472525108,7.486459213109977e-06,0.018566489465349424,0.0038792698825052792,low,0.003262369570423144,0.002901803937874395,0.002842175728393601,0.0033659916
2025-03-30 02:05:00+00:00,4,0.0025311289057970646,6.406613537761446e-06,0.01856493075647716,0.0038792698825052792,low,0.0030725083301904096,0.003002996904733746,0.002856792685063572,0.0030303996
2025-03-30 02:10:00+00:00,4,0.0020036613770974005,4.014658914071852e-06,0.018646263147914684,0.0038792698825052792,low,0.003446699417515742,0.003639973281410474,0.003046799266093768,0.0032748405
2025-03-30 02:15:00+00:00,4,0.0019754074748647298,3.902234691751448e-06,0.018647693402968093,0.0038792698825052792,low,0.003451520656424002,0.003221665552008519,0.0030598433770676805,0.0031564857
2025-03-30 02:20:00+00:00,4,0.0019631468041837953,3.8539453747770495e-06,0.01863959221062697,0.0038792698825052792,low,0.003282058084658376,0.0028515281959916898,0.002646335949850695,0.00292274
2025-03-30 02:25:00+00:00,4,0.0020839295363871743,4.3427623126268635e-06,0.018556756058024093,0.0038792698825052792,low,0.0032761198867763907,0.0025703684783305153,0.0025430413607759766,0.002491675
2025-03-30 02:30:00+00:00,4,0.00204661437473715,4.188630398880736e-06,0.01857009016811594,0.0038792698825052792,low,0.003262809361446352,0.0026344319881796796,0.002581835669475047,0.0028889757
2025-03-30 02:35:00+00:00,4,0.0018865423649664223,3.5590420948131014e-06,0.018592683337567802,0.0038792698825052792,low,0.0033974133827744096,0.0028182265907838564,0.002633397946714773,0.002933122
2025-03-30 02:40:00+00:00,4,0.002252529242794129,5.073887989642693e-06,0.018612493281060957,0.0038792698825052792,low,0.003513396000008076,0.0032944432757041333,0.003077743828594928,0.003098368
2025-03-30 02:45:00+00:00,4,0.0023465479577967543,5.506287318240119e-06,0.01849135841295321,0.0038792698825052792,low,0.00311261104698497,0.003381072115244876,0.003003967157631502,0.0028546634
2025-03-30 02:50:00+00:00,4,0.002383890248949447,5.6829327190362564e-06,0.01846648364025623,0.0038792698825052792,low,0.0029761532566880008,0.0030027081436123752,0.002839628623510026,0.0027232894
2025-03-30 02:55:00+00:00,4,0.0024550832496170495,6.027433762550213e-06,0.01846814898158533,0.0038792698825052792,low,0.0027449479260681243,0.002887278403868847,0.0027866283758288947,0.0028068728
2025-03-30 03:00:00+00:00,4,0.0027641181962199677,7.640349402674328e-06,0.018243681155209187,0.0038792698825052792,low,0.002736139472525108,0.0026853120743694867,0.0028560238826295945,0.002557607
2025-03-30 03:05:00+00:00,4,0.0028374076191979075,8.050881997482339e-06,0.01824343304860144,0.0038792698825052792,low,0.0025311289057970646,0.002683555916640555,0.0028066884556789576,0.002843766
2025-03-30 03:10:00+00:00,4,0.002705002939141237,7.317040900762731e-06,0.018265323256342877,0.0038792698825052792,low,0.0020036613770974005,0.0027955623430123526,0.002705233313113992,0.0029246723
2025-03-30 03:15:00+00:00,4,0.002713699839348632,7.36416681808079e-06,0.018265550538967945,0.0038792698825052792,low,0.0019754074748647298,0.002770939066988083,0.00252570906975475,0.0027463005
2025-03-30 03:20:00+00:00,4,0.002871203112142108,8.243807311174526e-06,0.018217906878878486,0.0038792698825052792,low,0.0019631468041837953,0.0030587337796798065,0.0027499477304075053,0.002643691
2025-03-30 03:25:00+00:00,4,0.0027797375118229412,7.726940634635595e-06,0.01821763149203708,0.0038792698825052792,low,0.0020839295363871743,0.003066863371000808,0.0029023132468293236,0.0027963566
2025-03-30 03:30:00+00:00,4,0.0027253676058674463,7.427628587111655e-06,0.01822118302050521,0.0038792698825052792,low,0.00204661437473715,0.002799312825820771,0.002767761782477965,0.00236263
2025-03-30 03:35:00+00:00,4,0.0026414031641497425,6.977010675580272e-06,0.018190763454614296,0.0038792698825052792,low,0.0018865423649664223,0.002699705364922085,0.0025792050570527156,0.002315169
2025-03-30 03:40:00+00:00,4,0.00227317768554746,5.167336790070907e-06,0.018250050295530933,0.0038792698825052792,low,0.002252529242794129,0.003096974757521087,0.002974612413194537,0.0019907004
2025-03-30 03:45:00+00:00,4,0.002168485862249813,4.702330934777315e-06,0.01826521270136496,0.0038792698825052792,low,0.0023465479577967543,0.0029520883036581688,0.0029272657830375025,0.0024376432
2025-03-30 03:50:00+00:00,4,0.002325630033404845,5.40855505227462e-06,0.018267815150340833,0.0038792698825052792,low,0.002383890248949447,0.002465723870082495,0.0025426900591756273,0.0023622809
2025-03-30 03:55:00+00:00,4,0.002222012065384638,4.937337618714904e-06,0.018277975021322893,0.0038792698825052792,low,0.0024550832496170495,0.0028270314867759514,0.0026097323287230605,0.0023846568
2025-03-30 04:00:00+00:00,4,0.0026783999120105254,7.173826088657989e-06,0.018312231070372147,0.0038792698825052792,low,0.0027641181962199677,0.0032323956216481144,0.003128641645393834,0.0024707254
2025-03-30 04:05:00+00:00,4,0.0026101572105806576,6.8129206639462e-06,0.018319539682413944,0.0038792698825052792,low,0.0028374076191979075,0.002855857502760906,0.0030010138733192375,0.0025616763
2025-03-30 04:10:00+00:00,4,0.002560146391618513,6.5543495465172915e-06,0.018324095577724808,0.0038792698825052792,low,0.002705002939141237,0.002650996957313867,0.0028126451805346405,0.0022796092
2025-03-30 04:15:00+00:00,4,0.002594908944181375,6.733552428592497e-06,0.01832057666844597,0.0038792698825052792,low,0.002713699839348632,0.0022495581440189374,0.0024281231437820365,0.0020065182
2025-03-30 04:20:00+00:00,4,0.0024405700724352483,5.956382278466593e-06,0.018322909088657097,0.0038792698825052792,low,0.002871203112142108,0.0025384681840718583,0.0027502491584951174,0.0023264135
2025-03-30 04:25:00+00:00,4,0.0024554931898850617,6.029446805571916e-06,0.018320229131072924,0.0038792698825052792,low,0.0027797375118229412,0.0025878582992588553,0.0027688852727655155,0.0025752734
2025-03-30 04:30:00+00:00,4,0.0024481016769956968,5.993201820909142e-06,0.018320319427696945,0.0038792698825052792,low,0.0027253676058674463,0.0026055691798324977,0.002809091849368839,0.0025817824
2025-03-30 04:35:00+00:00,4,0.002457971044042362,6.041621653350698e-06,0.01832070433536079,0.0038792698825052792,low,0.0026414031641497425,0.0024071077389518883,0.0028135056501247457,0.0022611446
2025-03-30 04:40:00+00:00,4,0.0023938092414514858,5.730322684458538e-06,0.01832332216106671,0.0038792698825052792,low,0.00227317768554746,0.002295668229920155,0.00257701804814096,0.001944584
2025-03-30 04:45:00+00:00,4,0.002369501851062089,5.614539022186666e-06,0.018303234984378053,0.0038792698825052792,low,0.002168485862249813,0.0021455541435496327,0.0025205369476183617,0.001427084
2025-03-30 04:50:00+00:00,4,0.002362720587389872,5.582448574075941e-06,0.018326588614217352,0.0038792698825052792,low,0.002325630033404845,0.002258571098560776,0.0024501113987629446,0.0013482501
2025-03-30 04:55:00+00:00,4,0.002376475877167498,5.64763759475903e-06,0.0183267763912242,0.0038792698825052792,low,0.002222012065384638,0.002276034291723976,0.002452311866941792,0.0021199808
2025-03-30 05:00:00+00:00,4,0.0014356747894801543,2.061162101148885e-06,0.018404212573770683,0.0038792698825052792,low,0.0026783999120105254,0.002772414030504908,0.0026317153296534757,0.0021722282
2025-03-30 05:05:00+00:00,4,0.0014022261355083583,1.966238135102705e-06,0.01839019482668034,0.0038792698825052792,low,0.0026101572105806576,0.002387750251583045,0.0024944898266549328,0.0021168927
2025-03-30 05:10:00+00:00,4,0.0017448043207158226,3.044342117588603e-06,0.018390251911314964,0.0038792698825052792,low,0.002560146391618513,0.00264797155407298,0.0026086610796689507,0.0020070216
2025-03-30 05:15:00+00:00,4,0.0017318217025643673,2.999206409472944e-06,0.01837876238922665,0.0038792698825052792,low,0.002594908944181375,0.002424637409440646,0.0025224558494799606,0.0017682031
2025-03-30 05:20:00+00:00,4,0.0019610847064213187,3.84585322575959e-06,0.01836817601679923,0.0038792698825052792,low,0.0024405700724352483,0.0022909409618071847,0.002390185091562026,0.0017876306
2025-03-30 05:25:00+00:00,4,0.002019113351005875,4.076818724210174e-06,0.018366011794422134,0.0038792698825052792,low,0.0024554931898850617,0.0022234965705398607,0.0022731088288841087,0.0016915071
2025-03-30 05:30:00+00:00,4,0.0020304610280843464,4.122771986569341e-06,0.01835009107185805,0.0038792698825052792,low,0.0024481016769956968,0.0021257956063538935,0.002359736937388357,0.0019089137
2025-03-30 05:35:00+00:00,4,0.002296505069308097,5.273935533357786e-06,0.018332186420742608,0.0038792698825052792,low,0.002457971044042362,0.0022451267203091266,0.0023420823347862184,0.0018557596
2025-03-30 05:40:00+00:00,4,0.002434357816550991,5.926097979002908e-06,0.018323614363329115,0.0038792698825052792,low,0.0023938092414514858,0.0021395190277170577,0.0023611722036467764,0.0019701216
2025-03-30 05:45:00+00:00,4,0.0028630816562672163,8.197236570453825e-06,0.01832287916585467,0.0038792698825052792,low,0.002369501851062089,0.0021574115746063713,0.002343573745004539,0.0019564647
2025-03-30 05:50:00+00:00,4,0.002794841537027234,7.811139217092753e-06,0.018340383519759477,0.0038792698825052792,low,0.002362720587389872,0.0028159568987065784,0.002926335081463499,0.0022561774
2025-03-30 05:55:00+00:00,4,0.0029073409972363417,8.452631674211206e-06,0.018339201856676535,0.0038792698825052792,low,0.002376475877167498,0.0028212191280914496,0.002928568391316402,0.0025900342
2025-03-30 06:00:00+00:00,4,0.002913511664275749,8.488550217870845e-06,0.01834609139579218,0.0038792698825052792,low,0.0014356747894801543,0.0030579002317994105,0.0030324896655984086,0.0025421313
2025-03-30 06:05:00+00:00,4,0.002958666388152403,8.753706796382786e-06,0.01829426218978958,0.0038792698825052792,low,0.0014022261355083583,0.0029284297630306237,0.0028947587474520437,0.0026077763
2025-03-30 06:10:00+00:00,4,0.0027825001580815026,7.742307129723587e-06,0.018289376436143305,0.0038792698825052792,low,0.0017448043207158226,0.0027140746744440773,0.002783107625154833,0.0024160785
2025-03-30 06:15:00+00:00,4,0.002865712759024762,8.212309617237314e-06,0.018294363512482884,0.0038792698825052792,low,0.0017318217025643673,0.0026952614299578046,0.0026338841409715586,0.0028987455
2025-03-30 06:20:00+00:00,4,0.0027692371937359226,7.668674635170409e-06,0.018282607645808475,0.0038792698825052792,low,0.0019610847064213187,0.002930670675848997,0.0028985965991254444,0.0030476905
2025-03-30 06:25:00+00:00,4,0.0027134117831155388,7.362603504750247e-06,0.01827579420718259,0.0038792698825052792,low,0.002019113351005875,0.0028892772695151897,0.002830478872680223,0.0030827278
2025-03-30 06:30:00+00:00,4,0.0027113263137451787,7.351290379607019e-06,0.01827003062777576,0.0038792698825052792,low,0.0020304610280843464,0.002719516380873917,0.002846662340536464,0.0028211768
2025-03-30 06:35:00+00:00,4,0.0025273660780572413,6.3875792925144415e-06,0.018274848552124204,0.0038792698825052792,low,0.002296505069308097,0.002762939176650657,0.003000753386865805,0.0020810962
2025-03-30 06:40:00+00:00,4,0.0024850136543136023,6.175292862125044e-06,0.018297840696624428,0.0038792698825052792,low,0.002434357816550991,0.0026511019449051523,0.0029220217306816752,0.0022340238
2025-03-30 06:45:00+00:00,4,0.002053608861358289,4.217309355449288e-06,0.0183502974150868,0.0038792698825052792,low,0.0028630816562672163,0.003106459810118309,0.0028341263389342983,0.0020475632
2025-03-30 06:50:00+00:00,4,0.0019429135630166163,3.774913113353923e-06,0.018355827662526022,0.0038792698825052792,low,0.002794841537027234,0.0030852539879447517,0.002678331484169771,0.0026666091
2025-03-30 06:55:00+00:00,4,0.0017699371667417479,3.1326775742138058e-06,0.018345081086784752,0.0038792698825052792,low,0.0029073409972363417,0.0025936989482287878,0.002565140390916186,0.003274928
2025-03-30 07:00:00+00:00,4,0.001696687279942363,2.8787477259182145e-06,0.01833730591397982,0.0038792698825052792,low,0.002913511664275749,0.0021849263138573514,0.0022733577574806075,0.0025087819
2025-03-30 07:05:00+00:00,4,0.002016267049124401,4.065332813384821e-06,0.018342761862327014,0.0038792698825052792,low,0.002958666388152403,0.0027116424984705285,0.0024612983862200267,0.0029945201
2025-03-30 07:10:00+00:00,4,0.002055911889540846,4.226773697555412e-06,0.01827969169738814,0.0038792698825052792,low,0.0027825001580815026,0.0024844330113251737,0.0023231755262660687,0.0026797918
2025-03-30 07:15:00+00:00,4,0.0019605705456917795,3.843836864634162e-06,0.01829325931571399,0.0038792698825052792,low,0.002865712759024762,0.0024655775904380366,0.00225899571908717,0.002482161
2025-03-30 07:20:00+00:00,4,0.0018619366120555098,3.4668079473127497e-06,0.018302279577569004,0.0038792698825052792,low,0.0027692371937359226,0.002547776412413727,0.002233412171280594,0.0026857133
2025-03-30 07:25:00+00:00,4,0.0018846734151003566,3.551993881586041e-06,0.018255414359669313,0.0038792698825052792,low,0.0027134117831155388,0.002197392548178874,0.002089166876629637,0.002157512
2025-03-30 07:30:00+00:00,4,0.0019333404307664028,3.73780522123602e-06,0.01825071709227967,0.0038792698825052792,low,0.0027113263137451787,0.002393005977764784,0.002198939138406345,0.002328199
2025-03-30 07:35:00+00:00,4,0.002123934993047508,4.511099854691718e-06,0.01825479653494527,0.0038792698825052792,low,0.0025273660780572413,0.0024429045176672395,0.0022271571886872464,0.0024429015
2025-03-30 07:40:00+00:00,4,0.0019749056098634123,3.900252167869977e-06,0.018262991471051156,0.0038792698825052792,low,0.0024850136543136023,0.0023221431076316935,0.0022501113607270077,0.002487953
2025-03-30 07:45:00+00:00,4,0.0019249342005572656,3.705371676475039e-06,0.018268837609208055,0.0038792698825052792,low,0.002053608861358289,0.0024341265074675125,0.0022897422953853893,0.0025052459
2025-03-30 07:50:00+00:00,4,0.002141882917945711,4.587662434187633e-06,0.018229412687513314,0.0038792698825052792,low,0.0019429135630166163,0.002478954225187395,0.002211094106007322,0.0024869721
2025-03-30 07:55:00+00:00,4,0.002168555610360114,4.702633435224326e-06,0.018224299587178222,0.0038792698825052792,low,0.0017699371667417479,0.002395797086245761,0.0021797369244934946,0.002271336
2025-03-30 08:00:00+00:00,4,0.0021599342954837205,4.665316160806756e-06,0.018225526351993208,0.0038792698825052792,low,0.001696687279942363,0.002242904432408919,0.0022081947026035584,0.0021043979
2025-03-30 08:05:00+00:00,4,0.0018245058425872902,3.328821569635158e-06,0.01826359612464516,0.0038792698825052792,low,0.002016267049124401,0.0024292941410132855,0.0022917149182958684,0.0023262394
2025-03-30 08:10:00+00:00,4,0.0017596333749481153,3.096309614231295e-06,0.018256254779361075,0.0038792698825052792,low,0.002055911889540846,0.002444325872548962,0.0021116457960712004,0.0021085483
2025-03-30 08:15:00+00:00,4,0.0017171108700041007,2.9484697398862394e-06,0.018261884249758418,0.0038792698825052792,low,0.0019605705456917795,0.0025858772662625228,0.0022751682081560256,0.0025227861
2025-03-30 08:20:00+00:00,4,0.001723330401421374,2.9698676724631536e-06,0.018258532249618306,0.0038792698825052792,low,0.0018619366120555098,0.002423359072677157,0.0021485140697837363,0.0023409387
2025-03-30 08:25:00+00:00,4,0.0017325522228855811,3.001737205025768e-06,0.01822334790485375,0.0038792698825052792,low,0.0018846734151003566,0.002293998098914811,0.00213189576815935,0.0024204177
2025-03-30 08:30:00+00:00,4,0.0016680624536598522,2.7824323493097267e-06,0.018202398328146435,0.0038792698825052792,low,0.0019333404307664028,0.002022682334786706,0.0021263032248205397,0.0022237876
2025-03-30 08:35:00+00:00,4,0.001591785056521031,2.533779666163662e-06,0.018208984509153738,0.0038792698825052792,low,0.002123934993047508,0.002561400678744217,0.002318220441731452,0.002319065
2025-03-30 08:40:00+00:00,4,0.001618809065793171,2.620542791494159e-06,0.01820572666847387,0.0038792698825052792,low,0.0019749056098634123,0.002187636018307251,0.002113605253525757,0.0022727011
2025-03-30 08:45:00+00:00,4,0.0015725813545035606,2.4730121165322533e-06,0.018201184191587616,0.0038792698825052792,low,0.0019249342005572656,0.0021549017767563687,0.0021143473233770633,0.0022005371
2025-03-30 08:50:00+00:00,4,0.0013370853407817154,1.7877972085333558e-06,0.01822460311518159,0.0038792698825052792,low,0.002141882917945711,0.0021634044053952545,0.0021507028298635854,0.0020137704
2025-03-30 08:55:00+00:00,4,0.0012650247854664527,1.6002877078444448e-06,0.018229752829724243,0.0038792698825052792,low,0.002168555610360114,0.0025912959991994627,0.0022993804728871333,0.002323253
2025-03-30 09:00:00+00:00,4,0.0012787082444884084,1.6350947745226273e-06,0.018223495594698946,0.0038792698825052792,low,0.0021599342954837205,0.0023278064024611833,0.002294729209178282,0.0018971262
2025-03-30 09:05:00+00:00,4,0.0012520897144862443,1.567728653122245e-06,0.0182122260861888,0.0038792698825052792,low,0.0018245058425872902,0.0024138514841758585,0.002284011443066001,0.0021237265
2025-03-30 09:10:00+00:00,4,0.0012580510159083704,1.5826923586280827e-06,0.01821231943657404,0.0038792698825052792,low,0.0017596333749481153,0.0022625685256725974,0.002203812421327577,0.0021180732
2025-03-30 09:15:00+00:00,4,0.001371761473895299,1.8817295412634033e-06,0.01821305526005572,0.0038792698825052792,low,0.0017171108700041007,0.0020648006164850014,0.0020825973601556083,0.0018269112
2025-03-30 09:20:00+00:00,4,0.0025680867271953836,6.595069438397096e-06,0.01821028344137386,0.0038792698825052792,low,0.001723330401421374,0.0027328430292318942,0.002066945645393103,0.0019706571
2025-03-30 09:25:00+00:00,4,0.0027929151615675297,7.80037509971378e-06,0.018213512482572733,0.0038792698825052792,low,0.0017325522228855811,0.002119239881341202,0.0019133503283558122,0.0016385708
2025-03-30 09:30:00+00:00,4,0.002802059497726342,7.851537428798399e-06,0.018195865549496728,0.0038792698825052792,low,0.0016680624536598522,0.0023264274665854043,0.001999104955670556,0.001800435
2025-03-30 09:35:00+00:00,4,0.002750531651632376,7.5654243666315275e-06,0.018216893547083245,0.0038792698825052792,low,0.001591785056521031,0.002803617647410724,0.001958616507787203,0.0020550126
2025-03-30 09:40:00+00:00,4,0.002739873262516462,7.506905494652601e-06,0.018215462922176007,0.0038792698825052792,low,0.001618809065793171,0.0023434551554601226,0.001964655395914353,0.0019512697
2025-03-30 09:45:00+00:00,4,0.002849896177467651,8.121908222344729e-06,0.018008221317115353,0.0038792698825052792,low,0.0015725813545035606,0.002037203064305093,0.0017785786618995784,0.0017872163
2025-03-30 09:50:00+00:00,4,0.0029459819524240453,8.678809664008191e-06,0.018003046729581335,0.0038792698825052792,low,0.0013370853407817154,0.0027000573962846055,0.0018042818538972667,0.0020908
2025-03-30 09:55:00+00:00,4,0.0029459761392024815,8.678775412750359e-06,0.017979833838859493,0.0038792698825052792,low,0.0012650247854664527,0.0025042007177431924,0.001849129552564229,0.001972071
2025-03-30 10:00:00+00:00,4,0.0029450368454587944,8.673242021109887e-06,0.017959321695460898,0.0038792698825052792,low,0.0012787082444884084,0.002399791154684083,0.00180488170479599,0.001981909
2025-03-30 10:05:00+00:00,4,0.0029400271572691417,8.64375968548007e-06,0.017934523589792323,0.0038792698825052792,low,0.0012520897144862443,0.0026274427239903623,0.0017910209352872603,0.002166267
2025-03-30 10:10:00+00:00,4,0.003315273711218408,1.0991039780295876e-05,0.017888230839359313,0.0038792698825052792,low,0.0012580510159083704,0.0025267153720506604,0.0019229183640389102,0.001979829
2025-03-30 10:15:00+00:00,4,0.0032680869782814592,1.0680392497612839e-05,0.017821331035386172,0.0038792698825052792,low,0.001371761473895299,0.002435332996881076,0.001979917783093042,0.0018148641
2025-03-30 10:20:00+00:00,4,0.002568889819837046,6.59919490646241e-06,0.017938619012384565,0.0038792698825052792,low,0.0025680867271953836,0.0029887048877633143,0.002347692312460222,0.0021529754
2025-03-30 10:25:00+00:00,4,0.0028484802603946416,8.113839793857925e-06,0.017913358682420482,0.0038792698825052792,low,0.0027929151615675297,0.0033845962888501314,0.002343179393844099,0.0024898758
2025-03-30 10:30:00+00:00,4,0.0031466244046099465,9.901245143686899e-06,0.01791279133810326,0.0038792698825052792,low,0.002802059497726342,0.0031043011538242965,0.002329198444592104,0.0028930507
2025-03-30 10:35:00+00:00,4,0.0030711064241468952,9.431694668436328e-06,0.017871861138042372,0.0038792698825052792,low,0.002750531651632376,0.0028567499903022747,0.0022263420415944784,0.002773361
2025-03-30 10:40:00+00:00,4,0.003119474774329962,9.731122867680965e-06,0.017870258841326526,0.0038792698825052792,low,0.002739873262516462,0.0028015878736245775,0.0021373654275799224,0.0025695132
2025-03-30 10:45:00+00:00,4,0.0030630190397424564,9.3820856378248e-06,0.0178862003211178,0.0038792698825052792,low,0.002849896177467651,0.0026390846115393126,0.0021108487709642944,0.0023616985
2025-03-30 10:50:00+00:00,4,0.0029993403116943805,8.996042305354944e-06,0.01786045521470671,0.0038792698825052792,low,0.0029459819524240453,0.002739186263100828,0.0020862441971713263,0.0021625804
2025-03-30 10:55:00+00:00,4,0.0029994224750674306,8.996535183939632e-06,0.017721062571784785,0.0038792698825052792,low,0.0029459761392024815,0.0028027753607681944,0.0022330584116720445,0.0025886092
2025-03-30 11:00:00+00:00,4,0.002996641362260632,8.979859454011257e-06,0.01769235932669232,0.0038792698825052792,low,0.0029450368454587944,0.002601599928134547,0.002138748930095781,0.0023615297
2025-03-30 11:05:00+00:00,4,0.0032836947206012186,1.0782651018104316e-05,0.01768360362706798,0.0038792698825052792,low,0.0029400271572691417,0.0025480810458488722,0.0021494334514086644,0.002342073
2025-03-30 11:10:00+00:00,4,0.0029054120938299573,8.441419434973376e-06,0.017734563540434282,0.0038792698825052792,low,0.003315273711218408,0.0026033210042247477,0.002063759751867408,0.0017949027
2025-03-30 11:15:00+00:00,4,0.002886136313985947,8.329782822908389e-06,0.017724859163147647,0.0038792698825052792,low,0.0032680869782814592,0.0026069939056868117,0.0022340499962389374,0.0021666698
2025-03-30 11:20:00+00:00,4,0.0028029117863813302,7.856314482235379e-06,0.01723415387066021,0.0038792698825052792,low,0.002568889819837046,0.002596298180648396,0.0022299920840676344,0.001921762
2025-03-30 11:25:00+00:00,4,0.0022544403561890842,5.0825013196139645e-06,0.0171350618112497,0.0038792698825052792,low,0.0028484802603946416,0.0025198398342022353,0.0021834041808218192,0.0016461476
2025-03-30 11:30:00+00:00,4,0.0026699485292018175,7.128625148586948e-06,0.017184321899102132,0.0038792698825052792,low,0.0031466244046099465,0.0033128801795672415,0.0026900834149764393,0.0020909107
2025-03-30 11:35:00+00:00,4,0.002824806924493127,7.979534160664318e-06,0.017040991445518974,0.0038792698825052792,low,0.0030711064241468952,0.002839850507279282,0.0025753951292203847,0.0024930832
2025-03-30 11:40:00+00:00,4,0.00282514943198448,7.98146931304223e-06,0.016777635864389986,0.0038792698825052792,low,0.003119474774329962,0.0027268445629265023,0.0025278051475920746,0.0022710771
2025-03-30 11:45:00+00:00,4,0.0029417630784113963,8.653970009504494e-06,0.01678382514364508,0.0038792698825052792,low,0.0030630190397424564,0.0025070628426483894,0.002406600347803746,0.0023854505
2025-03-30 11:50:00+00:00,4,0.0028857247095167775,8.32740709911569e-06,0.016793909569184976,0.0038792698825052792,low,0.0029993403116943805,0.0026266195880252714,0.002540090869884349,0.0023653829
2025-03-30 11:55:00+00:00,4,0.002964236249437223,8.786696542477654e-06,0.016665390734511946,0.0038792698825052792,low,0.0029994224750674306,0.0023186444665104057,0.002360715598917903,0.0019041863
2025-03-30 12:00:00+00:00,4,0.0029605308390914156,8.764742849211322e-06,0.01665401105961642,0.0038792698825052792,low,0.002996641362260632,0.0022231138364833905,0.002240008342669722,0.0018322793
2025-03-30 12:05:00+00:00,4,0.0026452431059150383,6.997311089391038e-06,0.01662791607445178,0.0038792698825052792,low,0.0032836947206012186,0.0028521188804003224,0.002656092479772736,0.0021190774
2025-03-30 12:10:00+00:00,4,0.0026584742650547434,7.067485417958357e-06,0.016507098104690487,0.0038792698825052792,low,0.0029054120938299573,0.002630725982541773,0.002386100304022415,0.0023058902
2025-03-30 12:15:00+00:00,4,0.0026656410770781016,7.105642351806102e-06,0.016504722113035632,0.0038792698825052792,low,0.002886136313985947,0.0024846367851389293,0.0024236968902756136,0.0022916917
2025-03-30 12:20:00+00:00,4,0.0029281494547489396,8.574059229346511e-06,0.016486874403480567,0.0038792698825052792,low,0.0028029117863813302,0.0023586542499914776,0.002200028826021785,0.001864933
2025-03-30 12:25:00+00:00,4,0.0031351274300224297,9.829024002479046e-06,0.01648495299004256,0.0038792698825052792,low,0.0022544403561890842,0.0025711846406503034,0.002365601494900486,0.0020034092
2025-03-30 12:30:00+00:00,4,0.0029274325026487948,8.569861057564587e-06,0.016598343014935214,0.0038792698825052792,low,0.0026699485292018175,0.002892623415773901,0.0024386352515407047,0.0019717652
2025-03-30 12:35:00+00:00,4,0.003308210946299448,1.094425966521549e-05,0.016547036461881073,0.0038792698825052792,low,0.002824806924493127,0.0025434416629137517,0.002418844127125928,0.0020301337
2025-03-30 12:40:00+00:00,4,0.0032631171612680695,1.0647933608162184e-05,0.016557746897676487,0.0038792698825052792,low,0.00282514943198448,0.002571014729339176,0.0021644276132958503,0.0018859744
2025-03-30 12:45:00+00:00,4,0.0037235905822562516,1.386512682426745e-05,0.01657969897764446,0.0038792698825052792,low,0.0029417630784113963,0.0025918310434725066,0.0022159866772195618,0.0020540114
2025-03-30 12:50:00+00:00,4,0.003981141874236976,1.58494906228031e-05,0.016575234532994504,0.0038792698825052792,low,0.0028857247095167775,0.002587804368210133,0.00238210615099668,0.0019720267
2025-03-30 12:55:00+00:00,4,0.004002436679694192,1.6019499374961467e-05,0.01658308348132863,0.0038792698825052792,low,0.002964236249437223,0.0022589995024343687,0.0021945237924020367,0.0017679797
2025-03-30 13:00:00+00:00,4,0.0041355932656258615,1.7103131658689978e-05,0.016568857406267942,0.0038792698825052792,low,0.0029605308390914156,0.002234005064634107,0.0022032930357593805,0.0020003507
2025-03-30 13:05:00+00:00,4,0.004204758336693202,1.7679992669990988e-05,0.016426815326593094,0.0038792698825052792,low,0.0026452431059150383,0.0022917886107027647,0.002190987910728451,0.0018240536
2025-03-30 13:10:00+00:00,4,0.004454004447840073,1.9838155621379155e-05,0.01642625923302453,0.0038792698825052792,low,0.0026584742650547434,0.0024391642726641284,0.0022121671722159755,0.001934992
2025-03-30 13:15:00+00:00,4,0.004490521415565588,2.0164782583653173e-05,0.01641984525481295,0.0038792698825052792,low,0.0026656410770781016,0.002113920929178651,0.0022211210064167967,0.0016180482
2025-03-30 13:20:00+00:00,4,0.0044942856313944885,2.0198603336558958e-05,0.01646528484739591,0.0038792698825052792,low,0.0029281494547489396,0.0024319112958368187,0.0021889004117627508,0.001551489
2025-03-30 13:25:00+00:00,4,0.004345898914113582,1.888683737169361e-05,0.01650181168602449,0.0038792698825052792,low,0.0031351274300224297,0.002296747488112629,0.0024053507687660544,0.0019917446
2025-03-30 13:30:00+00:00,4,0.004047261593230466,1.6380326404038413e-05,0.01657812720948843,0.0038792698825052792,low,0.0029274325026487948,0.0027657626575963053,0.0026929400099317247,0.001987231
2025-03-30 13:35:00+00:00,4,0.003624388896812751,1.313619487533955e-05,0.016676293004859948,0.0038792698825052792,low,0.003308210946299448,0.0044827121336177955,0.003389126246883387,0.0024067727
2025-03-30 13:40:00+00:00,4,0.003631448489998455,1.3187418135512057e-05,0.0166264090732239,0.0038792698825052792,low,0.0032631171612680695,0.003426209815058817,0.00303934646932404,0.0022492178
2025-03-30 13:45:00+00:00,4,0.0030602819506207993,9.365325617295443e-06,0.016745491459782165,0.0038792698825052792,low,0.0037235905822562516,0.0033773969835012066,0.0031940870962225824,0.0031036912
2025-03-30 13:50:00+00:00,4,0.003379273044882421,1.1419486311868908e-05,0.01670876826459622,0.0038792698825052792,low,0.003981141874236976,0.0032993022690268863,0.0031127868933468147,0.0031456223
2025-03-30 13:55:00+00:00,4,0.0033590881986073295,1.1283473526023033e-05,0.016718368364195234,0.0038792698825052792,low,0.004002436679694192,0.0032045668871158767,0.0031673486026375097,0.0025556905
2025-03-30 14:00:00+00:00,4,0.0036712180215749957,1.3477841761937026e-05,0.0167413350846219,0.0038792698825052792,low,0.0041355932656258615,0.003384063047985668,0.003273683164235465,0.002700722
2025-03-30 14:05:00+00:00,4,0.003655431036859161,1.3362176065233241e-05,0.016759494443511404,0.0038792698825052792,low,0.004204758336693202,0.003421609093974862,0.003235019664989198,0.0025975935
2025-03-30 14:10:00+00:00,4,0.003333014449792202,1.1108985322523616e-05,0.01675676807125438,0.0038792698825052792,low,0.004454004447840073,0.0033470753016378897,0.003588503465877329,0.0030076168
2025-03-30 14:15:00+00:00,4,0.003371286890013755,1.1365575294778614e-05,0.016764299281747184,0.0038792698825052792,low,0.004490521415565588,0.0034549443985312255,0.003590650138498565,0.0032704836
2025-03-30 14:20:00+00:00,4,0.0032666842103279393,1.0671225730005871e-05,0.016803657003269395,0.0038792698825052792,low,0.0044942856313944885,0.003396728354205591,0.0033712124255893855,0.0022746765
2025-03-30 14:25:00+00:00,4,0.003470379106823518,1.2043531145077197e-05,0.016689630081420305,0.0038792698825052792,low,0.004345898914113582,0.0033411460092330814,0.0033600914565963375,0.0027573924
2025-03-30 14:30:00+00:00,4,0.0035886027245342015,1.2878069514534294e-05,0.01669195465344539,0.0038792698825052792,low,0.004047261593230466,0.0026989314378343555,0.0029331308106418453,0.0024979978
2025-03-30 14:35:00+00:00,4,0.003585728166087681,1.2857446481074526e-05,0.01668588703153526,0.0038792698825052792,low,0.003624388896812751,0.0028445009339951436,0.0030272015258229175,0.002273451
2025-03-30 14:40:00+00:00,4,0.0036380714597354685,1.3235563946141761e-05,0.016678702737929988,0.0038792698825052792,low,0.003631448489998455,0.0025519780648475053,0.0029280648941437774,0.002069673
2025-03-30 14:45:00+00:00,4,0.0037133314610282397,1.378883053946212e-05,0.01668124572837432,0.0038792698825052792,low,0.0030602819506207993,0.0028672252215752613,0.002901789006623646,0.0020284762
2025-03-30 14:50:00+00:00,4,0.0031754342710476873,1.0083382809744158e-05,0.01675068669019429,0.0038792698825052792,low,0.003379273044882421,0.003341287574255218,0.003166055172338932,0.0026388357
2025-03-30 14:55:00+00:00,4,0.00363380241591879,1.3204519997937234e-05,0.016765046721159044,0.0038792698825052792,low,0.0033590881986073295,0.0030060399687085074,0.002890067998883816,0.002890599
2025-03-30 15:00:00+00:00,4,0.003151120713853074,9.929561753273909e-06,0.016844231449304914,0.0038792698825052792,low,0.0036712180215749957,0.0029938514665085033,0.0033443477134909474,0.002443604
2025-03-30 15:05:00+00:00,4,0.00307475518132717,9.454119425098279e-06,0.01685423394765393,0.0038792698825052792,low,0.003655431036859161,0.0029375887127342415,0.0032658355006052265,0.0020514703
2025-03-30 15:10:00+00:00,4,0.0031429241793941164,9.877972397420179e-06,0.01685411223966337,0.0038792698825052792,low,0.003333014449792202,0.0027083148657748943,0.0032640814028106957,0.002128747
2025-03-30 15:15:00+00:00,4,0.003052868105337942,9.320003668589677e-06,0.016872652684340603,0.0038792698825052792,low,0.003371286890013755,0.002442126102846815,0.0029005288830009548,0.0019994183
2025-03-30 15:20:00+00:00,4,0.002897125977304707,8.393338928373754e-06,0.016870877960836896,0.0038792698825052792,low,0.0032666842103279393,0.003127270239068778,0.003312447745005009,0.0029452955
2025-03-30 15:25:00+00:00,4,0.002653848799742909,7.042913451896878e-06,0.01686938104859892,0.0038792698825052792,low,0.003470379106823518,0.0029063577608330997,0.003131087784851188,0.002850255
2025-03-30 15:30:00+00:00,4,0.002977166111782726,8.863518057147477e-06,0.0168970774978242,0.0038792698825052792,low,0.0035886027245342015,0.0026061498958821166,0.003284877841390619,0.0025246646
2025-03-30 15:35:00+00:00,4,0.003975820636596219,1.5807149734384366e-05,0.016890945545761066,0.0038792698825052792,low,0.003585728166087681,0.0026016507952299206,0.0032327657803166254,0.002548767
2025-03-30 15:40:00+00:00,4,0.004068636745187812,1.6553804964292477e-05,0.01689695096629297,0.0038792698825052792,low,0.0036380714597354685,0.0026399926909166523,0.003438834697441727,0.0022958054
2025-03-30 15:45:00+00:00,4,0.00396949668771991,1.575690395381934e-05,0.01691346950047469,0.0038792698825052792,low,0.0037133314610282397,0.002628709524797077,0.003277122402074177,0.0022107735
2025-03-30 15:50:00+00:00,4,0.004120298137319288,1.69768567403968e-05,0.016910461013963575,0.0038792698825052792,low,0.0031754342710476873,0.002514461071594192,0.003280672908377778,0.0022355071
2025-03-30 15:55:00+00:00,4,0.003967288793003683,1.5739380367092616e-05,0.017002098188440246,0.0038792698825052792,low,0.00363380241591879,0.0026984938096392195,0.0032572728782753507,0.0023261772
2025-03-30 16:00:00+00:00,4,0.003973656432221596,1.5789945441336067e-05,0.01700205145836832,0.0038792698825052792,low,0.003151120713853074,0.002623188530329158,0.0034285758131012097,0.0024200068
2025-03-30 16:05:00+00:00,4,0.0043102163600543236,1.8577965070479943e-05,0.01687051508566431,0.0038792698825052792,low,0.00307475518132717,0.0026955012876391767,0.003364781442751053,0.0025418405
2025-03-30 16:10:00+00:00,4,0.004433095203246973,1.9652333081051317e-05,0.01688298858584331,0.0038792698825052792,low,0.0031429241793941164,0.0026887747477600003,0.0033817799291841004,0.0026255713
2025-03-30 16:15:00+00:00,4,0.004682997094281365,2.193046178504771e-05,0.01686690034289374,0.0038792698825052792,low,0.003052868105337942,0.002622656787795504,0.00334070093797116,0.0023348161
2025-03-30 16:20:00+00:00,4,0.00470028915337071,2.2092718125294345e-05,0.016834184252497112,0.0038792698825052792,low,0.002897125977304707,0.002553502540784908,0.003236899519716188,0.0022986073
2025-03-30 16:25:00+00:00,4,0.0047641599363901065,2.269721989950458e-05,0.016808812333791164,0.0038792698825052792,low,0.002653848799742909,0.002665368132066687,0.0029274931050263997,0.0016663971
2025-03-30 16:30:00+00:00,4,0.0045236681226157255,2.0463573283569685e-05,0.01686433211412807,0.0038792698825052792,low,0.002977166111782726,0.0028022932427269193,0.0033497023591213594,0.0022366585
2025-03-30 16:35:00+00:00,4,0.0038053783449206024,1.4480904347990664e-05,0.017067729671480524,0.0038792698825052792,low,0.003975820636596219,0.004761060731966596,0.004488692047881307,0.0035797118
2025-03-30 16:40:00+00:00,4,0.003655719341614497,1.336428390465433e-05,0.017103313466160695,0.0038792698825052792,low,0.004068636745187812,0.0040453219696154254,0.00439179763478866,0.004729261
2025-03-30 16:45:00+00:00,4,0.003881017015857879,1.5062293077378397e-05,0.01706920672966218,0.0038792698825052792,low,0.00396949668771991,0.0033190093663688714,0.004185014818575792,0.003961987
2025-03-30 16:50:00+00:00,4,0.00372018853217453,1.3839802714922882e-05,0.017111311693521418,0.0038792698825052792,low,0.004120298137319288,0.003272174375198588,0.0040866756886123075,0.004306405
2025-03-30 16:55:00+00:00,4,0.0035066649645893438,1.2296699173878384e-05,0.017180585007983213,0.0038792698825052792,low,0.003967288793003683,0.00448413796405294,0.004767188965419561,0.0049113547
2025-03-30 17:00:00+00:00,4,0.003513285024078063,1.2343171660411197e-05,0.017149004817130217,0.0038792698825052792,low,0.003973656432221596,0.0037144308981929604,0.00434474861421066,0.004434461
2025-03-30 17:05:00+00:00,4,0.003389270562396824,1.1487154945129684e-05,0.017217804437841044,0.0038792698825052792,low,0.0043102163600543236,0.003917910264461499,0.004346883166005868,0.0051573515
2025-03-30 17:10:00+00:00,4,0.003715305054726295,1.3803491649674758e-05,0.01726099989373409,0.0038792698825052792,low,0.004433095203246973,0.00478861118412094,0.005185961365487773,0.004918885
2025-03-30 17:15:00+00:00,4,0.0035192652214832898,1.2385227699141828e-05,0.017092226180780094,0.0038792698825052792,low,0.004682997094281365,0.003967326729824771,0.004567753399871911,0.0053570517
2025-03-30 17:20:00+00:00,4,0.003481931120108511,1.212384432518011e-05,0.017071410159639408,0.0038792698825052792,low,0.00470028915337071,0.003701950344695898,0.004533246800858281,0.005179685
2025-03-30 17:25:00+00:00,4,0.0035936759918312865,1.2914507134264582e-05,0.017073445262643185,0.0038792698825052792,low,0.0047641599363901065,0.0033868981429421513,0.004136184176632716,0.0046594655
2025-03-30 17:30:00+00:00,4,0.0035919222409799313,1.2901905385246291e-05,0.016267697484149395,0.0038792698825052792,low,0.0045236681226157255,0.003449750792779422,0.004173824158723322,0.0051108645
2025-03-30 17:35:00+00:00,4,0.0038787520746242227,1.5044717656401711e-05,0.01574146672039951,0.0038792698825052792,low,0.0038053783449206024,0.0030942588926118914,0.003517217565268271,0.0045221597
2025-03-30 17:40:00+00:00,4,0.0038664536414406273,1.4949463761409489e-05,0.015653205521902087,0.0038792698825052792,low,0.003655719341614497,0.0030238518896201594,0.0036581186880973835,0.004415713
2025-03-30 17:45:00+00:00,4,0.003627779991051809,1.3160787663475865e-05,0.015394510227357178,0.0038792698825052792,low,0.003881017015857879,0.003013661107756429,0.003318342726061785,0.0040383656
2025-03-30 17:50:00+00:00,4,0.0036559692931116194,1.3366111472175073e-05,0.015252450426166292,0.0038792698825052792,low,0.00372018853217453,0.0033682621970665787,0.003799625220970031,0.004482627
2025-03-30 17:55:00+00:00,4,0.0035436504219468565,1.2557458312964135e-05,0.015225205602591437,0.0038792698825052792,low,0.0035066649645893438,0.002722455384093215,0.0032320093811424827,0.0037209447
2025-03-30 18:00:00+00:00,4,0.003576889875621885,1.2794141182326345e-05,0.01516063288049203,0.0038792698825052792,low,0.003513285024078063,0.0025945637723362,0.0032934916840325714,0.0034296052
2025-03-30 18:05:00+00:00,4,0.0038144798712918832,1.4550256688490943e-05,0.01522578837596254,0.0038792698825052792,low,0.003389270562396824,0.003293792521186234,0.0036690861423803044,0.0030557637
2025-03-30 18:10:00+00:00,4,0.0035619405422544046,1.26874204265556e-05,0.015338645541540396,0.0038792698825052792,low,0.003715305054726295,0.0034176348807516623,0.0035250117476687817,0.003305203
2025-03-30 18:15:00+00:00,4,0.0035460973964278634,1.257480674495247e-05,0.015362023687152893,0.0038792698825052792,low,0.0035192652214832898,0.0031304305250528922,0.0035410836661348786,0.0036620658
2025-03-30 18:20:00+00:00,4,0.0037680463237919266,1.4198173098241851e-05,0.015360441065392956,0.0038792698825052792,low,0.003481931120108511,0.0029456056698659683,0.0033239696304451167,0.0031909046
2025-03-30 18:25:00+00:00,4,0.0035874903280728606,1.287008685401632e-05,0.015402764371726432,0.0038792698825052792,low,0.0035936759918312865,0.0032779702788653313,0.0038044758206004213,0.003989196
2025-03-30 18:30:00+00:00,4,0.003538623088677256,1.2521853363719762e-05,0.01539563020974335,0.0038792698825052792,low,0.0035919222409799313,0.002942289094423083,0.003652201711374671,0.003009924
2025-03-30 18:35:00+00:00,4,0.0031285291580974523,9.787694693065954e-06,0.015496318917081633,0.0038792698825052792,low,0.0038787520746242227,0.0032938818393701322,0.004021484555871342,0.0027557232
2025-03-30 18:40:00+00:00,4,0.0031299886512553376,9.796828956987208e-06,0.015488715842160643,0.0038792698825052792,low,0.0038664536414406273,0.0026466310105703788,0.0034091865270128112,0.0030908023
2025-03-30 18:45:00+00:00,4,0.003134632611502196,9.825921609093077e-06,0.015488442581019383,0.0038792698825052792,low,0.003627779991051809,0.002677016262733693,0.0033701998861188514,0.0029046328
2025-03-30 18:50:00+00:00,4,0.003058810256071834,9.356320182650238e-06,0.015481857222747683,0.0038792698825052792,low,0.0036559692931116194,0.003100435853244503,0.0036035805703169862,0.002519114
2025-03-30 18:55:00+00:00,4,0.0030666090047521,9.404090788026665e-06,0.01537584861715761,0.0038792698825052792,low,0.0035436504219468565,0.002586082057706622,0.0033639003960630235,0.0023046392
2025-03-30 19:00:00+00:00,4,0.0030142038182704835,9.085424658076363e-06,0.015321658270190814,0.0038792698825052792,low,0.003576889875621885,0.0028896563677878375,0.0033977311057459833,0.0023430425
2025-03-30 19:05:00+00:00,4,0.0026396566440328047,6.96778719838653e-06,0.01540725087348304,0.0038792698825052792,low,0.0038144798712918832,0.003385322268836519,0.003641492514922514,0.0025085367
2025-03-30 19:10:00+00:00,4,0.002373012252073835,5.631187148492535e-06,0.015470347277157563,0.0038792698825052792,low,0.0035619405422544046,0.0030996431298118145,0.003927046309062129,0.0029681325
2025-03-30 19:15:00+00:00,4,0.002344464557393372,5.4965140608737e-06,0.015496742624663879,0.0038792698825052792,low,0.0035460973964278634,0.0028582937061046683,0.0035337968932495504,0.0023398204
2025-03-30 19:20:00+00:00,4,0.0020489377371313952,4.198145850641122e-06,0.01554054391201684,0.0038792698825052792,low,0.0037680463237919266,0.003025198373720782,0.0035901789304801056,0.0027308576
2025-03-30 19:25:00+00:00,4,0.0020727710617799394,4.296379874552338e-06,0.015463497291961548,0.0038792698825052792,low,0.0035874903280728606,0.002774507974781811,0.003656424555803397,0.0030011672
2025-03-30 19:30:00+00:00,4,0.002126846868524033,4.523477602150485e-06,0.01545981639314047,0.0038792698825052792,low,0.003538623088677256,0.002664879855683722,0.0034039978797442178,0.002766919
2025-03-30 19:35:00+00:00,4,0.0021079384051280905,4.443404319813959e-06,0.015472136992941065,0.0038792698825052792,low,0.0031285291580974523,0.0024178802916440954,0.0030647494275802918,0.0025417896
2025-03-30 19:40:00+00:00,4,0.002129184582758157,4.533426987455026e-06,0.01546952098259359,0.0038792698825052792,low,0.0031299886512553376,0.002516215988988125,0.0030226990925699606,0.0023974902
2025-03-30 19:45:00+00:00,4,0.0021337734855822795,4.55298928777395e-06,0.015441545823310605,0.0038792698825052792,low,0.003134632611502196,0.002361841225387854,0.0030708387931278115,0.0022269317
2025-03-30 19:50:00+00:00,4,0.002143455709500187,4.594402378588952e-06,0.015429780763917078,0.0038792698825052792,low,0.003058810256071834,0.0027890836831389932,0.0031574785693172973,0.0030803415
2025-03-30 19:55:00+00:00,4,0.00216085802575937,4.669307407488684e-06,0.015382418791084379,0.0038792698825052792,low,0.0030666090047521,0.002452524562659497,0.002810040142807777,0.0028007217
2025-03-30 20:00:00+00:00,4,0.0022057317357412113,4.865252490055937e-06,0.014711653512652492,0.0038792698825052792,low,0.0030142038182704835,0.002385161129307216,0.00293298857250958,0.0028169465
2025-03-30 20:05:00+00:00,4,0.0018363043288684463,3.372013588220995e-06,0.014563158311939595,0.0038792698825052792,low,0.0026396566440328047,0.003038874703509427,0.003314049459934561,0.003463813
2025-03-30 20:10:00+00:00,4,0.0016602958609031953,2.7565823457322827e-06,0.014546175242108605,0.0038792698825052792,low,0.002373012252073835,0.002972393228080567,0.003326067006013332,0.0035272934
2025-03-30 20:15:00+00:00,4,0.0015814200852519464,2.5008894860382734e-06,0.014525940149333824,0.0038792698825052792,low,0.002344464557393372,0.002547120353962115,0.002934280795928612,0.0029796287
2025-03-30 20:20:00+00:00,4,0.001485426634327525,2.2064922859695984e-06,0.014536685328104662,0.0038792698825052792,low,0.0020489377371313952,0.002363228857080283,0.00276521661867309,0.0024499977
2025-03-30 20:25:00+00:00,4,0.0014872294671317177,2.211851487904893e-06,0.01450352879862785,0.0038792698825052792,low,0.0020727710617799394,0.0023397843555707397,0.0028189536713422773,0.0027229167
2025-03-30 20:30:00+00:00,4,0.0013418859985679717,1.8006580331527627e-06,0.014515285075429511,0.0038792698825052792,low,0.002126846868524033,0.002284634594256599,0.0028023821780778046,0.0025584877
2025-03-30 20:35:00+00:00,4,0.0012273084226654286,1.5062859643455024e-06,0.014513156471961922,0.0038792698825052792,low,0.0021079384051280905,0.0022868150659535453,0.002818597103345044,0.0026972627
2025-03-30 20:40:00+00:00,4,0.001515536749671095,2.2968516396036274e-06,0.014517154784462336,0.0038792698825052792,low,0.002129184582758157,0.002451388377543654,0.0027871629846637465,0.002886804
2025-03-30 20:45:00+00:00,4,0.003267901489532291,1.0679180145287367e-05,0.014433936534834423,0.0038792698825052792,low,0.0021337734855822795,0.002360121663882593,0.0028023505498000227,0.0025819105
2025-03-30 20:50:00+00:00,4,0.0034785188324281623,1.2100093267557386e-05,0.01436440128208821,0.0038792698825052792,low,0.002143455709500187,0.0022321800484280878,0.0028429890687162278,0.0022762064
2025-03-30 20:55:00+00:00,4,0.0034657539613485605,1.201145052060324e-05,0.014342488850573784,0.0038792698825052792,low,0.00216085802575937,0.0023511894651073438,0.002936284955224389,0.0025313308
2025-03-30 21:00:00+00:00,4,0.003641182070264384,1.3258206868814824e-05,0.014349107598936088,0.0038792698825052792,low,0.0022057317357412113,0.0023340782569739207,0.0027211142713616096,0.002345739
2025-03-30 21:05:00+00:00,4,0.005593616226073856,3.128854248459673e-05,0.014340597627675563,0.0038792698825052792,low,0.0018363043288684463,0.0026277993954676305,0.0027169595188813204,0.0023991186
2025-03-30 21:10:00+00:00,4,0.006315814545611197,3.988951337455397e-05,0.014272191221716652,0.0038792698825052792,low,0.0016602958609031953,0.0023321217594614984,0.002579865339204037,0.0022480406
2025-03-30 21:15:00+00:00,4,0.006992296134912045,4.889220523830592e-05,0.01428238542016048,0.0038792698825052792,low,0.0015814200852519464,0.0024077823606092393,0.0026455335530168067,0.0022346012
2025-03-30 21:20:00+00:00,4,0.006989890023634148,4.8858562542500184e-05,0.014283694912065811,0.0038792698825052792,low,0.001485426634327525,0.0022324436584501206,0.0026906853792297157,0.0021514955
2025-03-30 21:25:00+00:00,4,0.007223052247142774,5.217248376495427e-05,0.014269661967898766,0.0038792698825052792,low,0.0014872294671317177,0.0020656465280189528,0.002639796161803874,0.0020170955
2025-03-30 21:30:00+00:00,4,0.007480201151040273,5.595340926002422e-05,0.014148572003352448,0.0038792698825052792,low,0.0013418859985679717,0.001945838500178091,0.0025107427013460843,0.0017604481
2025-03-30 21:35:00+00:00,4,0.007543069101432618,5.689789146898748e-05,0.014097125005305786,0.0038792698825052792,low,0.0012273084226654286,0.0019062135071542974,0.002321229237882603,0.0015595084
2025-03-30 21:40:00+00:00,4,0.008476461780982799,7.185040432446208e-05,0.01412122673579,0.0038792698825052792,low,0.001515536749671095,0.0023892832478479395,0.002598602160079765,0.0021836893
2025-03-30 21:45:00+00:00,4,0.00807758483293543,6.524737673326848e-05,0.014413089431329896,0.0038792698825052792,low,0.003267901489532291,0.0036117817818127735,0.0042403493992303936,0.0029803093
2025-03-30 21:50:00+00:00,4,0.007979173160331338,6.366720432255199e-05,0.014458480163498526,0.0038792698825052792,low,0.0034785188324281623,0.0035764469235940563,0.004098401910337547,0.0029166338
2025-03-30 21:55:00+00:00,4,0.008071949413913676,6.515636734078134e-05,0.01443954224552942,0.0038792698825052792,low,0.0034657539613485605,0.0037086349708422782,0.003790424637554958,0.0030111412
2025-03-30 22:00:00+00:00,4,0.007981628532965485,6.370639403824877e-05,0.014462940814481228,0.0038792698825052792,low,0.003641182070264384,0.0036228022723838443,0.004401508454352066,0.0027745713
2025-03-30 22:05:00+00:00,4,0.007119816525952214,5.069178736322226e-05,0.015069964532283061,0.0038792698825052792,low,0.005593616226073856,0.005192008327519183,0.005612501374969859,0.0043513374
2025-03-30 22:10:00+00:00,4,0.006489344542097171,4.2111592586046345e-05,0.015350292480596817,0.0038792698825052792,low,0.006315814545611197,0.006108584233652587,0.006691365350165021,0.004996422
2025-03-30 22:15:00+00:00,4,0.005725497911094347,3.2781326329945735e-05,0.015653305058656496,0.0038792698825052792,low,0.006992296134912045,0.004919520440569054,0.0063149506216945445,0.004449408
2025-03-30 22:20:00+00:00,4,0.005727301995991296,3.280198815328588e-05,0.01564707942686757,0.0038792698825052792,low,0.006989890023634148,0.004495525187043706,0.005131771691006129,0.005293595
2025-03-30 22:25:00+00:00,4,0.0060575505123262605,3.6693918209384146e-05,0.015736840164965175,0.0038792698825052792,low,0.007223052247142774,0.004487766678680839,0.0051485660776887845,0.0053548706
2025-03-30 22:30:00+00:00,4,0.005780078647968267,3.3409309176698666e-05,0.01585614931575367,0.0038792698825052792,low,0.007480201151040273,0.004349245643608954,0.005515437215178234,0.005109005
2025-03-30 22:35:00+00:00,4,0.005773919210916327,3.333814305418862e-05,0.015884704462848714,0.0038792698825052792,low,0.007543069101432618,0.004660020372433589,0.0055951841042653746,0.005329804
2025-03-30 22:40:00+00:00,4,0.004644684332010969,2.1573092544028178e-05,0.016366006536706734,0.0038792698825052792,low,0.008476461780982799,0.006218967157913499,0.006515399222441333,0.0050680116
2025-03-30 22:45:00+00:00,4,0.004651172730637322,2.163340777022424e-05,0.01641849715832174,0.0038792698825052792,low,0.00807758483293543,0.005198371637628284,0.005558327843880532,0.003860299
2025-03-30 22:50:00+00:00,4,0.004661148365520135,2.1726304085391028e-05,0.01638214803423777,0.0038792698825052792,low,0.007979173160331338,0.004320140082722477,0.004956227201360706,0.0035304064
2025-03-30 22:55:00+00:00,4,0.004612965414250791,2.1279449913073974e-05,0.016389499029880975,0.0038792698825052792,low,0.008071949413913676,0.004254667733444495,0.004673291629353976,0.0032703525
2025-03-30 23:00:00+00:00,4,0.0046148447888892,2.129679242553781e-05,0.016384038731241363,0.0038792698825052792,low,0.007981628532965485,0.00393744807134451,0.004844334886519503,0.0031734412
2025-03-30 23:05:00+00:00,4,0.0040227330728762655,1.618238137561252e-05,0.01652638834016093,0.0038792698825052792,low,0.007119816525952214,0.004309311007890611,0.004857483944012263,0.0038208708
2025-03-30 23:10:00+00:00,4,0.004509413117112071,2.0334806660782407e-05,0.016488979632301046,0.0038792698825052792,low,0.006489344542097171,0.004191510537703011,0.004969471167933382,0.0051740026
2025-03-30 23:15:00+00:00,4,0.00453002814686559,2.0521155011394497e-05,0.016487267635819116,0.0038792698825052792,low,0.005725497911094347,0.003665749727045436,0.004612022265275303,0.0040896568
2025-03-30 23:20:00+00:00,4,0.004681640259767235,2.1917755521873427e-05,0.01648720070208522,0.0038792698825052792,low,0.005727301995991296,0.003539603145635696,0.004663121915247537,0.0055291904
2025-03-30 23:25:00+00:00,4,0.004086954658070695,1.6703198377125747e-05,0.01670792776138891,0.0038792698825052792,low,0.0060575505123262605,0.004116751188582348,0.005973424176572256,0.006624192
2025-03-30 23:30:00+00:00,4,0.004118292513401812,1.6960333225941415e-05,0.016712887569329107,0.0038792698825052792,low,0.005780078647968267,0.004289984603207,0.005996093105783126,0.0060743247
2025-03-30 23:35:00+00:00,4,0.004735704643534499,2.2426898470794222e-05,0.01673417590659509,0.0038792698825052792,low,0.005773919210916327,0.0045643799575111055,0.0062093423906379565,0.0065968
2025-03-30 23:40:00+00:00,4,0.004745454169278571,2.2519335272723368e-05,0.01685180759324022,0.0038792698825052792,low,0.004644684332010969,0.003936214823752734,0.005418578210823343,0.005133866
2025-03-30 23:45:00+00:00,4,0.005496373840705046,3.0210125396786742e-05,0.016901534914276515,0.0038792698825052792,low,0.004651172730637322,0.0036520753031412875,0.005089030887245437,0.0044330526
2025-03-30 23:50:00+00:00,4,0.005590694823782567,3.125586861266919e-05,0.016896153059673635,0.0038792698825052792,low,0.004661148365520135,0.003371012208424261,0.004557698210901531,0.00480214
2025-03-30 23:55:00+00:00,4,0.0055289430767847935,3.0569211546326495e-05,0.01685409895086899,0.0038792698825052792,low,0.004612965414250791,0.00330272080527213,0.004535360184565002,0.0047571803
2025-03-31 00:00:00+00:00,4,0.005795388766912867,3.358653095965984e-05,0.01685313535001166,0.0038792698825052792,low,0.0046148447888892,0.0032339611667751124,0.004569701507425049,0.0043618237
2025-03-31 00:05:00+00:00,4,0.006242436144138198,3.896800901364298e-05,0.016853789186946893,0.0038792698825052792,low,0.0040227330728762655,0.0037192046419794486,0.004228063764851518,0.0040339027
2025-03-31 00:10:00+00:00,4,0.005932803075929308,3.5198152337756265e-05,0.01697046195615485,0.0038792698825052792,low,0.004509413117112071,0.0037003564004959005,0.00506179038314549,0.0051081795
2025-03-31 00:15:00+00:00,4,0.005914782474880346,3.498465172515168e-05,0.016964648245853614,0.0038792698825052792,low,0.00453002814686559,0.0032973792503282573,0.004519396548683315,0.004502073
2025-03-31 00:20:00+00:00,4,0.005916367622624181,3.50034058460357e-05,0.017004376980718206,0.0038792698825052792,low,0.004681640259767235,0.0038170038209492446,0.005841812624509688,0.0056271567
2025-03-31 00:25:00+00:00,4,0.006000625023294217,3.600750067018472e-05,0.01704486094632911,0.0038792698825052792,low,0.004086954658070695,0.0036699076106224003,0.004976096573212924,0.005954491
2025-03-31 00:30:00+00:00,4,0.006522447162487089,4.254231698743587e-05,0.017058254413794154,0.0038792698825052792,low,0.004118292513401812,0.004081032080505661,0.005132224025637743,0.0052879415
2025-03-31 00:35:00+00:00,4,0.006393773442226835,4.088033883052519e-05,0.017240995759133248,0.0038792698825052792,low,0.004735704643534499,0.004586200249214421,0.006448036994343353,0.006115489
2025-03-31 00:40:00+00:00,4,0.006078599176363455,3.694936794688647e-05,0.017333880831799514,0.0038792698825052792,low,0.004745454169278571,0.005023380960870977,0.006735436354617239,0.006383979
2025-03-31 00:45:00+00:00,4,0.0052915520276830205,2.8000522861676284e-05,0.017564759244583436,0.0038792698825052792,low,0.005496373840705046,0.006023429152136171,0.006794472225519101,0.0065475483
2025-03-31 00:50:00+00:00,4,0.005506322867887142,3.0319591525416874e-05,0.01742564386521766,0.0038792698825052792,low,0.005590694823782567,0.005621899011025513,0.006740919615291838,0.006900621
2025-03-31 00:55:00+00:00,4,0.005496050448603856,3.0206570533598645e-05,0.017426594215536394,0.0038792698825052792,low,0.0055289430767847935,0.005016827504878246,0.006151338014938715,0.0059795524
2025-03-31 01:00:00+00:00,4,0.005331603023077196,2.8425990795685903e-05,0.017502194151632216,0.0038792698825052792,low,0.005795388766912867,0.004759058062308644,0.005719690857220002,0.00701742
2025-03-31 01:05:00+00:00,4,0.00517198083642206,2.6749385772317025e-05,0.01758972595826847,0.0038792698825052792,low,0.006242436144138198,0.005317184577569682,0.006074371526827558,0.008156276
2025-03-31 01:10:00+00:00,4,0.005137147576354347,2.639028522124334e-05,0.017574081732454023,0.0038792698825052792,low,0.005932803075929308,0.0050505073255389865,0.006059476822737317,0.0073315813
2025-03-31 01:15:00+00:00,4,0.005137040554314855,2.6389185656675476e-05,0.017573614262661987,0.0038792698825052792,low,0.005914782474880346,0.004306869334824827,0.005433302853592091,0.006791959
2025-03-31 01:20:00+00:00,4,0.005065464896140713,2.565893461403385e-05,0.017580276889645214,0.0038792698825052792,low,0.005916367622624181,0.0043668220455403365,0.005499737589883793,0.0075579183
2025-03-31 01:25:00+00:00,4,0.004832268889075864,2.3350822616330483e-05,0.017668939782487184,0.0038792698825052792,low,0.006000625023294217,0.0044723738871190796,0.005505526216846267,0.0081199575
2025-03-31 01:30:00+00:00,4,0.00403800073597858,1.6305449943763556e-05,0.01785776315065965,0.0038792698825052792,low,0.006522447162487089,0.005138807410325034,0.00527912870721363,0.0059498674
2025-03-31 01:35:00+00:00,4,0.003429426098449497,1.1760963364726538e-05,0.017982059649044146,0.0038792698825052792,low,0.006393773442226835,0.0043980698602581305,0.004910812565247669,0.0061710174
2025-03-31 01:40:00+00:00,4,0.0034692642970779244,1.2035794762979584e-05,0.01798930122003706,0.0038792698825052792,low,0.006078599176363455,0.004400262850883526,0.004549632495358676,0.0068284464
2025-03-31 01:45:00+00:00,4,0.004167717679856556,1.736987065898891e-05,0.01792794438504889,0.0038792698825052792,low,0.0052915520276830205,0.0037041762784619475,0.004409811198825452,0.005575725
2025-03-31 01:50:00+00:00,4,0.0040693748800411655,1.6559811914310047e-05,0.01800139190843476,0.0038792698825052792,low,0.005506322867887142,0.004115497475880355,0.004979582746753366,0.0065396917
2025-03-31 01:55:00+00:00,4,0.00416042413884878,1.7309129015115614e-05,0.017969275567653334,0.0038792698825052792,low,0.005496050448603856,0.003826387787895721,0.004858749621180765,0.007304527
2025-03-31 02:00:00+00:00,4,0.004079322860741354,1.6640875002167022e-05,0.01800304795591824,0.0038792698825052792,low,0.005331603023077196,0.003401829330022224,0.004761201141144702,0.004418668
2025-03-31 02:05:00+00:00,4,0.003815025025111053,1.4554415942223593e-05,0.018075052907812226,0.0038792698825052792,low,0.00517198083642206,0.0040148876049188546,0.005481434564833214,0.007056791
2025-03-31 02:10:00+00:00,4,0.0045932163943693495,2.109763684550337e-05,0.017982182767548385,0.0038792698825052792,low,0.005137147576354347,0.004155009135145192,0.005780089328170172,0.0072292513
2025-03-31 02:15:00+00:00,4,0.004846689951417977,2.3490403485175993e-05,0.017980770535986238,0.0038792698825052792,low,0.005137040554314855,0.0036260674931389548,0.005137946694546025,0.0066436334
2025-03-31 02:20:00+00:00,4,0.004907579487757378,2.408433642865697e-05,0.01799869897685819,0.0038792698825052792,low,0.005065464896140713,0.0035357862579898833,0.0050175309146196605,0.005013467
2025-03-31 02:25:00+00:00,4,0.005151842937742914,2.6541485655171537e-05,0.018022466372307564,0.0038792698825052792,low,0.004832268889075864,0.003357766813346143,0.004696629360311768,0.0068151033
2025-03-31 02:30:00+00:00,4,0.005184618373793694,2.6880267681879172e-05,0.018015527462710585,0.0038792698825052792,low,0.00403800073597858,0.0034034151240497535,0.004487863611192586,0.0053694346
2025-03-31 02:35:00+00:00,4,0.005217527534946599,2.722259357792593e-05,0.017988135392337182,0.0038792698825052792,low,0.003429426098449497,0.0034252147828558307,0.0046513046230693186,0.0057737515
2025-03-31 02:40:00+00:00,4,0.005168315285396453,2.6711482889262612e-05,0.017980734181210004,0.0038792698825052792,low,0.0034692642970779244,0.0032206800922787095,0.004504320540356093,0.005473959
2025-03-31 02:45:00+00:00,4,0.004640260049300179,2.15320133251313e-05,0.01814091268383656,0.0038792698825052792,low,0.004167717679856556,0.003913163497961477,0.005084609467624395,0.005814448
2025-03-31 02:50:00+00:00,4,0.004531047179915549,2.053038854662065e-05,0.0182140724262334,0.0038792698825052792,low,0.0040693748800411655,0.003754591814629507,0.004314191963734826,0.0040845484
2025-03-31 02:55:00+00:00,4,0.004454508245994288,1.9842643713631106e-05,0.018239222963836836,0.0038792698825052792,low,0.00416042413884878,0.004008557410534148,0.00448087821106458,0.0044917674
2025-03-31 03:00:00+00:00,4,0.004392482460625552,1.9293902166903106e-05,0.018255523862440896,0.0038792698825052792,low,0.004079322860741354,0.0038919800345914,0.004942522916972053,0.0056866123
2025-03-31 03:05:00+00:00,4,0.004546598823449128,2.0671560861388995e-05,0.018299052981634686,0.0038792698825052792,low,0.003815025025111053,0.0033360076752450107,0.0040401832739794565,0.0042659966
2025-03-31 03:10:00+00:00,4,0.0038167210270994294,1.4567359398702923e-05,0.01845106704277413,0.0038792698825052792,low,0.0045932163943693495,0.003413902367670236,0.004639550389257246,0.0052004294
2025-03-31 03:15:00+00:00,4,0.003492671856758219,1.2198756698990906e-05,0.018517458731187045,0.0038792698825052792,low,0.004846689951417977,0.0038375144876049497,0.005297656801729084,0.006986373
2025-03-31 03:20:00+00:00,4,0.0038225624170535825,1.4611983432270527e-05,0.01855218466686433,0.0038792698825052792,low,0.004907579487757378,0.004497087342471592,0.005644890304653112,0.0073716915
2025-03-31 03:25:00+00:00,4,0.003606887409283215,1.3009636783245781e-05,0.018628151209486722,0.0038792698825052792,low,0.005151842937742914,0.004331906425252269,0.005254802065048633,0.0076388996
2025-03-31 03:30:00+00:00,4,0.0036592442111612017,1.3390068196916766e-05,0.01863466841783555,0.0038792698825052792,low,0.005184618373793694,0.0034111562027641655,0.004707644793033857,0.005686179
2025-03-31 03:35:00+00:00,4,0.0036258816780860136,1.3147017943479845e-05,0.01863428470256281,0.0038792698825052792,low,0.005217527534946599,0.003781018742255381,0.004630316658053639,0.0060329917
2025-03-31 03:40:00+00:00,4,0.0038830928395640987,1.5078410000673976e-05,0.018572678767344083,0.0038792698825052792,low,0.005168315285396453,0.003767567408470598,0.004637915997201044,0.007653166
2025-03-31 03:45:00+00:00,4,0.0037845103875616885,1.4322518873562322e-05,0.018577363618379042,0.0038792698825052792,low,0.004640260049300179,0.0033118338067374404,0.004647077150730557,0.0060632876
2025-03-31 03:50:00+00:00,4,0.0036975237445052342,1.367168184118001e-05,0.0186171934022199,0.0038792698825052792,low,0.004531047179915549,0.003883972774733354,0.004668961660235492,0.0069193826
2025-03-31 03:55:00+00:00,4,0.003648424917356839,1.3311004377590257e-05,0.018614093162860067,0.0038792698825052792,low,0.004454508245994288,0.004266369275726355,0.0044597162691902776,0.006951713
2025-03-31 04:00:00+00:00,4,0.003773498061897257,1.4239287623142353e-05,0.018571960161931692,0.0038792698825052792,low,0.004392482460625552,0.003932022452158606,0.004869762020412475,0.006750988
2025-03-31 04:05:00+00:00,4,0.003957135237936452,1.565891929131838e-05,0.01864070864770382,0.0038792698825052792,low,0.004546598823449128,0.0037116132913030857,0.005324305896844476,0.006417222
2025-03-31 04:10:00+00:00,4,0.004055810521468036,1.6449598986050827e-05,0.01864650620129374,0.0038792698825052792,low,0.0038167210270994294,0.0032546783804730324,0.00447389912473552,0.005836103
2025-03-31 04:15:00+00:00,4,0.004153205698384809,1.7249117573096048e-05,0.01864754320928431,0.0038792698825052792,low,0.003492671856758219,0.0029158700081054565,0.00400542416483674,0.0054389667
2025-03-31 04:20:00+00:00,4,0.0036890234261290613,1.3608893838529e-05,0.018723026786140427,0.0038792698825052792,low,0.0038225624170535825,0.003590534065228098,0.0043582919784068246,0.0043928237
2025-03-31 04:25:00+00:00,4,0.0036260167891999854,1.314799775556017e-05,0.01876940898462474,0.0038792698825052792,low,0.003606887409283215,0.003914265428268152,0.004986017450833332,0.0060211024
2025-03-31 04:30:00+00:00,4,0.0036312561423318132,1.3186021171222523e-05,0.018793969954548795,0.0038792698825052792,low,0.0036592442111612017,0.0033053446338056906,0.00430926975020161,0.005048039
2025-03-31 04:35:00+00:00,4,0.0037220482214867646,1.3853642963072787e-05,0.018799110980151853,0.0038792698825052792,low,0.0036258816780860136,0.003198877370954972,0.004339008620192001,0.0043240804
2025-03-31 04:40:00+00:00,4,0.003460136034142112,1.19725413747687e-05,0.01883760785783473,0.0038792698825052792,low,0.0038830928395640987,0.003399389329661033,0.004327918920256261,0.0036042337
2025-03-31 04:45:00+00:00,4,0.003603890066239155,1.298802360953726e-05,0.018834506283634256,0.0038792698825052792,low,0.0037845103875616885,0.0031145238739573857,0.0038876555963073003,0.0040433677
2025-03-31 04:50:00+00:00,4,0.0034674570542896593,1.2023258423343122e-05,0.018837808178356782,0.0038792698825052792,low,0.0036975237445052342,0.003159285753329313,0.003771509787241953,0.004410189
2025-03-31 04:55:00+00:00,4,0.003482069528430832,1.2124808200826516e-05,0.018837678493766403,0.0038792698825052792,low,0.003648424917356839,0.002761844904970705,0.003568113326946031,0.004267586
2025-03-31 05:00:00+00:00,4,0.0034110603659390083,1.1635332820079962e-05,0.018761214400748745,0.0038792698825052792,low,0.003773498061897257,0.003175868400761618,0.0037860318745202492,0.0044328435
2025-03-31 05:05:00+00:00,4,0.0027872827402799167,7.76894507426232e-06,0.01887649378237262,0.0038792698825052792,low,0.003957135237936452,0.0038889108791801204,0.004134764922836596,0.004141998
2025-03-31 05:10:00+00:00,4,0.0027222764102348422,7.410788853721098e-06,0.01890998262702585,0.0038792698825052792,low,0.004055810521468036,0.0039016788496779795,0.0038836327297909683,0.005113824
2025-03-31 05:15:00+00:00,4,0.0028188564729726825,7.945951815219991e-06,0.01892739899950939,0.0038792698825052792,low,0.004153205698384809,0.0035703841490351547,0.003806258276216867,0.00458873
2025-03-31 05:20:00+00:00,4,0.0028839001076644438,8.316879830986991e-06,0.018926284463533626,0.0038792698825052792,low,0.0036890234261290613,0.0035367718043325,0.003582216354966768,0.003998245
2025-03-31 05:25:00+00:00,4,0.0028874800293454557,8.337540919868833e-06,0.01895809232444288,0.0038792698825052792,low,0.0036260167891999854,0.0036230432011777293,0.003715786282308255,0.0037698431
2025-03-31 05:30:00+00:00,4,0.0033413624676439067,1.1164703140179377e-05,0.018984365304186394,0.0038792698825052792,low,0.0036312561423318132,0.003673516624336511,0.0037285653744225326,0.0041405326
2025-03-31 05:35:00+00:00,4,0.003243657088156148,1.052131130554562e-05,0.019005751628225286,0.0038792698825052792,low,0.0037220482214867646,0.003271422701384219,0.00354999250284897,0.0033607264
2025-03-31 05:40:00+00:00,4,0.0033110081618389167,1.0962775047763923e-05,0.019002570576000157,0.0038792698825052792,low,0.003460136034142112,0.0033466162180115326,0.003591767259907459,0.0032768962
2025-03-31 05:45:00+00:00,4,0.0034086354897118008,1.1618795901722808e-05,0.019029243588109562,0.0038792698825052792,low,0.003603890066239155,0.0029812034139361306,0.0035570779660239805,0.0030481033
2025-03-31 05:50:00+00:00,4,0.0034474914154215813,1.1885197059405498e-05,0.01900799376088473,0.0038792698825052792,low,0.0034674570542896593,0.003064359299872052,0.0035779335265553797,0.0037304866
2025-03-31 05:55:00+00:00,4,0.0034491894046484064,1.1896907549138828e-05,0.019008821679435493,0.0038792698825052792,low,0.003482069528430832,0.0029669466067084233,0.0036199651647932287,0.003644447
2025-03-31 06:00:00+00:00,4,0.0034832012420979394,1.2132690892952627e-05,0.019014661093740094,0.0038792698825052792,low,0.0034110603659390083,0.002705991479979955,0.0033262274743698994,0.0031215178
2025-03-31 06:05:00+00:00,4,0.004117120738012553,1.6950683171373028e-05,0.019029574994074663,0.0038792698825052792,low,0.0027872827402799167,0.003264506494466583,0.0034369512300911134,0.004164793
2025-03-31 06:10:00+00:00,4,0.004249634281192157,1.805939152388358e-05,0.019025085799821033,0.0038792698825052792,low,0.0027222764102348422,0.0029300016108739693,0.0031654964504409097,0.003250617
2025-03-31 06:15:00+00:00,4,0.004125474012734765,1.7019535829749888e-05,0.019057627824374576,0.0038792698825052792,low,0.0028188564729726825,0.0030201401472433388,0.00342561785365085,0.0036813193
2025-03-31 06:20:00+00:00,4,0.00429432603094617,1.844123606006189e-05,0.019044035029368692,0.0038792698825052792,low,0.0028839001076644438,0.003015857233340377,0.003256331711787391,0.0032938216
2025-03-31 06:25:00+00:00,4,0.004173592276356336,1.7418872489261257e-05,0.019070133370738623,0.0038792698825052792,low,0.0028874800293454557,0.004295003716391292,0.00394551097409984,0.003450773
2025-03-31 06:30:00+00:00,4,0.0037045282698446257,1.3723529702078016e-05,0.019168934690180522,0.0038792698825052792,low,0.0033413624676439067,0.0036254339643609157,0.0042493929625478195,0.0035808538
2025-03-31 06:35:00+00:00,4,0.003975626123886944,1.5805603076932325e-05,0.01914330093599262,0.0038792698825052792,low,0.003243657088156148,0.003045575492061168,0.003725725617177429,0.003795483
2025-03-31 06:40:00+00:00,4,0.004129638200956875,1.7053911670802338e-05,0.01913463784775212,0.0038792698825052792,low,0.0033110081618389167,0.0030930335766515722,0.003829462039963331,0.004210749
2025-03-31 06:45:00+00:00,4,0.003933327730466145,1.547106703525396e-05,0.019118934877939142,0.0038792698825052792,low,0.0034086354897118008,0.002864625777210981,0.0036377233268722886,0.0030043002
2025-03-31 06:50:00+00:00,4,0.003902430420200858,1.5228963184509046e-05,0.019114860309616327,0.0038792698825052792,low,0.0034474914154215813,0.0028776533607309607,0.003909189915804964,0.003558374
2025-03-31 06:55:00+00:00,4,0.003944559892969055,1.555955274922004e-05,0.019099203583278136,0.0038792698825052792,low,0.0034491894046484064,0.0026628750588088865,0.0037340355818811528,0.0034931847
2025-03-31 07:00:00+00:00,4,0.004189334834358144,1.7550526354366576e-05,0.01911024534601466,0.0038792698825052792,low,0.0034832012420979394,0.0025414460550718504,0.00345474676888578,0.0033959295
2025-03-31 07:05:00+00:00,4,0.004258642579230439,1.8136036617634486e-05,0.01924374445969656,0.0038792698825052792,low,0.004117120738012553,0.003397427664612226,0.0038672499642862356,0.0038549902
2025-03-31 07:10:00+00:00,4,0.004169813637063316,1.73873457678392e-05,0.019294324919123546,0.0038792698825052792,low,0.004249634281192157,0.0034751439744218904,0.004076369377657844,0.0050218552
2025-03-31 07:15:00+00:00,4,0.0042244163137133365,1.7845693191567372e-05,0.019287312008283805,0.0038792698825052792,low,0.004125474012734765,0.003229708312102959,0.0038264292373659287,0.004493593
2025-03-31 07:20:00+00:00,4,0.004022058360695155,1.6176953456837804e-05,0.019324798359225206,0.0038792698825052792,low,0.00429432603094617,0.003245569202637804,0.003935340693629713,0.004201307
2025-03-31 07:25:00+00:00,4,0.0039979113779504295,1.5983295385945504e-05,0.01933200082149465,0.0038792698825052792,low,0.004173592276356336,0.0034029728015166033,0.004003661867670809,0.0037639122
2025-03-31 07:30:00+00:00,4,0.00415998237708862,1.730545337768789e-05,0.019334432923643695,0.0038792698825052792,low,0.0037045282698446257,0.0029633639277391564,0.0034435970640547837,0.0032853559
2025-03-31 07:35:00+00:00,4,0.003870459460560848,1.498045643584497e-05,0.01938772793574311,0.0038792698825052792,medium,0.003975626123886944,0.0030659870915297777,0.0036314505765102523,0.0035774184
2025-03-31 07:40:00+00:00,4,0.0036434535098441353,1.3274753478395549e-05,0.0194168222006925,0.0038792698825052792,medium,0.004129638200956875,0.0033176070315377665,0.004137647668236496,0.003818958
2025-03-31 07:45:00+00:00,4,0.0039305308203647395,1.544907252983711e-05,0.01941101307368275,0.0038792698825052792,medium,0.003933327730466145,0.0033076701352557493,0.004335714632230875,0.004365669
2025-03-31 07:50:00+00:00,4,0.00393056100750361,1.5449309833707793e-05,0.019412159455539733,0.0038792698825052792,medium,0.003902430420200858,0.003381391137346503,0.004339017618223225,0.0042836065
2025-03-31 07:55:00+00:00,4,0.0041531484504432874,1.7248642051419482e-05,0.019421803538562286,0.0038792698825052792,medium,0.003944559892969055,0.0033323796129269816,0.004016138241707643,0.004449682
2025-03-31 08:00:00+00:00,4,0.003905232338625943,1.5250839618649852e-05,0.01949033749870236,0.0038792698825052792,medium,0.004189334834358144,0.003470641428837554,0.003919580276637698,0.004083115
2025-03-31 08:05:00+00:00,4,0.003076004788149058,9.46180545671593e-06,0.01960592779325558,0.0038792698825052792,medium,0.004258642579230439,0.0038085961166376336,0.004277980038129423,0.004044733
2025-03-31 08:10:00+00:00,4,0.003341251676125758,1.1163962763213189e-05,0.019632410604788084,0.0038792698825052792,medium,0.004169813637063316,0.0038926063234061762,0.003974222327043745,0.0043370067
2025-03-31 08:15:00+00:00,4,0.003632411910277698,1.3194416285927275e-05,0.0196469402409592,0.0038792698825052792,medium,0.0042244163137133365,0.003692828261167285,0.003858382320518633,0.00397675
2025-03-31 08:20:00+00:00,4,0.0037566224932626823,1.411221255688713e-05,0.019650902705327263,0.0038792698825052792,medium,0.004022058360695155,0.0033380675488634544,0.003449283744754454,0.0036898814
2025-03-31 08:25:00+00:00,4,0.0037472243123986815,1.404169004743177e-05,0.01965089202216096,0.0038792698825052792,medium,0.0039979113779504295,0.003266987788594545,0.003510525638017963,0.003995891
2025-03-31 08:30:00+00:00,4,0.004013653694129995,1.6109415976403352e-05,0.019682173270127695,0.0038792698825052792,medium,0.00415998237708862,0.0034556460309283685,0.0035266912611881113,0.0036478445
2025-03-31 08:35:00+00:00,4,0.004085652748091612,1.6692558377988536e-05,0.019655873195855406,0.0038792698825052792,medium,0.003870459460560848,0.0032881215120858062,0.003387722303305251,0.003547335
2025-03-31 08:40:00+00:00,4,0.004084788804562546,1.668549957787951e-05,0.01965674148183851,0.0038792698825052792,medium,0.0036434535098441353,0.003132911028202572,0.003255081990431701,0.0032059178
2025-03-31 08:45:00+00:00,4,0.003883867644070157,1.5084427876655073e-05,0.019711192997889416,0.0038792698825052792,medium,0.0039305308203647395,0.0030949229032678533,0.0032515731950347655,0.0026337155
2025-03-31 08:50:00+00:00,4,0.003908224752382364,1.5274220715134188e-05,0.01968993606202978,0.0038792698825052792,medium,0.00393056100750361,0.002961694792812132,0.003268913193372626,0.0038468041
2025-03-31 08:55:00+00:00,4,0.0037001711691281706,1.3691266680847334e-05,0.019742149358838966,0.0038792698825052792,medium,0.0041531484504432874,0.003181514625489704,0.0033202359828093313,0.0036024656
2025-03-31 09:00:00+00:00,4,0.003702529986827865,1.370872830335955e-05,0.01976002983983492,0.0038792698825052792,medium,0.003905232338625943,0.0032019922549493935,0.004081575872701405,0.004011393
2025-03-31 09:05:00+00:00,4,0.004050061396006585,1.6402997311422807e-05,0.01976171522215196,0.0038792698825052792,medium,0.003076004788149058,0.003306219972630627,0.004853238194509886,0.0037625628
2025-03-31 09:10:00+00:00,4,0.00403586539883666,1.6288209517526996e-05,0.019836814242815744,0.0038792698825052792,medium,0.003341251676125758,0.003951598026821357,0.005038574644207575,0.0040282304
2025-03-31 09:15:00+00:00,4,0.003670007934272867,1.3468958237625794e-05,0.019905984210228413,0.0038792698825052792,medium,0.003632411910277698,0.004652210833269799,0.005343404895575532,0.0050044814
2025-03-31 09:20:00+00:00,4,0.003652853423861708,1.3343338136218203e-05,0.019932393785460446,0.0038792698825052792,medium,0.0037566224932626823,0.003972737972955432,0.005198967531306355,0.0054849354
2025-03-31 09:25:00+00:00,4,0.0038331886508788456,1.4693335233226383e-05,0.019929814602977,0.0038792698825052792,medium,0.0037472243123986815,0.0036218197749274548,0.004985936770906618,0.005044218
2025-03-31 09:30:00+00:00,4,0.003631706793173181,1.318929423158023e-05,0.020017865227401815,0.0038792698825052792,medium,0.004013653694129995,0.004507816029005975,0.005384513995344881,0.0060509522
2025-03-31 09:35:00+00:00,4,0.00354829202632201,1.2590376304060354e-05,0.020012799149628516,0.0038792698825052792,medium,0.004085652748091612,0.0046106268680134056,0.005507648637804869,0.0065833316
2025-03-31 09:40:00+00:00,4,0.003662725166882499,1.341555564811443e-05,0.0200113078650601,0.0038792698825052792,medium,0.004084788804562546,0.0044525534106812405,0.0049528670147897655,0.006105443
2025-03-31 09:45:00+00:00,4,0.003666774609075882,1.3445236033763589e-05,0.020028543261060388,0.0038792698825052792,medium,0.003883867644070157,0.003984486315173624,0.004873393006644309,0.0057803956
2025-03-31 09:50:00+00:00,4,0.00453627897399657,2.0577826929923377e-05,0.02002947841640969,0.0038792698825052792,medium,0.003908224752382364,0.004029339235296166,0.005098771857433602,0.006027152
2025-03-31 09:55:00+00:00,4,0.004463538372519402,1.9923174802953154e-05,0.020046033030994153,0.0038792698825052792,medium,0.0037001711691281706,0.0037447367762130897,0.005026417304039407,0.0054328316
2025-03-31 10:00:00+00:00,4,0.004402731305057818,1.938404294453612e-05,0.020063210431035292,0.0038792698825052792,medium,0.003702529986827865,0.00401781431149604,0.005015272591454935,0.0053592105
2025-03-31 10:05:00+00:00,4,0.004062025644725956,1.650005233841132e-05,0.020133570403178196,0.0038792698825052792,medium,0.004050061396006585,0.00392596637721179,0.00438231988086591,0.0044976315
2025-03-31 10:10:00+00:00,4,0.004141689377000018,1.7153590895554796e-05,0.02020407672879106,0.0038792698825052792,medium,0.00403586539883666,0.003603551764329394,0.0046601050729381385,0.004875658
2025-03-31 10:15:00+00:00,4,0.004300841352307425,1.849723633771756e-05,0.02019493590171123,0.0038792698825052792,medium,0.003670007934272867,0.00416408018270403,0.005140376795191693,0.004469051
2025-03-31 10:20:00+00:00,4,0.004183827204388705,1.7504410076183006e-05,0.020100959945148975,0.0038792698825052792,medium,0.003652853423861708,0.003547715310788904,0.004532236698174606,0.0041210777
2025-03-31 10:25:00+00:00,4,0.004134040684388751,1.709029238018141e-05,0.020102001647660562,0.0038792698825052792,medium,0.0038331886508788456,0.0036394869053347862,0.004455903637146427,0.0040488276
2025-03-31 10:30:00+00:00,4,0.003974535126631884,1.5796929472830726e-05,0.020150748995141708,0.0038792698825052792,medium,0.003631706793173181,0.0032230322539864363,0.0035569690498587878,0.003720748
2025-03-31 10:35:00+00:00,4,0.003983871971029415,1.5871235881553796e-05,0.02013795127963122,0.0038792698825052792,medium,0.00354829202632201,0.0032854186016890597,0.003636893010445982,0.0039338097
2025-03-31 10:40:00+00:00,4,0.0039619143208344115,1.5696765085632794e-05,0.020158400051186555,0.0038792698825052792,medium,0.003662725166882499,0.0031241136364284533,0.003338697045681692,0.0033563944
2025-03-31 10:45:00+00:00,4,0.003885763451338692,1.5099157599759585e-05,0.02016099880887815,0.0038792698825052792,medium,0.003666774609075882,0.00349505129424505,0.003538080246450853,0.003966446
2025-03-31 10:50:00+00:00,4,0.003142638553148453,9.876177075735e-06,0.020324345571243786,0.0038792698825052792,medium,0.00453627897399657,0.004653743655125342,0.005043019332438943,0.0041045
2025-03-31 10:55:00+00:00,4,0.0031440562566344764,9.885089744882396e-06,0.02032456247179534,0.0038792698825052792,medium,0.004463538372519402,0.004452894266980236,0.004561487787800724,0.0037770134
2025-03-31 11:00:00+00:00,4,0.00314234649322885,9.87434148350765e-06,0.020328384434662526,0.0038792698825052792,medium,0.004402731305057818,0.0038878981751548176,0.004075450019070839,0.003644442
2025-03-31 11:05:00+00:00,4,0.0032451886615342544,1.0531249448950485e-05,0.020327738433791997,0.0038792698825052792,medium,0.004062025644725956,0.003873474409478081,0.0036732523603576306,0.003525296
2025-03-31 11:10:00+00:00,4,0.0026513095658783513,7.029442414118051e-06,0.02035601305703392,0.0038792698825052792,medium,0.004141689377000018,0.003908836830519839,0.003898404476455413,0.0027954595
2025-03-31 11:15:00+00:00,4,0.002836386779983273,8.04508996566388e-06,0.0203875520824431,0.0038792698825052792,medium,0.004300841352307425,0.0035550054277315823,0.003921067129971547,0.003958646
2025-03-31 11:20:00+00:00,4,0.002836755254823041,8.047180375766137e-06,0.02037041496597956,0.0038792698825052792,medium,0.004183827204388705,0.003871264656163665,0.003819652393306226,0.004177495
2025-03-31 11:25:00+00:00,4,0.002734154946052961,7.47560326902587e-06,0.020324047894769177,0.0038792698825052792,medium,0.004134040684388751,0.0034362662154921748,0.0038037724271814174,0.003931203
2025-03-31 11:30:00+00:00,4,0.0027194297110680406,7.395297953439607e-06,0.020296511261651554,0.0038792698825052792,medium,0.003974535126631884,0.003613252479777183,0.00396621567807096,0.0043053147
2025-03-31 11:35:00+00:00,4,0.0028831670077748475,8.312651994721366e-06,0.020297207269817152,0.0038792698825052792,medium,0.003983871971029415,0.0036127923381458478,0.003974244402796784,0.004708605
2025-03-31 11:40:00+00:00,4,0.0027642132475126876,7.64087487772464e-06,0.020305830070244106,0.0038792698825052792,medium,0.0039619143208344115,0.003254970669239997,0.0038047515038156553,0.005778621
2025-03-31 11:45:00+00:00,4,0.004592142836420895,2.1087775830091743e-05,0.020302289155007154,0.0038792698825052792,medium,0.003885763451338692,0.0032206740190043664,0.0034832459761463238,0.0053559076
2025-03-31 11:50:00+00:00,4,0.004356787381286283,1.8981596285735384e-05,0.02034598627910962,0.0038792698825052792,medium,0.003142638553148453,0.003240635513708031,0.003686916225117978,0.0045338254
2025-03-31 11:55:00+00:00,4,0.006304674880178963,3.9748925344759625e-05,0.020346409860976807,0.0038792698825052792,medium,0.0031440562566344764,0.003917272153258736,0.003961471097635694,0.0047243545
2025-03-31 12:00:00+00:00,4,0.006361910301593302,4.0473902685518975e-05,0.020350373356597812,0.0038792698825052792,medium,0.00314234649322885,0.003610896525766463,0.003718959640090139,0.004787498
2025-03-31 12:05:00+00:00,4,0.006346848760160372,4.028248918434925e-05,0.020321553785660938,0.0038792698825052792,medium,0.0032451886615342544,0.0040596718487258005,0.004280609986922672,0.0052539804
2025-03-31 12:10:00+00:00,4,0.006772561292421348,4.586758645960393e-05,0.020321301399203743,0.0038792698825052792,medium,0.0026513095658783513,0.00327620571944368,0.0035978105442042033,0.0044042966
2025-03-31 12:15:00+00:00,4,0.006593473605780508,4.347389419012422e-05,0.020380568859997148,0.0038792698825052792,medium,0.002836386779983273,0.003425077245926517,0.004052961563540973,0.0042319368
2025-03-31 12:20:00+00:00,4,0.006656225514971777,4.4305338106161304e-05,0.020375099307236143,0.0038792698825052792,medium,0.002836755254823041,0.0034223705914290274,0.003967861541230169,0.0042970534
2025-03-31 12:25:00+00:00,4,0.0067767760303541575,4.592469336558265e-05,0.020382836524347716,0.0038792698825052792,medium,0.002734154946052961,0.003386632807232994,0.0035830746694694433,0.00471537
2025-03-31 12:30:00+00:00,4,0.006828209482277386,4.66244447338628e-05,0.020303079623525122,0.0038792698825052792,medium,0.0027194297110680406,0.0033310413763184437,0.0035616948931094885,0.004636858
2025-03-31 12:35:00+00:00,4,0.01022719342834544,0.00010459548542079216,0.02030541161336,0.0038792698825052792,medium,0.0028831670077748475,0.0034481988684745284,0.003548013461220341,0.0045756227
2025-03-31 12:40:00+00:00,4,0.010489641431284183,0.00011003257735691367,0.020297441720727078,0.0038792698825052792,medium,0.0027642132475126876,0.0035995887830064734,0.0036065482734341197,0.0038442665
2025-03-31 12:45:00+00:00,4,0.010150164553158501,0.0001030258404561953,0.020606230872095663,0.0038792698825052792,medium,0.004592142836420895,0.0049388169455636885,0.004974822586193782,0.005010033
2025-03-31 12:50:00+00:00,4,0.01014759139120338,0.00010297361104282493,0.020606148278034316,0.0038792698825052792,medium,0.004356787381286283,0.004229167469714477,0.004288570193837102,0.005247511
2025-03-31 12:55:00+00:00,4,0.011457368291738155,0.00013127128817252688,0.02109356828592868,0.0038792698825052792,medium,0.006304674880178963,0.00651600823088622,0.005597708850614625,0.006099213
2025-03-31 13:00:00+00:00,4,0.01141907981177008,0.00013039538374757503,0.021115085971627815,0.0038792698825052792,medium,0.006361910301593302,0.004904356271560357,0.005425110798392681,0.0064822836
2025-03-31 13:05:00+00:00,4,0.01200794225179127,0.00014419067712235402,0.021124647366488006,0.0038792698825052792,medium,0.006346848760160372,0.004882720611376123,0.005264862260490016,0.006600777
2025-03-31 13:10:00+00:00,4,0.01228714428643039,0.00015097391471555896,0.02125453814127528,0.0038792698825052792,medium,0.006772561292421348,0.004291287294003131,0.004578990938623709,0.0069592185
2025-03-31 13:15:00+00:00,4,0.012571634781069835,0.00015804600106860482,0.021254078170915895,0.0038792698825052792,medium,0.006593473605780508,0.004241675999837269,0.004526126924363029,0.0059060827
2025-03-31 13:20:00+00:00,4,0.01290994338211854,0.0001666666381295063,0.021233839753010984,0.0038792698825052792,medium,0.006656225514971777,0.003981131048780359,0.004311099562373887,0.0072039934
2025-03-31 13:25:00+00:00,4,0.012886640665115367,0.00016606550763180502,0.021249839861546882,0.0038792698825052792,medium,0.0067767760303541575,0.00480178039626768,0.004874579965927265,0.0064197257
2025-03-31 13:30:00+00:00,4,0.012982186946739157,0.00016853717792008458,0.02121955762676261,0.0038792698825052792,medium,0.006828209482277386,0.004267923739042303,0.004228376087333201,0.0054319534
2025-03-31 13:35:00+00:00,4,0.012909831723008592,0.00016666375511639902,0.022493576117272946,0.0038792698825052792,medium,0.01022719342834544,0.008398332669609447,0.0075648060250401465,0.010602938
2025-03-31 13:40:00+00:00,4,0.012875799681196985,0.00016578621743031238,0.02261350888639496,0.0038792698825052792,medium,0.010489641431284183,0.007413094575704389,0.007212355799225673,0.008085402
2025-03-31 13:45:00+00:00,4,0.012676761817437314,0.0001607002901760366,0.02266665975361249,0.0038792698825052792,medium,0.010150164553158501,0.006967542411445897,0.006904227590157938,0.0104055805
2025-03-31 13:50:00+00:00,4,0.013078477464811413,0.00017104657279757996,0.022621615045711446,0.0038792698825052792,medium,0.01014759139120338,0.00825381390184137,0.0077404067240107845,0.010749756
2025-03-31 13:55:00+00:00,4,0.011271222675462789,0.00012704046059986655,0.02366834197468639,0.0038792698825052792,medium,0.011457368291738155,0.007733870217225595,0.007471307899309899,0.007394716
2025-03-31 14:00:00+00:00,4,0.01137416967125912,0.0001293717357105908,0.023646122466022178,0.0038792698825052792,medium,0.01141907981177008,0.0077902394852419335,0.007488033934272476,0.00854277
2025-03-31 14:05:00+00:00,4,0.010785753626785749,0.00011633248129772193,0.023932434285104214,0.0038792698825052792,medium,0.01200794225179127,0.00757790855272254,0.007649347052910305,0.008988355
2025-03-31 14:10:00+00:00,4,0.010420697918036346,0.00010859094509896703,0.024143138791240575,0.0038792698825052792,medium,0.01228714428643039,0.008174739651535557,0.0077260430626723735,0.00848746
2025-03-31 14:15:00+00:00,4,0.01008311197374242,0.00010166914707502778,0.02428203157440405,0.0038792698825052792,medium,0.012571634781069835,0.0077468975005196014,0.007597037041961394,0.007665284
2025-03-31 14:20:00+00:00,4,0.009698180502118852,9.405470505167827e-05,0.024440621625676725,0.0038792698825052792,medium,0.01290994338211854,0.008518497060691332,0.00800325986193682,0.0070014303
2025-03-31 14:25:00+00:00,4,0.00993943246957198,9.879231781718175e-05,0.024469049111101523,0.0038792698825052792,medium,0.012886640665115367,0.00770258577875769,0.0073911365371474415,0.008036053
2025-03-31 14:30:00+00:00,4,0.009849592409642238,9.701447063608199e-05,0.024544377714489838,0.0038792698825052792,medium,0.012982186946739157,0.008313583422085262,0.007421030267465844,0.00804298
2025-03-31 14:35:00+00:00,4,0.006329879432169721,4.006737362580527e-05,0.025680508694038973,0.0038792698825052792,medium,0.012909831723008592,0.00822849659222756,0.0074337386815220615,0.008608396
2025-03-31 14:40:00+00:00,4,0.006180956163620017,3.8204219096592284e-05,0.02576760725115671,0.0038792698825052792,medium,0.012875799681196985,0.0074154912829290645,0.006859548565650541,0.008284351
2025-03-31 14:45:00+00:00,4,0.006072818172052569,3.6879120550811904e-05,0.02578977372806472,0.0038792698825052792,medium,0.012676761817437314,0.006605888203647817,0.006843324394037199,0.009270525
2025-03-31 14:50:00+00:00,4,0.0053582653982171035,2.8711008077730698e-05,0.025910703459421352,0.0038792698825052792,medium,0.013078477464811413,0.0063671977479376725,0.006880043070108604,0.009764065
2025-03-31 14:55:00+00:00,4,0.004875723744337367,2.3772682031095197e-05,0.025998988420793318,0.0038792698825052792,medium,0.011271222675462789,0.008284044238435314,0.007471658801468643,0.011030627
2025-03-31 15:00:00+00:00,4,0.005086829661375038,2.5875836003844885e-05,0.02598139722237379,0.0038792698825052792,medium,0.01137416967125912,0.006716717241016793,0.006887264076594723,0.0115489345
2025-03-31 15:05:00+00:00,4,0.005643261896019254,3.184640482706282e-05,0.025994840181145954,0.0038792698825052792,medium,0.010785753626785749,0.007294539363666104,0.007494490588636265,0.010521102
2025-03-31 15:10:00+00:00,4,0.00553129015540242,3.0595170783251725e-05,0.02608396270641309,0.0038792698825052792,medium,0.010420697918036346,0.006446342417156412,0.006143160357724653,0.010885754
2025-03-31 15:15:00+00:00,4,0.005765995951340714,3.32467093108775e-05,0.026075287710025454,0.0038792698825052792,medium,0.01008311197374242,0.005905797704260691,0.006246123986449916,0.011776442
2025-03-31 15:20:00+00:00,4,0.005694497499317632,3.242730176973476e-05,0.026090754392527043,0.0038792698825052792,medium,0.009698180502118852,0.005548603214023217,0.005969731057468389,0.009706364
2025-03-31 15:25:00+00:00,4,0.005140450950629327,2.642423597582596e-05,0.026181733156412753,0.0038792698825052792,medium,0.00993943246957198,0.006041885371988926,0.0066971152939039845,0.008628788
2025-03-31 15:30:00+00:00,4,0.005560106106336149,3.0914779913716524e-05,0.026202344904857143,0.0038792698825052792,medium,0.009849592409642238,0.006674058426646368,0.007216764126047866,0.008235504
2025-03-31 15:35:00+00:00,4,0.005617888247751178,3.1560668364220796e-05,0.026204931862711306,0.0038792698825052792,medium,0.006329879432169721,0.005489436159890741,0.0058758087521058565,0.010077037
2025-03-31 15:40:00+00:00,4,0.005620779680739928,3.159316421941885e-05,0.026247633009479437,0.0038792698825052792,medium,0.006180956163620017,0.005130881139711504,0.0056871540804933444,0.010015996
2025-03-31 15:45:00+00:00,4,0.0056142801263019656,3.152014133658921e-05,0.026233618106470315,0.0038792698825052792,medium,0.006072818172052569,0.004989828877770391,0.005521629320590187,0.0105429785
2025-03-31 15:50:00+00:00,4,0.005422538812545051,2.9403927173557497e-05,0.026267702203086895,0.0038792698825052792,medium,0.0053582653982171035,0.004762144998167318,0.005506115477575764,0.008611688
2025-03-31 15:55:00+00:00,4,0.005664321289366165,3.208453566916677e-05,0.02620144196294744,0.0038792698825052792,medium,0.004875723744337367,0.004299645112913865,0.005273291349294147,0.007420094
2025-03-31 16:00:00+00:00,4,0.005783102313768376,3.344427237151315e-05,0.02628648466184369,0.0038792698825052792,medium,0.005086829661375038,0.004920017735179249,0.005376668649867056,0.009496693
2025-03-31 16:05:00+00:00,4,0.005274683903204251,2.782229027872203e-05,0.02642203628498918,0.0038792698825052792,medium,0.005643261896019254,0.0050172520959389354,0.005514066020427481,0.008771646
2025-03-31 16:10:00+00:00,4,0.005072080871042624,2.5726004362396502e-05,0.026478109994019217,0.0038792698825052792,medium,0.00553129015540242,0.004167560448452463,0.005028410434029711,0.0070944233
2025-03-31 16:15:00+00:00,4,0.00479764523874878,2.301739983688884e-05,0.026530121273806728,0.0038792698825052792,medium,0.005765995951340714,0.005133122533619834,0.0054694330405479176,0.0073804352
2025-03-31 16:20:00+00:00,4,0.005412725909791925,2.9297601774532824e-05,0.026547343136602772,0.0038792698825052792,medium,0.005694497499317632,0.004520959729361008,0.0050974223900171955,0.0077744904
2025-03-31 16:25:00+00:00,4,0.005502782828087739,3.0280618853097302e-05,0.026549283862235002,0.0038792698825052792,medium,0.005140450950629327,0.004291003663918275,0.005172760566787826,0.008050128
2025-03-31 16:30:00+00:00,4,0.0048803757182215015,2.381806715100604e-05,0.026619807293999372,0.0038792698825052792,medium,0.005560106106336149,0.0046294941473814175,0.005245854719510495,0.007558293
2025-03-31 16:35:00+00:00,4,0.00491174942383065,2.4125282402500727e-05,0.026503810529038625,0.0038792698825052792,medium,0.005617888247751178,0.004344522716399813,0.005170757048332449,0.0067940615
2025-03-31 16:40:00+00:00,4,0.004669175718850572,2.1801201893503756e-05,0.026532576163189298,0.0038792698825052792,medium,0.005620779680739928,0.004388312535269136,0.005182210838979602,0.0070571876
2025-03-31 16:45:00+00:00,4,0.006358103115900682,4.0425475232425955e-05,0.02653235678071017,0.0038792698825052792,medium,0.0056142801263019656,0.003857997037206469,0.005077431698617638,0.0062069087
2025-03-31 16:50:00+00:00,4,0.006405062317168122,4.1024823286807074e-05,0.0265031931937119,0.0038792698825052792,medium,0.005422538812545051,0.00431185015305532,0.005208208093953871,0.00641863
2025-03-31 16:55:00+00:00,4,0.006193862601610167,3.836393392762507e-05,0.0265115204437576,0.0038792698825052792,medium,0.005664321289366165,0.004313323846894776,0.004477704679100481,0.0060643693
2025-03-31 17:00:00+00:00,4,0.005828212251320358,3.396805804644071e-05,0.026620172854576296,0.0038792698825052792,medium,0.005783102313768376,0.004115201330852184,0.004642835574886482,0.0075067654
2025-03-31 17:05:00+00:00,4,0.006328022229556564,4.004386533776203e-05,0.02659639687351516,0.0038792698825052792,medium,0.005274683903204251,0.004075265669197866,0.004610023107642119,0.006147967
2025-03-31 17:10:00+00:00,4,0.006736772724286659,4.5384106738692684e-05,0.026592554975720658,0.0038792698825052792,medium,0.005072080871042624,0.0038139538212208566,0.004691561413650072,0.007173205
2025-03-31 17:15:00+00:00,4,0.006731489494102349,4.53129508092103e-05,0.026550598352103733,0.0038792698825052792,medium,0.00479764523874878,0.003958232908057465,0.0046154449552604565,0.00684835
2025-03-31 17:20:00+00:00,4,0.006473781082009432,4.1909841497783206e-05,0.026682696851363596,0.0038792698825052792,medium,0.005412725909791925,0.004040764364832872,0.004468696072009655,0.0063089747
2025-03-31 17:25:00+00:00,4,0.006437019268187012,4.143521705901085e-05,0.026691719175638062,0.0038792698825052792,medium,0.005502782828087739,0.00420305876230155,0.004600054884875228,0.0055938466
2025-03-31 17:30:00+00:00,4,0.006606555890104478,4.364658072907417e-05,0.02668274038094848,0.0038792698825052792,medium,0.0048803757182215015,0.0035264657323793107,0.004393214790297199,0.0046162973
2025-03-31 17:35:00+00:00,4,0.006524406419043918,4.2567879120861477e-05,0.02668513351313215,0.0038792698825052792,medium,0.00491174942383065,0.004085290551047187,0.003928432138000749,0.0045598275
2025-03-31 17:40:00+00:00,4,0.006576950463797496,4.325627740324609e-05,0.026691094317099297,0.0038792698825052792,medium,0.004669175718850572,0.0046061514304444945,0.004456263787562033,0.0048714546
2025-03-31 17:45:00+00:00,4,0.00498094412466026,2.480980437298756e-05,0.02700609446947012,0.0038792698825052792,medium,0.006358103115900682,0.005483680575236255,0.004894710705926846,0.0062744706
2025-03-31 17:50:00+00:00,4,0.004965476428736207,2.4655956164334873e-05,0.02701118786790209,0.0038792698825052792,medium,0.006405062317168122,0.006099207115500559,0.0052967379123358815,0.007747974
2025-03-31 17:55:00+00:00,4,0.004963351173004858,2.4634854866568703e-05,0.026998665726171062,0.0038792698825052792,medium,0.006193862601610167,0.004969900166452762,0.004655618232752334,0.006476855
2025-03-31 18:00:00+00:00,4,0.005473267045142799,2.9956652147446182e-05,0.027023295305967962,0.0038792698825052792,medium,0.005828212251320358,0.004657763738088921,0.0044100690547681076,0.007107927
2025-03-31 18:05:00+00:00,4,0.0047235986745500225,2.2312384438210733e-05,0.027127938311750845,0.0038792698825052792,medium,0.006328022229556564,0.004986551620209611,0.004841820365823649,0.006016252
2025-03-31 18:10:00+00:00,4,0.003977620086049976,1.5821461548948217e-05,0.02717985642393542,0.0038792698825052792,medium,0.006736772724286659,0.005429655248637871,0.005313770808223522,0.005067526
2025-03-31 18:15:00+00:00,4,0.0040170393504560635,1.6136605143112475e-05,0.027163615296289294,0.0038792698825052792,medium,0.006731489494102349,0.005621608230599462,0.005598918598063001,0.006460975
2025-03-31 18:20:00+00:00,4,0.0037745150949150866,1.4246964201741846e-05,0.027235130042545637,0.0038792698825052792,medium,0.006473781082009432,0.004743885967792818,0.004548307163011461,0.0067495075
2025-03-31 18:25:00+00:00,4,0.0038132598833591127,1.4540950938035955e-05,0.02722073809572163,0.0038792698825052792,medium,0.006437019268187012,0.004082575855853261,0.004373069425576457,0.0067047784
2025-03-31 18:30:00+00:00,4,0.004559403906658345,2.078816398405138e-05,0.02725276700779072,0.0038792698825052792,medium,0.006606555890104478,0.004479092432967798,0.004459377653129955,0.0073159533
2025-03-31 18:35:00+00:00,4,0.004684724555299163,2.1946644159022943e-05,0.027195946611179918,0.0038792698825052792,medium,0.006524406419043918,0.00506222926153619,0.005046596889482075,0.007783055
2025-03-31 18:40:00+00:00,4,0.005185850200229496,2.68930422992203e-05,0.027216196087736563,0.0038792698825052792,medium,0.006576950463797496,0.004682941397645487,0.004651114456096076,0.006402414
2025-03-31 18:45:00+00:00,4,0.005163372053796762,2.6660410965929384e-05,0.02722091393034878,0.0038792698825052792,medium,0.00498094412466026,0.004719127617183495,0.0043761496360775354,0.005744828
2025-03-31 18:50:00+00:00,4,0.005527996190759424,3.055874188505071e-05,0.027219370211804327,0.0038792698825052792,medium,0.004965476428736207,0.005042241464034108,0.004812572738652951,0.0047314493
2025-03-31 18:55:00+00:00,4,0.005517965124472137,3.0447939114890804e-05,0.027221413400981376,0.0038792698825052792,medium,0.004963351173004858,0.00407400783485128,0.0043829571382480075,0.0052760006
2025-03-31 19:00:00+00:00,4,0.005309726282208925,2.8193193191980215e-05,0.027339001447724276,0.0038792698825052792,medium,0.005473267045142799,0.004157126455973155,0.004217773720291053,0.0060837427
2025-03-31 19:05:00+00:00,4,0.005309852398035263,2.8194532488920834e-05,0.02727062824351282,0.0038792698825052792,medium,0.0047235986745500225,0.004246449800798537,0.004129922372752793,0.0075902278
2025-03-31 19:10:00+00:00,4,0.006042498577773052,3.651178906238936e-05,0.02723744915274072,0.0038792698825052792,medium,0.003977620086049976,0.0038524639172274303,0.0038231679986404387,0.006643304
2025-03-31 19:15:00+00:00,4,0.006158070700427724,3.792183475146641e-05,0.02722909830242202,0.0038792698825052792,medium,0.0040170393504560635,0.003644988456541739,0.0038036884331023625,0.0054774
2025-03-31 19:20:00+00:00,4,0.006054503638269227,3.6657014305815306e-05,0.02723602576621398,0.0038792698825052792,medium,0.0037745150949150866,0.003894932148471634,0.003896984316969779,0.006282233
2025-03-31 19:25:00+00:00,4,0.006204150083394609,3.849147825728533e-05,0.02725141182691074,0.0038792698825052792,medium,0.0038132598833591127,0.004106188763146895,0.0038586886903288634,0.0057125427
2025-03-31 19:30:00+00:00,4,0.005486612850734871,3.0102920573849024e-05,0.02740400737485775,0.0038792698825052792,medium,0.004559403906658345,0.005327192713284548,0.004533178447132556,0.006729329
2025-03-31 19:35:00+00:00,4,0.005377978461558333,2.892265233298533e-05,0.027418578765940903,0.0038792698825052792,medium,0.004684724555299163,0.004270961316780606,0.003853332422840916,0.0057059657
2025-03-31 19:40:00+00:00,4,0.004780380927619963,2.28520418131527e-05,0.027528486024995275,0.0038792698825052792,medium,0.005185850200229496,0.004902496287409845,0.004468184959404176,0.0067348313
2025-03-31 19:45:00+00:00,4,0.004781861649017171,2.2866200830341212e-05,0.027528397057589325,0.0038792698825052792,medium,0.005163372053796762,0.004416535159064789,0.004633187162946138,0.0061202296
2025-03-31 19:50:00+00:00,4,0.004343858165934292,1.8869103765754034e-05,0.02760609600123968,0.0038792698825052792,medium,0.005527996190759424,0.0055537834063409995,0.005605035511202211,0.0056750677
2025-03-31 19:55:00+00:00,4,0.005731625346574141,3.285152911349114e-05,0.027605238558541613,0.0038792698825052792,medium,0.005517965124472137,0.006294003561197316,0.005901803240257026,0.0073369914
2025-03-31 20:00:00+00:00,4,0.005350331057564856,2.8626042425543076e-05,0.02768625595295568,0.0038792698825052792,medium,0.005309726282208925,0.005246905999965778,0.005872448735516939,0.0062076547
2025-03-31 20:05:00+00:00,4,0.005437743835653906,2.9569058022192063e-05,0.02765707703439417,0.0038792698825052792,medium,0.005309852398035263,0.00501385548548898,0.005443557603589236,0.006623598
2025-03-31 20:10:00+00:00,4,0.0046043053386670574,2.1199627651677964e-05,0.027798547412806178,0.0038792698825052792,medium,0.006042498577773052,0.004914882923581459,0.005635790733826248,0.006936905
2025-03-31 20:15:00+00:00,4,0.004417372792769752,1.9513182390302437e-05,0.027818143630615515,0.0038792698825052792,medium,0.006158070700427724,0.004559121278722171,0.00551783896659308,0.0064988756
2025-03-31 20:20:00+00:00,4,0.004333832001267332,1.8782099815208806e-05,0.027825527272507273,0.0038792698825052792,medium,0.006054503638269227,0.004336783188536415,0.004894613376136732,0.005740354
2025-03-31 20:25:00+00:00,4,0.004273274946248174,1.8260878766232336e-05,0.02787175173796264,0.0038792698825052792,medium,0.006204150083394609,0.004290758305314594,0.004808597158531942,0.0041104895
2025-03-31 20:30:00+00:00,4,0.0044109636448532025,1.9456600276216647e-05,0.027866809346836902,0.0038792698825052792,medium,0.005486612850734871,0.0036974755776525937,0.004743802167102595,0.0053592795
2025-03-31 20:35:00+00:00,4,0.004426005528829073,1.9589524941225523e-05,0.027861401787370225,0.0038792698825052792,medium,0.005377978461558333,0.0037638665192007903,0.004652847955760557,0.0057088095
2025-03-31 20:40:00+00:00,4,0.004483060989185153,2.0097835832753762e-05,0.027859220334640698,0.0038792698825052792,medium,0.004780380927619963,0.0034418338871668244,0.004478795281012826,0.0050652693
2025-03-31 20:45:00+00:00,4,0.004506813960673009,2.0311372076117132e-05,0.027859035448178384,0.0038792698825052792,medium,0.004781861649017171,0.0032716188956611572,0.004355657308028637,0.0048995516
2025-03-31 20:50:00+00:00,4,0.004484606692000892,2.0111697181939185e-05,0.027863439088110183,0.0038792698825052792,medium,0.004343858165934292,0.0032318652110540935,0.0038624045303637363,0.004221245
2025-03-31 20:55:00+00:00,4,0.002671114349494542,7.134851868075649e-06,0.028111055077673537,0.0038792698825052792,medium,0.005731625346574141,0.004648234049610656,0.0057306812653194865,0.005879487
2025-03-31 21:00:00+00:00,4,0.0029177077006622663,8.513018226503888e-06,0.0281120891900275,0.0038792698825052792,medium,0.005350331057564856,0.004050096062373771,0.005191328253395208,0.0057778163
2025-03-31 21:05:00+00:00,4,0.0031050939294928834,9.641608310973555e-06,0.02812669469597138,0.0038792698825052792,medium,0.005437743835653906,0.0041396449033599715,0.00457217209983619,0.005416732
2025-03-31 21:10:00+00:00,4,0.0030911243873543728,9.555049978096945e-06,0.02812831817880299,0.0038792698825052792,medium,0.0046043053386670574,0.0036185229173872476,0.004209628216119866,0.004197987
2025-03-31 21:15:00+00:00,4,0.0031046055562647585,9.638575659990012e-06,0.028122258230053623,0.0038792698825052792,medium,0.004417372792769752,0.003170367009011699,0.00386656220030737,0.004299527
2025-03-31 21:20:00+00:00,4,0.003371898097149324,1.1369696777559233e-05,0.028121798938230913,0.0038792698825052792,medium,0.004333832001267332,0.003334148717988678,0.004284958928886276,0.0043949233
2025-03-31 21:25:00+00:00,4,0.003028001212940371,9.168791345568356e-06,0.028158188368944317,0.0038792698825052792,medium,0.004273274946248174,0.0038572224133242264,0.004103405898102427,0.002611187
2025-03-31 21:30:00+00:00,4,0.002810626862333483,7.899623359270559e-06,0.028181820477322265,0.0038792698825052792,medium,0.0044109636448532025,0.0039809260806314365,0.004661211469029067,0.004652965
2025-03-31 21:35:00+00:00,4,0.0027925165518544446,7.798148692381037e-06,0.02818405486324061,0.0038792698825052792,medium,0.004426005528829073,0.003042922385930651,0.003944410196137557,0.0038510438
2025-03-31 21:40:00+00:00,4,0.002731543015539769,7.461327245744094e-06,0.028176890208949743,0.0038792698825052792,medium,0.004483060989185153,0.0029198479306541355,0.0037783672183028484,0.0031740465
2025-03-31 21:45:00+00:00,4,0.0026850306228243747,7.209389445504648e-06,0.02803137613521123,0.0038792698825052792,medium,0.004506813960673009,0.0034129715471512244,0.00433639386801836,0.004106446
2025-03-31 21:50:00+00:00,4,0.0026543995779035527,7.045837119174559e-06,0.0280068356250971,0.0038792698825052792,medium,0.004484606692000892,0.0033200269742962763,0.0043754122338977115,0.004340429
2025-03-31 21:55:00+00:00,4,0.0024687502679458496,6.0947278854827034e-06,0.02802418275217794,0.0038792698825052792,medium,0.002671114349494542,0.0030665846607526386,0.004029441444411324,0.003012744
2025-03-31 22:00:00+00:00,4,0.0021517127677766956,4.629867835013248e-06,0.028027564467604925,0.0038792698825052792,medium,0.0029177077006622663,0.002907157831122896,0.0039638657357813425,0.0031608506
2025-03-31 22:05:00+00:00,4,0.002108085822802216,4.444025836299697e-06,0.027739214486837246,0.0038792698825052792,medium,0.0031050939294928834,0.0038708984050548735,0.004703053865728086,0.00424373
2025-03-31 22:10:00+00:00,4,0.0021683107853015266,4.701571661654923e-06,0.027583832586707775,0.0038792698825052792,medium,0.0030911243873543728,0.0032277678825992045,0.004363990806996546,0.0036802206
2025-03-31 22:15:00+00:00,4,0.002130731223852782,4.540015548301174e-06,0.02741546604344896,0.0038792698825052792,medium,0.0031046055562647585,0.003133991512318909,0.004052704059527697,0.0039463053
2025-03-31 22:20:00+00:00,4,0.0017905981441512081,3.206241713837751e-06,0.027447162143969354,0.0038792698825052792,medium,0.003371898097149324,0.004160049624007601,0.004373467300143869,0.004657173
2025-03-31 22:25:00+00:00,4,0.0021111415706819387,4.4569187314614025e-06,0.027383934702696854,0.0038792698825052792,medium,0.003028001212940371,0.0033863341202946995,0.004029612939850188,0.0045536673
2025-03-31 22:30:00+00:00,4,0.002268857818023818,5.1477157984077996e-06,0.02731595174097485,0.0038792698825052792,medium,0.002810626862333483,0.0031183971268310164,0.0033711679018400722,0.0036680673
2025-03-31 22:35:00+00:00,4,0.002419787806634017,5.8553730291346666e-06,0.027299106317928257,0.0038792698825052792,medium,0.0027925165518544446,0.0032611570570569536,0.0037441449382516322,0.0042168875
2025-03-31 22:40:00+00:00,4,0.0024786654070799237,6.1437822002546835e-06,0.02701014744070254,0.0038792698825052792,medium,0.002731543015539769,0.003043927827150597,0.003688252642879408,0.0043171374
2025-03-31 22:45:00+00:00,4,0.0024804310735436564,6.1525383106009345e-06,0.026976287008147096,0.0038792698825052792,medium,0.0026850306228243747,0.002947949294281763,0.0034317361038921925,0.004007191
2025-03-31 22:50:00+00:00,4,0.0025639339116771244,6.57375710344796e-06,0.026977054593261857,0.0038792698825052792,medium,0.0026543995779035527,0.0028512241132032973,0.0034222251152971096,0.0037096457
2025-03-31 22:55:00+00:00,4,0.003101587041999129,9.619842179096906e-06,0.026949827076850955,0.0038792698825052792,medium,0.0024687502679458496,0.002846264745498005,0.0033711398308783917,0.0036238674
